0 verbose cli C:\Program Files\nodejs\node.exe C:\Program Files\nodejs\node_modules\npm\bin\npm-cli.js
1 info using npm@10.9.0
2 info using node@v22.12.0
3 silly config load:file:C:\Program Files\nodejs\node_modules\npm\npmrc
4 silly config load:file:C:\Users\alfon\Desktop\LF SITE\.npmrc
5 silly config load:file:C:\Users\alfon\.npmrc
6 silly config load:file:C:\Users\alfon\AppData\Roaming\npm\etc\npmrc
7 verbose title npm install
8 verbose argv "install" "--cache" ".npm-cache"
9 verbose logfile logs-max:10 dir:C:\Users\alfon\Desktop\LF SITE\.npm-cache\_logs\2026-09-03T15_44_34_637Z-
10 verbose logfile C:\Users\alfon\Desktop\LF SITE\.npm-cache\_logs\2026-09-03T15_44_34_637Z-debug-0.log
11 silly logfile done cleaning log files
12 silly packumentCache heap:4345298944 maxSize:1086324736 maxEntrySize:543162368
13 silly idealTree buildDeps
14 silly fetch manifest @base-ui/react@^1.5.0
15 silly packumentCache full:https://registry.npmjs.org/@base-ui%2freact cache-miss
16 http fetch GET 200 https://registry.npmjs.org/npm 251ms
17 http fetch GET 200 https://registry.npmjs.org/@base-ui%2freact 359ms (cache miss)
18 silly packumentCache full:https://registry.npmjs.org/@base-ui%2freact set size:undefined disposed:false
19 silly fetch manifest @date-fns/tz@^1.2.0
20 silly packumentCache full:https://registry.npmjs.org/@date-fns%2ftz cache-miss
21 http fetch GET 200 https://registry.npmjs.org/@date-fns%2ftz 64ms (cache miss)
22 silly packumentCache full:https://registry.npmjs.org/@date-fns%2ftz set size:undefined disposed:false
23 silly fetch manifest @types/react@^19
24 silly packumentCache full:https://registry.npmjs.org/@types%2freact cache-miss
25 http fetch GET 200 https://registry.npmjs.org/@types%2freact 150ms (cache miss)
26 silly packumentCache full:https://registry.npmjs.org/@types%2freact set size:undefined disposed:false
27 silly fetch manifest date-fns@^4.0.0
28 silly packumentCache full:https://registry.npmjs.org/date-fns cache-miss
29 http fetch GET 200 https://registry.npmjs.org/date-fns 312ms (cache miss)
30 silly packumentCache full:https://registry.npmjs.org/date-fns set size:undefined disposed:false
31 silly fetch manifest react@^19
32 silly packumentCache full:https://registry.npmjs.org/react cache-miss
33 http fetch GET 200 https://registry.npmjs.org/react 235ms (cache miss)
34 silly packumentCache full:https://registry.npmjs.org/react set size:undefined disposed:false
35 silly fetch manifest react-dom@^19
36 silly packumentCache full:https://registry.npmjs.org/react-dom cache-miss
37 http fetch GET 200 https://registry.npmjs.org/react-dom 177ms (cache miss)
38 silly packumentCache full:https://registry.npmjs.org/react-dom set size:undefined disposed:false
39 silly fetch manifest @vercel/analytics@1.6.1
40 silly packumentCache full:https://registry.npmjs.org/@vercel%2fanalytics cache-miss
41 http fetch GET 200 https://registry.npmjs.org/@vercel%2fanalytics 75ms (cache miss)
42 silly packumentCache full:https://registry.npmjs.org/@vercel%2fanalytics set size:undefined disposed:false
43 silly fetch manifest @remix-run/react@^2
44 silly packumentCache full:https://registry.npmjs.org/@remix-run%2freact cache-miss
45 http fetch GET 200 https://registry.npmjs.org/@remix-run%2freact 518ms (cache miss)
46 silly packumentCache full:https://registry.npmjs.org/@remix-run%2freact set size:undefined disposed:false
47 silly fetch manifest react@^18.0.0
48 silly packumentCache full:https://registry.npmjs.org/react cache-miss
49 http fetch GET 200 https://registry.npmjs.org/react 14ms (cache hit)
50 silly packumentCache full:https://registry.npmjs.org/react set size:6941508 disposed:false
51 silly fetch manifest react-dom@^18.0.0
52 silly packumentCache full:https://registry.npmjs.org/react-dom cache-miss
53 http fetch GET 200 https://registry.npmjs.org/react-dom 19ms (cache hit)
54 silly packumentCache full:https://registry.npmjs.org/react-dom set size:9336812 disposed:false
55 silly fetch manifest typescript@5.7.3
56 silly packumentCache full:https://registry.npmjs.org/typescript cache-miss
57 http fetch GET 200 https://registry.npmjs.org/typescript 363ms (cache miss)
58 silly packumentCache full:https://registry.npmjs.org/typescript set size:undefined disposed:false
59 silly fetch manifest @sveltejs/kit@^1 || ^2
60 silly packumentCache full:https://registry.npmjs.org/@sveltejs%2fkit cache-miss
61 http fetch GET 200 https://registry.npmjs.org/@sveltejs%2fkit 137ms (cache miss)
62 silly packumentCache full:https://registry.npmjs.org/@sveltejs%2fkit set size:undefined disposed:false
63 silly fetch manifest @opentelemetry/api@^1.0.0
64 silly packumentCache full:https://registry.npmjs.org/@opentelemetry%2fapi cache-miss
65 http fetch GET 200 https://registry.npmjs.org/@opentelemetry%2fapi 77ms (cache miss)
66 silly packumentCache full:https://registry.npmjs.org/@opentelemetry%2fapi set size:undefined disposed:false
67 silly fetch manifest @sveltejs/vite-plugin-svelte@^3.0.0 || ^4.0.0-next.1 || ^5.0.0 || ^6.0.0-next.0 || ^7.0.0
68 silly packumentCache full:https://registry.npmjs.org/@sveltejs%2fvite-plugin-svelte cache-miss
69 http fetch GET 200 https://registry.npmjs.org/@sveltejs%2fvite-plugin-svelte 67ms (cache miss)
70 silly packumentCache full:https://registry.npmjs.org/@sveltejs%2fvite-plugin-svelte set size:undefined disposed:false
71 silly fetch manifest svelte@^5.46.4
72 silly packumentCache full:https://registry.npmjs.org/svelte cache-miss
73 http fetch GET 200 https://registry.npmjs.org/svelte 150ms (cache miss)
74 silly packumentCache full:https://registry.npmjs.org/svelte set size:undefined disposed:false
75 silly fetch manifest vite@^8.0.0-beta.7 || ^8.0.0
76 silly packumentCache full:https://registry.npmjs.org/vite cache-miss
77 http fetch GET 200 https://registry.npmjs.org/vite 1315ms (cache miss)
78 silly packumentCache full:https://registry.npmjs.org/vite set size:undefined disposed:false
79 silly fetch manifest @types/node@^24
80 silly packumentCache full:https://registry.npmjs.org/@types%2fnode cache-miss
81 http fetch GET 200 https://registry.npmjs.org/@types%2fnode 268ms (cache miss)
82 silly packumentCache full:https://registry.npmjs.org/@types%2fnode set size:undefined disposed:false
83 silly fetch manifest @vitejs/devtools@^0.4.0 || ^0.5.0
84 silly packumentCache full:https://registry.npmjs.org/@vitejs%2fdevtools cache-miss
85 http fetch GET 200 https://registry.npmjs.org/@vitejs%2fdevtools 61ms (cache miss)
86 silly packumentCache full:https://registry.npmjs.org/@vitejs%2fdevtools set size:undefined disposed:false
87 silly fetch manifest @vitejs/devtools-oxc@^0.5.2
88 silly packumentCache full:https://registry.npmjs.org/@vitejs%2fdevtools-oxc cache-miss
89 http fetch GET 200 https://registry.npmjs.org/@vitejs%2fdevtools-oxc 85ms (cache miss)
90 silly packumentCache full:https://registry.npmjs.org/@vitejs%2fdevtools-oxc set size:undefined disposed:false
91 silly fetch manifest @vitejs/devtools-rolldown@^0.5.2
92 silly packumentCache full:https://registry.npmjs.org/@vitejs%2fdevtools-rolldown cache-miss
93 http fetch GET 200 https://registry.npmjs.org/@vitejs%2fdevtools-rolldown 58ms (cache miss)
94 silly packumentCache full:https://registry.npmjs.org/@vitejs%2fdevtools-rolldown set size:undefined disposed:false
95 silly fetch manifest @vitejs/devtools-vite@^0.5.2
96 silly packumentCache full:https://registry.npmjs.org/@vitejs%2fdevtools-vite cache-miss
97 http fetch GET 200 https://registry.npmjs.org/@vitejs%2fdevtools-vite 68ms (cache miss)
98 silly packumentCache full:https://registry.npmjs.org/@vitejs%2fdevtools-vite set size:undefined disposed:false
99 silly fetch manifest @vitejs/devtools-vitest@^0.5.2
100 silly packumentCache full:https://registry.npmjs.org/@vitejs%2fdevtools-vitest cache-miss
101 http fetch GET 200 https://registry.npmjs.org/@vitejs%2fdevtools-vitest 76ms (cache miss)
102 silly packumentCache full:https://registry.npmjs.org/@vitejs%2fdevtools-vitest set size:undefined disposed:false
103 silly fetch manifest vitest@*
104 silly packumentCache full:https://registry.npmjs.org/vitest cache-miss
105 http fetch GET 200 https://registry.npmjs.org/vitest 294ms (cache miss)
106 silly packumentCache full:https://registry.npmjs.org/vitest set size:undefined disposed:false
107 silly fetch manifest @edge-runtime/vm@*
108 silly packumentCache full:https://registry.npmjs.org/@edge-runtime%2fvm cache-miss
109 http fetch GET 200 https://registry.npmjs.org/@edge-runtime%2fvm 59ms (cache miss)
110 silly packumentCache full:https://registry.npmjs.org/@edge-runtime%2fvm set size:undefined disposed:false
111 silly fetch manifest @vitest/browser-playwright@5.0.0
112 silly packumentCache full:https://registry.npmjs.org/@vitest%2fbrowser-playwright cache-miss
113 http fetch GET 200 https://registry.npmjs.org/@vitest%2fbrowser-playwright 60ms (cache miss)
114 silly packumentCache full:https://registry.npmjs.org/@vitest%2fbrowser-playwright set size:undefined disposed:false
115 silly fetch manifest playwright@*
116 silly packumentCache full:https://registry.npmjs.org/playwright cache-miss
117 http fetch GET 200 https://registry.npmjs.org/playwright 424ms (cache miss)
118 silly packumentCache full:https://registry.npmjs.org/playwright set size:undefined disposed:false
119 silly fetch manifest @vitest/browser-preview@5.0.0
120 silly packumentCache full:https://registry.npmjs.org/@vitest%2fbrowser-preview cache-miss
121 http fetch GET 200 https://registry.npmjs.org/@vitest%2fbrowser-preview 70ms (cache miss)
122 silly packumentCache full:https://registry.npmjs.org/@vitest%2fbrowser-preview set size:undefined disposed:false
123 silly fetch manifest @vitest/browser-webdriverio@^5.0.0-beta.5 || >=5.0.0
124 silly packumentCache full:https://registry.npmjs.org/@vitest%2fbrowser-webdriverio cache-miss
125 http fetch GET 200 https://registry.npmjs.org/@vitest%2fbrowser-webdriverio 58ms (cache miss)
126 silly packumentCache full:https://registry.npmjs.org/@vitest%2fbrowser-webdriverio set size:undefined disposed:false
127 silly fetch manifest webdriverio@*
128 silly packumentCache full:https://registry.npmjs.org/webdriverio cache-miss
129 http fetch GET 200 https://registry.npmjs.org/webdriverio 153ms (cache miss)
130 silly packumentCache full:https://registry.npmjs.org/webdriverio set size:undefined disposed:false
131 silly fetch manifest puppeteer-core@>=22.x <=24.x
132 silly packumentCache full:https://registry.npmjs.org/puppeteer-core cache-miss
133 http fetch GET 200 https://registry.npmjs.org/puppeteer-core 67ms (cache miss)
134 silly packumentCache full:https://registry.npmjs.org/puppeteer-core set size:undefined disposed:false
135 silly fetch manifest @vitest/coverage-istanbul@5.0.0
136 silly packumentCache full:https://registry.npmjs.org/@vitest%2fcoverage-istanbul cache-miss
137 http fetch GET 200 https://registry.npmjs.org/@vitest%2fcoverage-istanbul 82ms (cache miss)
138 silly packumentCache full:https://registry.npmjs.org/@vitest%2fcoverage-istanbul set size:undefined disposed:false
139 silly fetch manifest @vitest/coverage-v8@5.0.0
140 silly packumentCache full:https://registry.npmjs.org/@vitest%2fcoverage-v8 cache-miss
141 http fetch GET 200 https://registry.npmjs.org/@vitest%2fcoverage-v8 76ms (cache miss)
142 silly packumentCache full:https://registry.npmjs.org/@vitest%2fcoverage-v8 set size:undefined disposed:false
143 silly fetch manifest @vitest/browser@5.0.0
144 silly packumentCache full:https://registry.npmjs.org/@vitest%2fbrowser cache-miss
145 http fetch GET 200 https://registry.npmjs.org/@vitest%2fbrowser 126ms (cache miss)
146 silly packumentCache full:https://registry.npmjs.org/@vitest%2fbrowser set size:undefined disposed:false
147 silly fetch manifest @vitest/ui@5.0.0
148 silly packumentCache full:https://registry.npmjs.org/@vitest%2fui cache-miss
149 http fetch GET 200 https://registry.npmjs.org/@vitest%2fui 280ms (cache miss)
150 silly packumentCache full:https://registry.npmjs.org/@vitest%2fui set size:undefined disposed:false
151 silly fetch manifest happy-dom@*
152 silly packumentCache full:https://registry.npmjs.org/happy-dom cache-miss
153 http fetch GET 200 https://registry.npmjs.org/happy-dom 133ms (cache miss)
154 silly packumentCache full:https://registry.npmjs.org/happy-dom set size:undefined disposed:false
155 silly fetch manifest jsdom@*
156 silly packumentCache full:https://registry.npmjs.org/jsdom cache-miss
157 http fetch GET 200 https://registry.npmjs.org/jsdom 64ms (cache miss)
158 silly packumentCache full:https://registry.npmjs.org/jsdom set size:undefined disposed:false
159 silly fetch manifest canvas@^3.0.0
160 silly packumentCache full:https://registry.npmjs.org/canvas cache-miss
161 http fetch GET 200 https://registry.npmjs.org/canvas 93ms (cache miss)
162 silly packumentCache full:https://registry.npmjs.org/canvas set size:undefined disposed:false
163 silly fetch manifest esbuild@^0.27.0 || ^0.28.0
164 silly packumentCache full:https://registry.npmjs.org/esbuild cache-miss
165 http fetch GET 200 https://registry.npmjs.org/esbuild 93ms (cache miss)
166 silly packumentCache full:https://registry.npmjs.org/esbuild set size:undefined disposed:false
167 silly fetch manifest jiti@>=1.21.0
168 silly packumentCache full:https://registry.npmjs.org/jiti cache-miss
169 http fetch GET 200 https://registry.npmjs.org/jiti 65ms (cache miss)
170 silly packumentCache full:https://registry.npmjs.org/jiti set size:undefined disposed:false
171 silly fetch manifest less@^4.0.0
172 silly packumentCache full:https://registry.npmjs.org/less cache-miss
173 http fetch GET 200 https://registry.npmjs.org/less 50ms (cache miss)
174 silly packumentCache full:https://registry.npmjs.org/less set size:undefined disposed:false
175 silly fetch manifest sass@^1.70.0
176 silly packumentCache full:https://registry.npmjs.org/sass cache-miss
177 http fetch GET 200 https://registry.npmjs.org/sass 127ms (cache miss)
178 silly packumentCache full:https://registry.npmjs.org/sass set size:undefined disposed:false
179 silly fetch manifest sass-embedded@^1.70.0
180 silly packumentCache full:https://registry.npmjs.org/sass-embedded cache-miss
181 http fetch GET 200 https://registry.npmjs.org/sass-embedded 53ms (cache miss)
182 silly packumentCache full:https://registry.npmjs.org/sass-embedded set size:undefined disposed:false
183 silly fetch manifest stylus@>=0.54.8
184 silly packumentCache full:https://registry.npmjs.org/stylus cache-miss
185 http fetch GET 200 https://registry.npmjs.org/stylus 71ms (cache miss)
186 silly packumentCache full:https://registry.npmjs.org/stylus set size:undefined disposed:false
187 silly fetch manifest sugarss@^5.0.0
188 silly packumentCache full:https://registry.npmjs.org/sugarss cache-miss
189 http fetch GET 200 https://registry.npmjs.org/sugarss 40ms (cache miss)
190 silly packumentCache full:https://registry.npmjs.org/sugarss set size:undefined disposed:false
191 silly fetch manifest postcss@^8.5
192 silly packumentCache full:https://registry.npmjs.org/postcss cache-miss
193 http fetch GET 200 https://registry.npmjs.org/postcss 88ms (cache miss)
194 silly packumentCache full:https://registry.npmjs.org/postcss set size:undefined disposed:false
195 silly fetch manifest terser@^5.16.0
196 silly packumentCache full:https://registry.npmjs.org/terser cache-miss
197 http fetch GET 200 https://registry.npmjs.org/terser 62ms (cache miss)
198 silly packumentCache full:https://registry.npmjs.org/terser set size:undefined disposed:false
199 silly fetch manifest tsx@^4.8.1
200 silly packumentCache full:https://registry.npmjs.org/tsx cache-miss
201 http fetch GET 200 https://registry.npmjs.org/tsx 63ms (cache miss)
202 silly packumentCache full:https://registry.npmjs.org/tsx set size:undefined disposed:false
203 silly fetch manifest yaml@^2.4.2
204 silly packumentCache full:https://registry.npmjs.org/yaml cache-miss
205 http fetch GET 200 https://registry.npmjs.org/yaml 54ms (cache miss)
206 silly packumentCache full:https://registry.npmjs.org/yaml set size:undefined disposed:false
207 silly fetch manifest next@16.3.3
208 silly packumentCache full:https://registry.npmjs.org/next cache-miss
209 http fetch GET 200 https://registry.npmjs.org/next 759ms (cache miss)
210 silly packumentCache full:https://registry.npmjs.org/next set size:undefined disposed:false
211 silly fetch manifest @playwright/test@^1.51.1
212 silly packumentCache full:https://registry.npmjs.org/@playwright%2ftest cache-miss
213 http fetch GET 200 https://registry.npmjs.org/@playwright%2ftest 249ms (cache miss)
214 silly packumentCache full:https://registry.npmjs.org/@playwright%2ftest set size:undefined disposed:false
215 silly fetch manifest babel-plugin-react-compiler@*
216 silly packumentCache full:https://registry.npmjs.org/babel-plugin-react-compiler cache-miss
217 http fetch GET 200 https://registry.npmjs.org/babel-plugin-react-compiler 91ms (cache miss)
218 silly packumentCache full:https://registry.npmjs.org/babel-plugin-react-compiler set size:undefined disposed:false
219 silly fetch manifest vue@^3
220 silly packumentCache full:https://registry.npmjs.org/vue cache-miss
221 http fetch GET 200 https://registry.npmjs.org/vue 87ms (cache miss)
222 silly packumentCache full:https://registry.npmjs.org/vue set size:undefined disposed:false
223 silly fetch manifest vue-router@^4
224 silly packumentCache full:https://registry.npmjs.org/vue-router cache-miss
225 http fetch GET 200 https://registry.npmjs.org/vue-router 82ms (cache miss)
226 silly packumentCache full:https://registry.npmjs.org/vue-router set size:undefined disposed:false
227 silly fetch manifest class-variance-authority@^0.7.1
228 silly packumentCache full:https://registry.npmjs.org/class-variance-authority cache-miss
229 http fetch GET 200 https://registry.npmjs.org/class-variance-authority 42ms (cache miss)
230 silly packumentCache full:https://registry.npmjs.org/class-variance-authority set size:undefined disposed:false
231 silly fetch manifest clsx@^2.1.1
232 silly packumentCache full:https://registry.npmjs.org/clsx cache-miss
233 http fetch GET 200 https://registry.npmjs.org/clsx 53ms (cache miss)
234 silly packumentCache full:https://registry.npmjs.org/clsx set size:undefined disposed:false
235 silly fetch manifest gray-matter@^4.0.3
236 silly packumentCache full:https://registry.npmjs.org/gray-matter cache-miss
237 http fetch GET 200 https://registry.npmjs.org/gray-matter 47ms (cache miss)
238 silly packumentCache full:https://registry.npmjs.org/gray-matter set size:undefined disposed:false
239 silly fetch manifest lucide-react@^1.16.0
240 silly packumentCache full:https://registry.npmjs.org/lucide-react cache-miss
241 http fetch GET 200 https://registry.npmjs.org/lucide-react 109ms (cache miss)
242 silly packumentCache full:https://registry.npmjs.org/lucide-react set size:undefined disposed:false
243 silly fetch manifest @opentelemetry/api@^1.1.0
244 silly packumentCache full:https://registry.npmjs.org/@opentelemetry%2fapi cache-miss
245 http fetch GET 200 https://registry.npmjs.org/@opentelemetry%2fapi 5ms (cache hit)
246 silly packumentCache full:https://registry.npmjs.org/@opentelemetry%2fapi set size:272967 disposed:false
247 silly fetch manifest sass@^1.3.0
248 silly packumentCache full:https://registry.npmjs.org/sass cache-miss
249 http fetch GET 200 https://registry.npmjs.org/sass 4ms (cache hit)
250 silly packumentCache full:https://registry.npmjs.org/sass set size:747752 disposed:false
251 silly fetch manifest next-mdx-remote@^6.0.0
252 silly packumentCache full:https://registry.npmjs.org/next-mdx-remote cache-miss
253 http fetch GET 200 https://registry.npmjs.org/next-mdx-remote 49ms (cache miss)
254 silly packumentCache full:https://registry.npmjs.org/next-mdx-remote set size:undefined disposed:false
255 silly fetch manifest remark-gfm@^4.0.1
256 silly packumentCache full:https://registry.npmjs.org/remark-gfm cache-miss
257 http fetch GET 200 https://registry.npmjs.org/remark-gfm 53ms (cache miss)
258 silly packumentCache full:https://registry.npmjs.org/remark-gfm set size:undefined disposed:false
259 silly fetch manifest shadcn@^4.11.0
260 silly packumentCache full:https://registry.npmjs.org/shadcn cache-miss
261 http fetch GET 200 https://registry.npmjs.org/shadcn 58ms (cache miss)
262 silly packumentCache full:https://registry.npmjs.org/shadcn set size:undefined disposed:false
263 silly fetch manifest tailwind-merge@^3.3.1
264 silly packumentCache full:https://registry.npmjs.org/tailwind-merge cache-miss
265 http fetch GET 200 https://registry.npmjs.org/tailwind-merge 89ms (cache miss)
266 silly packumentCache full:https://registry.npmjs.org/tailwind-merge set size:undefined disposed:false
267 silly fetch manifest tw-animate-css@^1.4.0
268 silly packumentCache full:https://registry.npmjs.org/tw-animate-css cache-miss
269 http fetch GET 200 https://registry.npmjs.org/tw-animate-css 47ms (cache miss)
270 silly packumentCache full:https://registry.npmjs.org/tw-animate-css set size:undefined disposed:false
271 silly fetch manifest @tailwindcss/postcss@^4.3.3
272 silly packumentCache full:https://registry.npmjs.org/@tailwindcss%2fpostcss cache-miss
273 http fetch GET 200 https://registry.npmjs.org/@tailwindcss%2fpostcss 129ms (cache miss)
274 silly packumentCache full:https://registry.npmjs.org/@tailwindcss%2fpostcss set size:undefined disposed:false
275 silly fetch manifest @types/react-dom@^19
276 silly packumentCache full:https://registry.npmjs.org/@types%2freact-dom cache-miss
277 http fetch GET 200 https://registry.npmjs.org/@types%2freact-dom 244ms (cache miss)
278 silly packumentCache full:https://registry.npmjs.org/@types%2freact-dom set size:undefined disposed:false
279 silly fetch manifest tailwindcss@^4.3.3
280 silly packumentCache full:https://registry.npmjs.org/tailwindcss cache-miss
281 http fetch GET 200 https://registry.npmjs.org/tailwindcss 2095ms (cache miss)
282 silly packumentCache full:https://registry.npmjs.org/tailwindcss set size:undefined disposed:false
283 silly placeDep ROOT @base-ui/react@1.7.0 OK for: my-project@0.1.0 want: ^1.5.0
284 silly placeDep ROOT react@19.2.8 OK for: @base-ui/react@1.7.0 want: ^17 || ^18 || ^19
285 silly placeDep ROOT react-dom@19.2.8 OK for: @base-ui/react@1.7.0 want: ^17 || ^18 || ^19
286 silly placeDep ROOT @tailwindcss/postcss@4.3.3 OK for: my-project@0.1.0 want: ^4.3.3
287 silly placeDep ROOT @types/node@24.13.3 OK for: my-project@0.1.0 want: ^24
288 silly placeDep ROOT @types/react@19.2.18 OK for: my-project@0.1.0 want: ^19
289 silly placeDep ROOT @types/react-dom@19.2.7 OK for: my-project@0.1.0 want: ^19
290 silly placeDep ROOT @vercel/analytics@1.6.1 OK for: my-project@0.1.0 want: 1.6.1
291 silly placeDep ROOT class-variance-authority@0.7.1 OK for: my-project@0.1.0 want: ^0.7.1
292 silly placeDep ROOT clsx@2.1.1 OK for: my-project@0.1.0 want: ^2.1.1
293 silly placeDep ROOT gray-matter@4.0.3 OK for: my-project@0.1.0 want: ^4.0.3
294 silly placeDep ROOT lucide-react@1.40.0 OK for: my-project@0.1.0 want: ^1.16.0
295 silly placeDep ROOT next@16.3.3 OK for: my-project@0.1.0 want: 16.3.3
296 silly placeDep ROOT next-mdx-remote@6.0.0 OK for: my-project@0.1.0 want: ^6.0.0
297 silly placeDep ROOT postcss@8.5.28 OK for: my-project@0.1.0 want: ^8.5
298 silly placeDep ROOT remark-gfm@4.0.1 OK for: my-project@0.1.0 want: ^4.0.1
299 silly placeDep ROOT shadcn@4.20.1 OK for: my-project@0.1.0 want: ^4.11.0
300 silly placeDep ROOT tailwind-merge@3.6.0 OK for: my-project@0.1.0 want: ^3.3.1
301 silly placeDep ROOT tailwindcss@4.3.3 OK for: my-project@0.1.0 want: ^4.3.3
302 silly placeDep ROOT tw-animate-css@1.4.0 OK for: my-project@0.1.0 want: ^1.4.0
303 silly placeDep ROOT typescript@5.7.3 OK for: my-project@0.1.0 want: 5.7.3
304 silly fetch manifest @babel/runtime@^7.29.2
305 silly packumentCache full:https://registry.npmjs.org/@babel%2fruntime cache-miss
306 silly fetch manifest @base-ui/utils@0.3.2
307 silly packumentCache full:https://registry.npmjs.org/@base-ui%2futils cache-miss
308 silly fetch manifest @floating-ui/utils@^0.2.12
309 silly packumentCache full:https://registry.npmjs.org/@floating-ui%2futils cache-miss
310 silly fetch manifest @floating-ui/react-dom@^2.1.9
311 silly packumentCache full:https://registry.npmjs.org/@floating-ui%2freact-dom cache-miss
312 silly fetch manifest use-sync-external-store@^1.6.0
313 silly packumentCache full:https://registry.npmjs.org/use-sync-external-store cache-miss
314 silly fetch manifest scheduler@^0.27.0
315 silly packumentCache full:https://registry.npmjs.org/scheduler cache-miss
316 silly fetch manifest postcss@^8.5.16
317 silly packumentCache full:https://registry.npmjs.org/postcss cache-miss
318 silly fetch manifest tailwindcss@4.3.3
319 silly packumentCache full:https://registry.npmjs.org/tailwindcss cache-miss
320 silly fetch manifest @alloc/quick-lru@^5.2.0
321 silly packumentCache full:https://registry.npmjs.org/@alloc%2fquick-lru cache-miss
322 silly fetch manifest @tailwindcss/node@4.3.3
323 silly packumentCache full:https://registry.npmjs.org/@tailwindcss%2fnode cache-miss
324 silly fetch manifest @tailwindcss/oxide@4.3.3
325 silly packumentCache full:https://registry.npmjs.org/@tailwindcss%2foxide cache-miss
326 silly fetch manifest undici-types@~7.18.0
327 silly packumentCache full:https://registry.npmjs.org/undici-types cache-miss
328 silly fetch manifest csstype@^3.2.2
329 silly packumentCache full:https://registry.npmjs.org/csstype cache-miss
330 silly fetch manifest js-yaml@^3.13.1
331 silly packumentCache full:https://registry.npmjs.org/js-yaml cache-miss
332 silly fetch manifest kind-of@^6.0.2
333 silly packumentCache full:https://registry.npmjs.org/kind-of cache-miss
334 silly fetch manifest section-matter@^1.0.0
335 silly packumentCache full:https://registry.npmjs.org/section-matter cache-miss
336 silly fetch manifest strip-bom-string@^1.0.0
337 silly packumentCache full:https://registry.npmjs.org/strip-bom-string cache-miss
338 silly fetch manifest postcss@8.5.23
339 silly packumentCache full:https://registry.npmjs.org/postcss cache-miss
340 silly fetch manifest @next/env@16.3.3
341 silly packumentCache full:https://registry.npmjs.org/@next%2fenv cache-miss
342 silly fetch manifest styled-jsx@5.1.6
343 silly packumentCache full:https://registry.npmjs.org/styled-jsx cache-miss
344 silly fetch manifest @swc/helpers@0.5.23
345 silly packumentCache full:https://registry.npmjs.org/@swc%2fhelpers cache-miss
346 silly fetch manifest caniuse-lite@^1.0.30001579
347 silly packumentCache full:https://registry.npmjs.org/caniuse-lite cache-miss
348 silly fetch manifest baseline-browser-mapping@^2.9.19
349 silly packumentCache full:https://registry.npmjs.org/baseline-browser-mapping cache-miss
350 silly fetch manifest sharp@^0.35.3
351 silly packumentCache full:https://registry.npmjs.org/sharp cache-miss
352 silly fetch manifest @next/swc-darwin-x64@16.3.3
353 silly packumentCache full:https://registry.npmjs.org/@next%2fswc-darwin-x64 cache-miss
354 silly fetch manifest @next/swc-darwin-arm64@16.3.3
355 silly packumentCache full:https://registry.npmjs.org/@next%2fswc-darwin-arm64 cache-miss
356 silly fetch manifest @next/swc-linux-x64-gnu@16.3.3
357 silly packumentCache full:https://registry.npmjs.org/@next%2fswc-linux-x64-gnu cache-miss
358 http fetch GET 200 https://registry.npmjs.org/postcss 19ms (cache hit)
359 silly packumentCache full:https://registry.npmjs.org/postcss set size:766699 disposed:false
360 silly fetch manifest @next/swc-linux-x64-musl@16.3.3
361 silly packumentCache full:https://registry.npmjs.org/@next%2fswc-linux-x64-musl cache-miss
362 http fetch GET 200 https://registry.npmjs.org/tailwindcss 33ms (cache hit)
363 silly packumentCache full:https://registry.npmjs.org/tailwindcss set size:10875803 disposed:false
364 silly fetch manifest @next/swc-win32-x64-msvc@16.3.3
365 silly packumentCache full:https://registry.npmjs.org/@next%2fswc-win32-x64-msvc cache-miss
366 http fetch GET 200 https://registry.npmjs.org/postcss 84ms (cache hit)
367 silly packumentCache full:https://registry.npmjs.org/postcss set size:766699 disposed:false
368 silly packumentCache full:https://registry.npmjs.org/postcss dispose
369 silly fetch manifest @next/swc-linux-arm64-gnu@16.3.3
370 silly packumentCache full:https://registry.npmjs.org/@next%2fswc-linux-arm64-gnu cache-miss
371 http fetch GET 200 https://registry.npmjs.org/@base-ui%2futils 91ms (cache miss)
372 silly packumentCache full:https://registry.npmjs.org/@base-ui%2futils set size:undefined disposed:false
373 silly fetch manifest @next/swc-linux-arm64-musl@16.3.3
374 silly packumentCache full:https://registry.npmjs.org/@next%2fswc-linux-arm64-musl cache-miss
375 http fetch GET 200 https://registry.npmjs.org/@babel%2fruntime 140ms (cache miss)
376 silly packumentCache full:https://registry.npmjs.org/@babel%2fruntime set size:undefined disposed:false
377 silly fetch manifest @next/swc-win32-arm64-msvc@16.3.3
378 silly packumentCache full:https://registry.npmjs.org/@next%2fswc-win32-arm64-msvc cache-miss
379 http fetch GET 200 https://registry.npmjs.org/kind-of 165ms (cache miss)
380 silly packumentCache full:https://registry.npmjs.org/kind-of set size:undefined disposed:false
381 silly fetch manifest @babel/code-frame@^7.23.5
382 silly packumentCache full:https://registry.npmjs.org/@babel%2fcode-frame cache-miss
383 http fetch GET 200 https://registry.npmjs.org/section-matter 168ms (cache miss)
384 silly packumentCache full:https://registry.npmjs.org/section-matter set size:undefined disposed:false
385 silly fetch manifest @mdx-js/mdx@^3.0.1
386 silly packumentCache full:https://registry.npmjs.org/@mdx-js%2fmdx cache-miss
387 http fetch GET 200 https://registry.npmjs.org/strip-bom-string 180ms (cache miss)
388 silly packumentCache full:https://registry.npmjs.org/strip-bom-string set size:undefined disposed:false
389 silly fetch manifest @mdx-js/react@^3.0.1
390 silly packumentCache full:https://registry.npmjs.org/@mdx-js%2freact cache-miss
391 http fetch GET 200 https://registry.npmjs.org/@floating-ui%2futils 183ms (cache miss)
392 silly packumentCache full:https://registry.npmjs.org/@floating-ui%2futils set size:undefined disposed:false
393 silly fetch manifest unist-util-remove@^4.0.0
394 silly packumentCache full:https://registry.npmjs.org/unist-util-remove cache-miss
395 http fetch GET 200 https://registry.npmjs.org/styled-jsx 184ms (cache miss)
396 silly packumentCache full:https://registry.npmjs.org/styled-jsx set size:undefined disposed:false
397 silly fetch manifest unist-util-visit@^5.1.0
398 silly packumentCache full:https://registry.npmjs.org/unist-util-visit cache-miss
399 http fetch GET 200 https://registry.npmjs.org/undici-types 194ms (cache miss)
400 silly packumentCache full:https://registry.npmjs.org/undici-types set size:undefined disposed:false
401 silly fetch manifest vfile@^6.0.1
402 silly packumentCache full:https://registry.npmjs.org/vfile cache-miss
403 http fetch GET 200 https://registry.npmjs.org/js-yaml 198ms (cache miss)
404 silly packumentCache full:https://registry.npmjs.org/js-yaml set size:undefined disposed:false
405 silly fetch manifest vfile-matter@^5.0.0
406 silly packumentCache full:https://registry.npmjs.org/vfile-matter cache-miss
407 http fetch GET 200 https://registry.npmjs.org/@floating-ui%2freact-dom 203ms (cache miss)
408 silly packumentCache full:https://registry.npmjs.org/@floating-ui%2freact-dom set size:undefined disposed:false
409 silly fetch manifest nanoid@^3.3.18
410 silly packumentCache full:https://registry.npmjs.org/nanoid cache-miss
411 http fetch GET 200 https://registry.npmjs.org/csstype 205ms (cache miss)
412 silly packumentCache full:https://registry.npmjs.org/csstype set size:undefined disposed:false
413 silly fetch manifest picocolors@^1.1.1
414 silly packumentCache full:https://registry.npmjs.org/picocolors cache-miss
415 http fetch GET 200 https://registry.npmjs.org/sharp 232ms (cache miss)
416 silly packumentCache full:https://registry.npmjs.org/sharp set size:undefined disposed:false
417 silly fetch manifest source-map-js@^1.2.1
418 silly packumentCache full:https://registry.npmjs.org/source-map-js cache-miss
419 http fetch GET 200 https://registry.npmjs.org/baseline-browser-mapping 238ms (cache miss)
420 silly packumentCache full:https://registry.npmjs.org/baseline-browser-mapping set size:undefined disposed:false
421 silly fetch manifest @types/mdast@^4.0.0
422 silly packumentCache full:https://registry.npmjs.org/@types%2fmdast cache-miss
423 http fetch GET 200 https://registry.npmjs.org/@swc%2fhelpers 249ms (cache miss)
424 silly packumentCache full:https://registry.npmjs.org/@swc%2fhelpers set size:undefined disposed:false
425 silly fetch manifest mdast-util-gfm@^3.0.0
426 silly packumentCache full:https://registry.npmjs.org/mdast-util-gfm cache-miss
427 http fetch GET 200 https://registry.npmjs.org/@tailwindcss%2fnode 357ms (cache miss)
428 silly packumentCache full:https://registry.npmjs.org/@tailwindcss%2fnode set size:undefined disposed:false
429 silly fetch manifest micromark-extension-gfm@^3.0.0
430 silly packumentCache full:https://registry.npmjs.org/micromark-extension-gfm cache-miss
431 http fetch GET 200 https://registry.npmjs.org/@next%2fenv 377ms (cache miss)
432 silly packumentCache full:https://registry.npmjs.org/@next%2fenv set size:undefined disposed:false
433 silly fetch manifest remark-parse@^11.0.0
434 silly packumentCache full:https://registry.npmjs.org/remark-parse cache-miss
435 http fetch GET 200 https://registry.npmjs.org/caniuse-lite 441ms (cache miss)
436 silly packumentCache full:https://registry.npmjs.org/caniuse-lite set size:undefined disposed:false
437 silly fetch manifest remark-stringify@^11.0.0
438 silly packumentCache full:https://registry.npmjs.org/remark-stringify cache-miss
439 http fetch GET 200 https://registry.npmjs.org/@tailwindcss%2foxide 493ms (cache miss)
440 silly packumentCache full:https://registry.npmjs.org/@tailwindcss%2foxide set size:undefined disposed:false
441 silly fetch manifest unified@^11.0.0
442 silly packumentCache full:https://registry.npmjs.org/unified cache-miss
443 http fetch GET 200 https://registry.npmjs.org/@next%2fswc-linux-arm64-gnu 440ms (cache miss)
444 silly packumentCache full:https://registry.npmjs.org/@next%2fswc-linux-arm64-gnu set size:undefined disposed:false
445 silly fetch manifest ora@^8.2.0
446 silly packumentCache full:https://registry.npmjs.org/ora cache-miss
447 http fetch GET 200 https://registry.npmjs.org/use-sync-external-store 546ms (cache miss)
448 silly packumentCache full:https://registry.npmjs.org/use-sync-external-store set size:undefined disposed:false
449 silly fetch manifest zod@^3.24.1
450 silly packumentCache full:https://registry.npmjs.org/zod cache-miss
451 http fetch GET 200 https://registry.npmjs.org/@alloc%2fquick-lru 571ms (cache miss)
452 silly packumentCache full:https://registry.npmjs.org/@alloc%2fquick-lru set size:undefined disposed:false
453 silly fetch manifest diff@^8.0.2
454 silly packumentCache full:https://registry.npmjs.org/diff cache-miss
455 http fetch GET 200 https://registry.npmjs.org/mdast-util-gfm 321ms (cache miss)
456 silly packumentCache full:https://registry.npmjs.org/mdast-util-gfm set size:undefined disposed:false
457 silly fetch manifest open@^11.0.0
458 silly packumentCache full:https://registry.npmjs.org/open cache-miss
459 http fetch GET 200 https://registry.npmjs.org/@types%2fmdast 338ms (cache miss)
460 silly packumentCache full:https://registry.npmjs.org/@types%2fmdast set size:undefined disposed:false
461 silly fetch manifest execa@^9.6.0
462 silly packumentCache full:https://registry.npmjs.org/execa cache-miss
463 http fetch GET 200 https://registry.npmjs.org/picocolors 374ms (cache miss)
464 silly packumentCache full:https://registry.npmjs.org/picocolors set size:undefined disposed:false
465 silly fetch manifest kleur@^4.1.5
466 silly packumentCache full:https://registry.npmjs.org/kleur cache-miss
467 http fetch GET 200 https://registry.npmjs.org/nanoid 382ms (cache miss)
468 silly packumentCache full:https://registry.npmjs.org/nanoid set size:undefined disposed:false
469 silly fetch manifest socks@^2.8.8
470 silly packumentCache full:https://registry.npmjs.org/socks cache-miss
471 http fetch GET 200 https://registry.npmjs.org/source-map-js 366ms (cache miss)
472 silly packumentCache full:https://registry.npmjs.org/source-map-js set size:undefined disposed:false
473 silly fetch manifest dedent@^1.6.0
474 silly packumentCache full:https://registry.npmjs.org/dedent cache-miss
475 http fetch GET 200 https://registry.npmjs.org/@babel%2fcode-frame 442ms (cache miss)
476 silly packumentCache full:https://registry.npmjs.org/@babel%2fcode-frame set size:undefined disposed:false
477 silly fetch manifest recast@^0.23.11
478 silly packumentCache full:https://registry.npmjs.org/recast cache-miss
479 http fetch GET 200 https://registry.npmjs.org/remark-stringify 161ms (cache miss)
480 silly packumentCache full:https://registry.npmjs.org/remark-stringify set size:undefined disposed:false
481 silly fetch manifest undici@^7.27.2
482 silly packumentCache full:https://registry.npmjs.org/undici cache-miss
483 http fetch GET 200 https://registry.npmjs.org/remark-parse 212ms (cache miss)
484 silly packumentCache full:https://registry.npmjs.org/remark-parse set size:undefined disposed:false
485 silly fetch manifest prompts@^2.4.2
486 silly packumentCache full:https://registry.npmjs.org/prompts cache-miss
487 http fetch GET 200 https://registry.npmjs.org/micromark-extension-gfm 253ms (cache miss)
488 silly packumentCache full:https://registry.npmjs.org/micromark-extension-gfm set size:undefined disposed:false
489 silly fetch manifest fs-extra@^11.3.1
490 silly packumentCache full:https://registry.npmjs.org/fs-extra cache-miss
491 http fetch GET 200 https://registry.npmjs.org/@next%2fswc-darwin-x64 622ms (cache miss)
492 silly packumentCache full:https://registry.npmjs.org/@next%2fswc-darwin-x64 set size:undefined disposed:false
493 silly fetch manifest ts-morph@^26.0.0
494 silly packumentCache full:https://registry.npmjs.org/ts-morph cache-miss
495 http fetch GET 200 https://registry.npmjs.org/@next%2fswc-win32-x64-msvc 559ms (cache miss)
496 silly packumentCache full:https://registry.npmjs.org/@next%2fswc-win32-x64-msvc set size:undefined disposed:false
497 silly fetch manifest commander@^14.0.0
498 silly packumentCache full:https://registry.npmjs.org/commander cache-miss
499 http fetch GET 200 https://registry.npmjs.org/@next%2fswc-win32-arm64-msvc 514ms (cache miss)
500 silly packumentCache full:https://registry.npmjs.org/@next%2fswc-win32-arm64-msvc set size:undefined disposed:false
501 silly fetch manifest deepmerge@^4.3.1
502 silly packumentCache full:https://registry.npmjs.org/deepmerge cache-miss
503 http fetch GET 200 https://registry.npmjs.org/ora 148ms (cache miss)
504 silly packumentCache full:https://registry.npmjs.org/ora set size:undefined disposed:false
505 silly fetch manifest fast-glob@^3.3.3
506 silly packumentCache full:https://registry.npmjs.org/fast-glob cache-miss
507 http fetch GET 200 https://registry.npmjs.org/unified 189ms (cache miss)
508 silly packumentCache full:https://registry.npmjs.org/unified set size:undefined disposed:false
509 silly fetch manifest fuzzysort@^3.1.0
510 silly packumentCache full:https://registry.npmjs.org/fuzzysort cache-miss
511 http fetch GET 200 https://registry.npmjs.org/diff 126ms (cache miss)
512 silly packumentCache full:https://registry.npmjs.org/diff set size:undefined disposed:false
513 silly fetch manifest @babel/core@^7.28.0
514 silly packumentCache full:https://registry.npmjs.org/@babel%2fcore cache-miss
515 http fetch GET 200 https://registry.npmjs.org/scheduler 704ms (cache miss)
516 silly packumentCache full:https://registry.npmjs.org/scheduler set size:undefined disposed:false
517 silly fetch manifest cosmiconfig@^9.0.0
518 silly packumentCache full:https://registry.npmjs.org/cosmiconfig cache-miss
519 http fetch GET 200 https://registry.npmjs.org/dedent 119ms (cache miss)
520 silly packumentCache full:https://registry.npmjs.org/dedent set size:undefined disposed:false
521 silly fetch manifest browserslist@^4.26.2
522 silly packumentCache full:https://registry.npmjs.org/browserslist cache-miss
523 http fetch GET 200 https://registry.npmjs.org/unist-util-visit 544ms (cache miss)
524 silly packumentCache full:https://registry.npmjs.org/unist-util-visit set size:undefined disposed:false
525 silly fetch manifest @babel/parser@^7.28.0
526 silly packumentCache full:https://registry.npmjs.org/@babel%2fparser cache-miss
527 http fetch GET 200 https://registry.npmjs.org/kleur 151ms (cache miss)
528 silly packumentCache full:https://registry.npmjs.org/kleur set size:undefined disposed:false
529 silly fetch manifest tailwind-merge@^3.0.1
530 silly packumentCache full:https://registry.npmjs.org/tailwind-merge cache-miss
531 http fetch GET 200 https://registry.npmjs.org/unist-util-remove 550ms (cache miss)
532 silly packumentCache full:https://registry.npmjs.org/unist-util-remove set size:undefined disposed:false
533 silly fetch manifest tsconfig-paths@^4.2.0
534 silly packumentCache full:https://registry.npmjs.org/tsconfig-paths cache-miss
535 http fetch GET 200 https://registry.npmjs.org/prompts 120ms (cache miss)
536 silly packumentCache full:https://registry.npmjs.org/prompts set size:undefined disposed:false
537 silly fetch manifest @dotenvx/dotenvx@^1.48.4
538 silly packumentCache full:https://registry.npmjs.org/@dotenvx%2fdotenvx cache-miss
539 http fetch GET 200 https://registry.npmjs.org/open 163ms (cache miss)
540 silly packumentCache full:https://registry.npmjs.org/open set size:undefined disposed:false
541 silly fetch manifest stringify-object@^5.0.0
542 silly packumentCache full:https://registry.npmjs.org/stringify-object cache-miss
543 http fetch GET 200 https://registry.npmjs.org/@next%2fswc-darwin-arm64 738ms (cache miss)
544 silly packumentCache full:https://registry.npmjs.org/@next%2fswc-darwin-arm64 set size:undefined disposed:false
545 silly fetch manifest zod-to-json-schema@^3.24.6
546 silly packumentCache full:https://registry.npmjs.org/zod-to-json-schema cache-miss
547 http fetch GET 200 https://registry.npmjs.org/socks 167ms (cache miss)
548 silly packumentCache full:https://registry.npmjs.org/socks set size:undefined disposed:false
549 silly fetch manifest postcss-selector-parser@^7.1.0
550 silly packumentCache full:https://registry.npmjs.org/postcss-selector-parser cache-miss
551 http fetch GET 200 https://registry.npmjs.org/@next%2fswc-linux-x64-gnu 756ms (cache miss)
552 silly packumentCache full:https://registry.npmjs.org/@next%2fswc-linux-x64-gnu set size:undefined disposed:false
553 silly fetch manifest @babel/preset-typescript@^7.27.1
554 silly packumentCache full:https://registry.npmjs.org/@babel%2fpreset-typescript cache-miss
555 http fetch GET 200 https://registry.npmjs.org/vfile 584ms (cache miss)
556 silly packumentCache full:https://registry.npmjs.org/vfile set size:undefined disposed:false
557 silly fetch manifest @modelcontextprotocol/sdk@^1.26.0
558 silly packumentCache full:https://registry.npmjs.org/@modelcontextprotocol%2fsdk cache-miss
559 http fetch GET 200 https://registry.npmjs.org/@next%2fswc-linux-x64-musl 763ms (cache miss)
560 silly packumentCache full:https://registry.npmjs.org/@next%2fswc-linux-x64-musl set size:undefined disposed:false
561 silly fetch manifest validate-npm-package-name@^7.0.1
562 silly packumentCache full:https://registry.npmjs.org/validate-npm-package-name cache-miss
563 http fetch GET 200 https://registry.npmjs.org/execa 223ms (cache miss)
564 silly packumentCache full:https://registry.npmjs.org/execa set size:undefined disposed:false
565 silly fetch manifest @types/validate-npm-package-name@^4.0.2
566 silly packumentCache full:https://registry.npmjs.org/@types%2fvalidate-npm-package-name cache-miss
567 http fetch GET 200 https://registry.npmjs.org/tailwind-merge 72ms (cache hit)
568 silly packumentCache full:https://registry.npmjs.org/tailwind-merge set size:1723447 disposed:false
569 silly fetch manifest @babel/plugin-transform-typescript@^7.28.0
570 silly packumentCache full:https://registry.npmjs.org/@babel%2fplugin-transform-typescript cache-miss
571 http fetch GET 200 https://registry.npmjs.org/vfile-matter 614ms (cache miss)
572 silly packumentCache full:https://registry.npmjs.org/vfile-matter set size:undefined disposed:false
573 http fetch GET 200 https://registry.npmjs.org/fs-extra 201ms (cache miss)
574 silly packumentCache full:https://registry.npmjs.org/fs-extra set size:undefined disposed:false
575 http fetch GET 200 https://registry.npmjs.org/deepmerge 139ms (cache miss)
576 silly packumentCache full:https://registry.npmjs.org/deepmerge set size:undefined disposed:false
577 http fetch GET 200 https://registry.npmjs.org/recast 216ms (cache miss)
578 silly packumentCache full:https://registry.npmjs.org/recast set size:undefined disposed:false
579 http fetch GET 200 https://registry.npmjs.org/@next%2fswc-linux-arm64-musl 738ms (cache miss)
580 silly packumentCache full:https://registry.npmjs.org/@next%2fswc-linux-arm64-musl set size:undefined disposed:false
581 http fetch GET 200 https://registry.npmjs.org/tsconfig-paths 113ms (cache miss)
582 silly packumentCache full:https://registry.npmjs.org/tsconfig-paths set size:undefined disposed:false
583 http fetch GET 200 https://registry.npmjs.org/fast-glob 157ms (cache miss)
584 silly packumentCache full:https://registry.npmjs.org/fast-glob set size:undefined disposed:false
585 http fetch GET 200 https://registry.npmjs.org/commander 194ms (cache miss)
586 silly packumentCache full:https://registry.npmjs.org/commander set size:undefined disposed:false
587 http fetch GET 200 https://registry.npmjs.org/ts-morph 219ms (cache miss)
588 silly packumentCache full:https://registry.npmjs.org/ts-morph set size:undefined disposed:false
589 http fetch GET 200 https://registry.npmjs.org/cosmiconfig 138ms (cache miss)
590 silly packumentCache full:https://registry.npmjs.org/cosmiconfig set size:undefined disposed:false
591 http fetch GET 200 https://registry.npmjs.org/@mdx-js%2freact 680ms (cache miss)
592 silly packumentCache full:https://registry.npmjs.org/@mdx-js%2freact set size:undefined disposed:false
593 http fetch GET 200 https://registry.npmjs.org/zod-to-json-schema 111ms (cache miss)
594 silly packumentCache full:https://registry.npmjs.org/zod-to-json-schema set size:undefined disposed:false
595 http fetch GET 200 https://registry.npmjs.org/postcss-selector-parser 114ms (cache miss)
596 silly packumentCache full:https://registry.npmjs.org/postcss-selector-parser set size:undefined disposed:false
597 http fetch GET 200 https://registry.npmjs.org/validate-npm-package-name 70ms (cache miss)
598 silly packumentCache full:https://registry.npmjs.org/validate-npm-package-name set size:undefined disposed:false
599 http fetch GET 200 https://registry.npmjs.org/@babel%2fpreset-typescript 100ms (cache miss)
600 silly packumentCache full:https://registry.npmjs.org/@babel%2fpreset-typescript set size:undefined disposed:false
601 http fetch GET 200 https://registry.npmjs.org/browserslist 152ms (cache miss)
602 silly packumentCache full:https://registry.npmjs.org/browserslist set size:undefined disposed:false
603 http fetch GET 200 https://registry.npmjs.org/@modelcontextprotocol%2fsdk 99ms (cache miss)
604 silly packumentCache full:https://registry.npmjs.org/@modelcontextprotocol%2fsdk set size:undefined disposed:false
605 http fetch GET 200 https://registry.npmjs.org/@babel%2fcore 184ms (cache miss)
606 silly packumentCache full:https://registry.npmjs.org/@babel%2fcore set size:undefined disposed:false
607 http fetch GET 200 https://registry.npmjs.org/@mdx-js%2fmdx 718ms (cache miss)
608 silly packumentCache full:https://registry.npmjs.org/@mdx-js%2fmdx set size:undefined disposed:false
609 http fetch GET 200 https://registry.npmjs.org/@babel%2fparser 159ms (cache miss)
610 silly packumentCache full:https://registry.npmjs.org/@babel%2fparser set size:undefined disposed:false
611 http fetch GET 200 https://registry.npmjs.org/undici 285ms (cache miss)
612 silly packumentCache full:https://registry.npmjs.org/undici set size:undefined disposed:false
613 http fetch GET 200 https://registry.npmjs.org/@babel%2fplugin-transform-typescript 90ms (cache miss)
614 silly packumentCache full:https://registry.npmjs.org/@babel%2fplugin-transform-typescript set size:undefined disposed:false
615 http fetch GET 200 https://registry.npmjs.org/zod 353ms (cache miss)
616 silly packumentCache full:https://registry.npmjs.org/zod set size:undefined disposed:false
617 http fetch GET 200 https://registry.npmjs.org/fuzzysort 236ms (cache miss)
618 silly packumentCache full:https://registry.npmjs.org/fuzzysort set size:undefined disposed:false
619 http fetch GET 200 https://registry.npmjs.org/@dotenvx%2fdotenvx 230ms (cache miss)
620 silly packumentCache full:https://registry.npmjs.org/@dotenvx%2fdotenvx set size:undefined disposed:false
621 http fetch GET 200 https://registry.npmjs.org/stringify-object 235ms (cache miss)
622 silly packumentCache full:https://registry.npmjs.org/stringify-object set size:undefined disposed:false
623 http fetch GET 200 https://registry.npmjs.org/@types%2fvalidate-npm-package-name 406ms (cache miss)
624 silly packumentCache full:https://registry.npmjs.org/@types%2fvalidate-npm-package-name set size:undefined disposed:false
625 silly fetch manifest @types/react@^17 || ^18 || ^19
626 silly packumentCache full:https://registry.npmjs.org/@types%2freact cache-miss
627 http fetch GET 200 https://registry.npmjs.org/@types%2freact 5ms (cache hit)
628 silly packumentCache full:https://registry.npmjs.org/@types%2freact set size:2637439 disposed:false
629 silly fetch manifest react@^17 || ^18 || ^19
630 silly packumentCache full:https://registry.npmjs.org/react cache-miss
631 http fetch GET 200 https://registry.npmjs.org/react 11ms (cache hit)
632 silly packumentCache full:https://registry.npmjs.org/react set size:6941508 disposed:false
633 silly fetch manifest react-dom@^17 || ^18 || ^19
634 silly packumentCache full:https://registry.npmjs.org/react-dom cache-miss
635 http fetch GET 200 https://registry.npmjs.org/react-dom 14ms (cache hit)
636 silly packumentCache full:https://registry.npmjs.org/react-dom set size:9336812 disposed:false
637 silly placeDep ROOT @babel/runtime@7.29.7 OK for: @base-ui/react@1.7.0 want: ^7.29.2
638 silly placeDep ROOT @base-ui/utils@0.3.2 OK for: @base-ui/react@1.7.0 want: 0.3.2
639 silly placeDep ROOT @floating-ui/react-dom@2.1.9 OK for: @base-ui/react@1.7.0 want: ^2.1.9
640 silly placeDep ROOT @floating-ui/utils@0.2.12 OK for: @base-ui/react@1.7.0 want: ^0.2.12
641 silly placeDep ROOT use-sync-external-store@1.6.0 OK for: @base-ui/react@1.7.0 want: ^1.6.0
642 silly fetch manifest reselect@^5.2.0
643 silly packumentCache full:https://registry.npmjs.org/reselect cache-miss
644 silly fetch manifest @floating-ui/dom@^1.8.0
645 silly packumentCache full:https://registry.npmjs.org/@floating-ui%2fdom cache-miss
646 http fetch GET 200 https://registry.npmjs.org/@floating-ui%2fdom 65ms (cache miss)
647 silly packumentCache full:https://registry.npmjs.org/@floating-ui%2fdom set size:undefined disposed:false
648 http fetch GET 200 https://registry.npmjs.org/reselect 218ms (cache miss)
649 silly packumentCache full:https://registry.npmjs.org/reselect set size:undefined disposed:false
650 silly placeDep ROOT reselect@5.3.0 OK for: @base-ui/utils@0.3.2 want: ^5.2.0
651 silly placeDep ROOT @floating-ui/dom@1.8.0 OK for: @floating-ui/react-dom@2.1.9 want: ^1.8.0
652 silly fetch manifest @floating-ui/core@^1.8.0
653 silly packumentCache full:https://registry.npmjs.org/@floating-ui%2fcore cache-miss
654 http fetch GET 200 https://registry.npmjs.org/@floating-ui%2fcore 242ms (cache miss)
655 silly packumentCache full:https://registry.npmjs.org/@floating-ui%2fcore set size:undefined disposed:false
656 silly placeDep ROOT @floating-ui/core@1.8.0 OK for: @floating-ui/dom@1.8.0 want: ^1.8.0
657 silly placeDep ROOT @alloc/quick-lru@5.3.0 OK for: @tailwindcss/postcss@4.3.3 want: ^5.2.0
658 silly placeDep ROOT @tailwindcss/node@4.3.3 OK for: @tailwindcss/postcss@4.3.3 want: 4.3.3
659 silly placeDep ROOT @tailwindcss/oxide@4.3.3 OK for: @tailwindcss/postcss@4.3.3 want: 4.3.3
660 silly fetch manifest jiti@^2.7.0
661 silly packumentCache full:https://registry.npmjs.org/jiti cache-miss
662 silly fetch manifest lightningcss@1.32.0
663 silly packumentCache full:https://registry.npmjs.org/lightningcss cache-miss
664 silly fetch manifest magic-string@^0.30.21
665 silly packumentCache full:https://registry.npmjs.org/magic-string cache-miss
666 silly fetch manifest enhanced-resolve@^5.24.1
667 silly packumentCache full:https://registry.npmjs.org/enhanced-resolve cache-miss
668 silly fetch manifest @jridgewell/remapping@^2.3.5
669 silly packumentCache full:https://registry.npmjs.org/@jridgewell%2fremapping cache-miss
670 silly fetch manifest @tailwindcss/oxide-darwin-x64@4.3.3
671 silly packumentCache full:https://registry.npmjs.org/@tailwindcss%2foxide-darwin-x64 cache-miss
672 silly fetch manifest @tailwindcss/oxide-freebsd-x64@4.3.3
673 silly packumentCache full:https://registry.npmjs.org/@tailwindcss%2foxide-freebsd-x64 cache-miss
674 silly fetch manifest @tailwindcss/oxide-wasm32-wasi@4.3.3
675 silly packumentCache full:https://registry.npmjs.org/@tailwindcss%2foxide-wasm32-wasi cache-miss
676 silly fetch manifest @tailwindcss/oxide-darwin-arm64@4.3.3
677 silly packumentCache full:https://registry.npmjs.org/@tailwindcss%2foxide-darwin-arm64 cache-miss
678 silly fetch manifest @tailwindcss/oxide-android-arm64@4.3.3
679 silly packumentCache full:https://registry.npmjs.org/@tailwindcss%2foxide-android-arm64 cache-miss
680 silly fetch manifest @tailwindcss/oxide-linux-x64-gnu@4.3.3
681 silly packumentCache full:https://registry.npmjs.org/@tailwindcss%2foxide-linux-x64-gnu cache-miss
682 silly fetch manifest @tailwindcss/oxide-linux-x64-musl@4.3.3
683 silly packumentCache full:https://registry.npmjs.org/@tailwindcss%2foxide-linux-x64-musl cache-miss
684 silly fetch manifest @tailwindcss/oxide-win32-x64-msvc@4.3.3
685 silly packumentCache full:https://registry.npmjs.org/@tailwindcss%2foxide-win32-x64-msvc cache-miss
686 silly fetch manifest @tailwindcss/oxide-linux-arm64-gnu@4.3.3
687 silly packumentCache full:https://registry.npmjs.org/@tailwindcss%2foxide-linux-arm64-gnu cache-miss
688 silly fetch manifest @tailwindcss/oxide-linux-arm64-musl@4.3.3
689 silly packumentCache full:https://registry.npmjs.org/@tailwindcss%2foxide-linux-arm64-musl cache-miss
690 silly fetch manifest @tailwindcss/oxide-win32-arm64-msvc@4.3.3
691 silly packumentCache full:https://registry.npmjs.org/@tailwindcss%2foxide-win32-arm64-msvc cache-miss
692 silly fetch manifest @tailwindcss/oxide-linux-arm-gnueabihf@4.3.3
693 silly packumentCache full:https://registry.npmjs.org/@tailwindcss%2foxide-linux-arm-gnueabihf cache-miss
694 http fetch GET 200 https://registry.npmjs.org/jiti 7ms (cache hit)
695 silly packumentCache full:https://registry.npmjs.org/jiti set size:387989 disposed:false
696 http fetch GET 200 https://registry.npmjs.org/enhanced-resolve 48ms (cache miss)
697 silly packumentCache full:https://registry.npmjs.org/enhanced-resolve set size:undefined disposed:false
698 http fetch GET 200 https://registry.npmjs.org/@jridgewell%2fremapping 54ms (cache miss)
699 silly packumentCache full:https://registry.npmjs.org/@jridgewell%2fremapping set size:undefined disposed:false
700 http fetch GET 200 https://registry.npmjs.org/magic-string 55ms (cache miss)
701 silly packumentCache full:https://registry.npmjs.org/magic-string set size:undefined disposed:false
702 http fetch GET 200 https://registry.npmjs.org/@tailwindcss%2foxide-android-arm64 143ms (cache miss)
703 silly packumentCache full:https://registry.npmjs.org/@tailwindcss%2foxide-android-arm64 set size:undefined disposed:false
704 http fetch GET 200 https://registry.npmjs.org/@tailwindcss%2foxide-linux-arm64-gnu 162ms (cache miss)
705 silly packumentCache full:https://registry.npmjs.org/@tailwindcss%2foxide-linux-arm64-gnu set size:undefined disposed:false
706 http fetch GET 200 https://registry.npmjs.org/@tailwindcss%2foxide-wasm32-wasi 174ms (cache miss)
707 silly packumentCache full:https://registry.npmjs.org/@tailwindcss%2foxide-wasm32-wasi set size:undefined disposed:false
708 http fetch GET 200 https://registry.npmjs.org/@tailwindcss%2foxide-darwin-arm64 182ms (cache miss)
709 silly packumentCache full:https://registry.npmjs.org/@tailwindcss%2foxide-darwin-arm64 set size:undefined disposed:false
710 http fetch GET 200 https://registry.npmjs.org/@tailwindcss%2foxide-win32-x64-msvc 190ms (cache miss)
711 silly packumentCache full:https://registry.npmjs.org/@tailwindcss%2foxide-win32-x64-msvc set size:undefined disposed:false
712 http fetch GET 200 https://registry.npmjs.org/@tailwindcss%2foxide-freebsd-x64 204ms (cache miss)
713 silly packumentCache full:https://registry.npmjs.org/@tailwindcss%2foxide-freebsd-x64 set size:undefined disposed:false
714 http fetch GET 200 https://registry.npmjs.org/@tailwindcss%2foxide-linux-arm64-musl 214ms (cache miss)
715 silly packumentCache full:https://registry.npmjs.org/@tailwindcss%2foxide-linux-arm64-musl set size:undefined disposed:false
716 http fetch GET 200 https://registry.npmjs.org/@tailwindcss%2foxide-darwin-x64 222ms (cache miss)
717 silly packumentCache full:https://registry.npmjs.org/@tailwindcss%2foxide-darwin-x64 set size:undefined disposed:false
718 http fetch GET 200 https://registry.npmjs.org/@tailwindcss%2foxide-linux-x64-musl 235ms (cache miss)
719 silly packumentCache full:https://registry.npmjs.org/@tailwindcss%2foxide-linux-x64-musl set size:undefined disposed:false
720 http fetch GET 200 https://registry.npmjs.org/@tailwindcss%2foxide-linux-x64-gnu 244ms (cache miss)
721 silly packumentCache full:https://registry.npmjs.org/@tailwindcss%2foxide-linux-x64-gnu set size:undefined disposed:false
722 http fetch GET 200 https://registry.npmjs.org/lightningcss 252ms (cache miss)
723 silly packumentCache full:https://registry.npmjs.org/lightningcss set size:undefined disposed:false
724 http fetch GET 200 https://registry.npmjs.org/@tailwindcss%2foxide-linux-arm-gnueabihf 301ms (cache miss)
725 silly packumentCache full:https://registry.npmjs.org/@tailwindcss%2foxide-linux-arm-gnueabihf set size:undefined disposed:false
726 http fetch GET 200 https://registry.npmjs.org/@tailwindcss%2foxide-win32-arm64-msvc 319ms (cache miss)
727 silly packumentCache full:https://registry.npmjs.org/@tailwindcss%2foxide-win32-arm64-msvc set size:undefined disposed:false
728 silly placeDep ROOT @jridgewell/remapping@2.3.5 OK for: @tailwindcss/node@4.3.3 want: ^2.3.5
729 silly placeDep ROOT enhanced-resolve@5.24.5 OK for: @tailwindcss/node@4.3.3 want: ^5.24.1
730 silly placeDep ROOT jiti@2.7.0 OK for: @tailwindcss/node@4.3.3 want: ^2.7.0
731 silly placeDep ROOT lightningcss@1.32.0 OK for: @tailwindcss/node@4.3.3 want: 1.32.0
732 silly placeDep ROOT magic-string@0.30.21 OK for: @tailwindcss/node@4.3.3 want: ^0.30.21
733 silly placeDep ROOT source-map-js@1.2.1 OK for: @tailwindcss/node@4.3.3 want: ^1.2.1
734 silly fetch manifest @jridgewell/gen-mapping@^0.3.5
735 silly packumentCache full:https://registry.npmjs.org/@jridgewell%2fgen-mapping cache-miss
736 silly fetch manifest @jridgewell/trace-mapping@^0.3.24
737 silly packumentCache full:https://registry.npmjs.org/@jridgewell%2ftrace-mapping cache-miss
738 silly fetch manifest tapable@^2.3.3
739 silly packumentCache full:https://registry.npmjs.org/tapable cache-miss
740 silly fetch manifest graceful-fs@^4.2.4
741 silly packumentCache full:https://registry.npmjs.org/graceful-fs cache-miss
742 silly fetch manifest detect-libc@^2.0.3
743 silly packumentCache full:https://registry.npmjs.org/detect-libc cache-miss
744 silly fetch manifest lightningcss-darwin-x64@1.32.0
745 silly packumentCache full:https://registry.npmjs.org/lightningcss-darwin-x64 cache-miss
746 silly fetch manifest lightningcss-freebsd-x64@1.32.0
747 silly packumentCache full:https://registry.npmjs.org/lightningcss-freebsd-x64 cache-miss
748 silly fetch manifest lightningcss-darwin-arm64@1.32.0
749 silly packumentCache full:https://registry.npmjs.org/lightningcss-darwin-arm64 cache-miss
750 silly fetch manifest lightningcss-android-arm64@1.32.0
751 silly packumentCache full:https://registry.npmjs.org/lightningcss-android-arm64 cache-miss
752 silly fetch manifest lightningcss-linux-x64-gnu@1.32.0
753 silly packumentCache full:https://registry.npmjs.org/lightningcss-linux-x64-gnu cache-miss
754 silly fetch manifest lightningcss-linux-x64-musl@1.32.0
755 silly packumentCache full:https://registry.npmjs.org/lightningcss-linux-x64-musl cache-miss
756 silly fetch manifest lightningcss-win32-x64-msvc@1.32.0
757 silly packumentCache full:https://registry.npmjs.org/lightningcss-win32-x64-msvc cache-miss
758 silly fetch manifest lightningcss-linux-arm64-gnu@1.32.0
759 silly packumentCache full:https://registry.npmjs.org/lightningcss-linux-arm64-gnu cache-miss
760 silly fetch manifest lightningcss-linux-arm64-musl@1.32.0
761 silly packumentCache full:https://registry.npmjs.org/lightningcss-linux-arm64-musl cache-miss
762 silly fetch manifest lightningcss-win32-arm64-msvc@1.32.0
763 silly packumentCache full:https://registry.npmjs.org/lightningcss-win32-arm64-msvc cache-miss
764 silly fetch manifest lightningcss-linux-arm-gnueabihf@1.32.0
765 silly packumentCache full:https://registry.npmjs.org/lightningcss-linux-arm-gnueabihf cache-miss
766 silly fetch manifest @jridgewell/sourcemap-codec@^1.5.5
767 silly packumentCache full:https://registry.npmjs.org/@jridgewell%2fsourcemap-codec cache-miss
768 http fetch GET 200 https://registry.npmjs.org/detect-libc 50ms (cache miss)
769 silly packumentCache full:https://registry.npmjs.org/detect-libc set size:undefined disposed:false
770 http fetch GET 200 https://registry.npmjs.org/lightningcss-win32-arm64-msvc 50ms (cache miss)
771 silly packumentCache full:https://registry.npmjs.org/lightningcss-win32-arm64-msvc set size:undefined disposed:false
772 http fetch GET 200 https://registry.npmjs.org/lightningcss-darwin-arm64 52ms (cache miss)
773 silly packumentCache full:https://registry.npmjs.org/lightningcss-darwin-arm64 set size:undefined disposed:false
774 http fetch GET 200 https://registry.npmjs.org/lightningcss-linux-arm64-musl 51ms (cache miss)
775 silly packumentCache full:https://registry.npmjs.org/lightningcss-linux-arm64-musl set size:undefined disposed:false
776 http fetch GET 200 https://registry.npmjs.org/lightningcss-android-arm64 53ms (cache miss)
777 silly packumentCache full:https://registry.npmjs.org/lightningcss-android-arm64 set size:undefined disposed:false
778 http fetch GET 200 https://registry.npmjs.org/lightningcss-darwin-x64 53ms (cache miss)
779 silly packumentCache full:https://registry.npmjs.org/lightningcss-darwin-x64 set size:undefined disposed:false
780 http fetch GET 200 https://registry.npmjs.org/lightningcss-linux-x64-gnu 54ms (cache miss)
781 silly packumentCache full:https://registry.npmjs.org/lightningcss-linux-x64-gnu set size:undefined disposed:false
782 http fetch GET 200 https://registry.npmjs.org/lightningcss-linux-x64-musl 55ms (cache miss)
783 silly packumentCache full:https://registry.npmjs.org/lightningcss-linux-x64-musl set size:undefined disposed:false
784 http fetch GET 200 https://registry.npmjs.org/@jridgewell%2fgen-mapping 55ms (cache miss)
785 silly packumentCache full:https://registry.npmjs.org/@jridgewell%2fgen-mapping set size:undefined disposed:false
786 http fetch GET 200 https://registry.npmjs.org/lightningcss-freebsd-x64 56ms (cache miss)
787 silly packumentCache full:https://registry.npmjs.org/lightningcss-freebsd-x64 set size:undefined disposed:false
788 http fetch GET 200 https://registry.npmjs.org/tapable 56ms (cache miss)
789 silly packumentCache full:https://registry.npmjs.org/tapable set size:undefined disposed:false
790 http fetch GET 200 https://registry.npmjs.org/lightningcss-linux-arm64-gnu 58ms (cache miss)
791 silly packumentCache full:https://registry.npmjs.org/lightningcss-linux-arm64-gnu set size:undefined disposed:false
792 http fetch GET 200 https://registry.npmjs.org/graceful-fs 61ms (cache miss)
793 silly packumentCache full:https://registry.npmjs.org/graceful-fs set size:undefined disposed:false
794 http fetch GET 200 https://registry.npmjs.org/lightningcss-win32-x64-msvc 62ms (cache miss)
795 silly packumentCache full:https://registry.npmjs.org/lightningcss-win32-x64-msvc set size:undefined disposed:false
796 http fetch GET 200 https://registry.npmjs.org/@jridgewell%2ftrace-mapping 77ms (cache miss)
797 silly packumentCache full:https://registry.npmjs.org/@jridgewell%2ftrace-mapping set size:undefined disposed:false
798 http fetch GET 200 https://registry.npmjs.org/lightningcss-linux-arm-gnueabihf 77ms (cache miss)
799 silly packumentCache full:https://registry.npmjs.org/lightningcss-linux-arm-gnueabihf set size:undefined disposed:false
800 http fetch GET 200 https://registry.npmjs.org/@jridgewell%2fsourcemap-codec 93ms (cache miss)
801 silly packumentCache full:https://registry.npmjs.org/@jridgewell%2fsourcemap-codec set size:undefined disposed:false
802 silly placeDep ROOT @jridgewell/gen-mapping@0.3.13 OK for: @jridgewell/remapping@2.3.5 want: ^0.3.5
803 silly placeDep ROOT @jridgewell/trace-mapping@0.3.31 OK for: @jridgewell/remapping@2.3.5 want: ^0.3.24
804 silly fetch manifest @jridgewell/sourcemap-codec@^1.5.0
805 silly packumentCache full:https://registry.npmjs.org/@jridgewell%2fsourcemap-codec cache-miss
806 silly fetch manifest @jridgewell/resolve-uri@^3.1.0
807 silly packumentCache full:https://registry.npmjs.org/@jridgewell%2fresolve-uri cache-miss
808 silly fetch manifest @jridgewell/sourcemap-codec@^1.4.14
809 silly packumentCache full:https://registry.npmjs.org/@jridgewell%2fsourcemap-codec cache-miss
810 http fetch GET 200 https://registry.npmjs.org/@jridgewell%2fsourcemap-codec 4ms (cache hit)
811 silly packumentCache full:https://registry.npmjs.org/@jridgewell%2fsourcemap-codec set size:65255 disposed:false
812 http fetch GET 200 https://registry.npmjs.org/@jridgewell%2fsourcemap-codec 3ms (cache hit)
813 silly packumentCache full:https://registry.npmjs.org/@jridgewell%2fsourcemap-codec set size:65255 disposed:false
814 silly packumentCache full:https://registry.npmjs.org/@jridgewell%2fsourcemap-codec dispose
815 http fetch GET 200 https://registry.npmjs.org/@jridgewell%2fresolve-uri 62ms (cache miss)
816 silly packumentCache full:https://registry.npmjs.org/@jridgewell%2fresolve-uri set size:undefined disposed:false
817 silly placeDep ROOT @jridgewell/sourcemap-codec@1.6.0 OK for: @jridgewell/gen-mapping@0.3.13 want: ^1.5.0
818 silly placeDep ROOT @jridgewell/resolve-uri@3.1.2 OK for: @jridgewell/trace-mapping@0.3.31 want: ^3.1.0
819 silly placeDep ROOT @tailwindcss/oxide-android-arm64@4.3.3 OK for: @tailwindcss/oxide@4.3.3 want: 4.3.3
820 silly placeDep ROOT @tailwindcss/oxide-darwin-arm64@4.3.3 OK for: @tailwindcss/oxide@4.3.3 want: 4.3.3
821 silly placeDep ROOT @tailwindcss/oxide-darwin-x64@4.3.3 OK for: @tailwindcss/oxide@4.3.3 want: 4.3.3
822 silly placeDep ROOT @tailwindcss/oxide-freebsd-x64@4.3.3 OK for: @tailwindcss/oxide@4.3.3 want: 4.3.3
823 silly placeDep ROOT @tailwindcss/oxide-linux-arm-gnueabihf@4.3.3 OK for: @tailwindcss/oxide@4.3.3 want: 4.3.3
824 silly placeDep ROOT @tailwindcss/oxide-linux-arm64-gnu@4.3.3 OK for: @tailwindcss/oxide@4.3.3 want: 4.3.3
825 silly placeDep ROOT @tailwindcss/oxide-linux-arm64-musl@4.3.3 OK for: @tailwindcss/oxide@4.3.3 want: 4.3.3
826 silly placeDep ROOT @tailwindcss/oxide-linux-x64-gnu@4.3.3 OK for: @tailwindcss/oxide@4.3.3 want: 4.3.3
827 silly placeDep ROOT @tailwindcss/oxide-linux-x64-musl@4.3.3 OK for: @tailwindcss/oxide@4.3.3 want: 4.3.3
828 silly placeDep ROOT @tailwindcss/oxide-wasm32-wasi@4.3.3 OK for: @tailwindcss/oxide@4.3.3 want: 4.3.3
829 silly placeDep ROOT @tailwindcss/oxide-win32-arm64-msvc@4.3.3 OK for: @tailwindcss/oxide@4.3.3 want: 4.3.3
830 silly placeDep ROOT @tailwindcss/oxide-win32-x64-msvc@4.3.3 OK for: @tailwindcss/oxide@4.3.3 want: 4.3.3
831 silly placeDep ROOT undici-types@7.18.2 OK for: @types/node@24.13.3 want: ~7.18.0
832 silly placeDep ROOT csstype@3.2.3 OK for: @types/react@19.2.18 want: ^3.2.2
833 silly placeDep ROOT graceful-fs@4.2.11 OK for: enhanced-resolve@5.24.5 want: ^4.2.4
834 silly placeDep ROOT tapable@2.3.3 OK for: enhanced-resolve@5.24.5 want: ^2.3.3
835 silly placeDep ROOT js-yaml@3.15.2 OK for: gray-matter@4.0.3 want: ^3.13.1
836 silly placeDep ROOT kind-of@6.0.3 OK for: gray-matter@4.0.3 want: ^6.0.2
837 silly placeDep ROOT section-matter@1.0.0 OK for: gray-matter@4.0.3 want: ^1.0.0
838 silly placeDep ROOT strip-bom-string@1.0.0 OK for: gray-matter@4.0.3 want: ^1.0.0
839 silly fetch manifest esprima@^4.0.0
840 silly packumentCache full:https://registry.npmjs.org/esprima cache-miss
841 silly fetch manifest argparse@^1.0.7
842 silly packumentCache full:https://registry.npmjs.org/argparse cache-miss
843 silly fetch manifest extend-shallow@^2.0.1
844 silly packumentCache full:https://registry.npmjs.org/extend-shallow cache-miss
845 http fetch GET 200 https://registry.npmjs.org/extend-shallow 50ms (cache miss)
846 silly packumentCache full:https://registry.npmjs.org/extend-shallow set size:undefined disposed:false
847 http fetch GET 200 https://registry.npmjs.org/esprima 50ms (cache miss)
848 silly packumentCache full:https://registry.npmjs.org/esprima set size:undefined disposed:false
849 http fetch GET 200 https://registry.npmjs.org/argparse 53ms (cache miss)
850 silly packumentCache full:https://registry.npmjs.org/argparse set size:undefined disposed:false
851 silly placeDep ROOT argparse@1.0.10 OK for: js-yaml@3.15.2 want: ^1.0.7
852 silly placeDep ROOT esprima@4.0.1 OK for: js-yaml@3.15.2 want: ^4.0.0
853 silly fetch manifest sprintf-js@~1.0.2
854 silly packumentCache full:https://registry.npmjs.org/sprintf-js cache-miss
855 http fetch GET 200 https://registry.npmjs.org/sprintf-js 40ms (cache miss)
856 silly packumentCache full:https://registry.npmjs.org/sprintf-js set size:undefined disposed:false
857 silly placeDep ROOT sprintf-js@1.0.3 OK for: argparse@1.0.10 want: ~1.0.2
858 silly placeDep ROOT detect-libc@2.1.2 OK for: lightningcss@1.32.0 want: ^2.0.3
859 silly placeDep ROOT lightningcss-android-arm64@1.32.0 OK for: lightningcss@1.32.0 want: 1.32.0
860 silly placeDep ROOT lightningcss-darwin-arm64@1.32.0 OK for: lightningcss@1.32.0 want: 1.32.0
861 silly placeDep ROOT lightningcss-darwin-x64@1.32.0 OK for: lightningcss@1.32.0 want: 1.32.0
862 silly placeDep ROOT lightningcss-freebsd-x64@1.32.0 OK for: lightningcss@1.32.0 want: 1.32.0
863 silly placeDep ROOT lightningcss-linux-arm-gnueabihf@1.32.0 OK for: lightningcss@1.32.0 want: 1.32.0
864 silly placeDep ROOT lightningcss-linux-arm64-gnu@1.32.0 OK for: lightningcss@1.32.0 want: 1.32.0
865 silly placeDep ROOT lightningcss-linux-arm64-musl@1.32.0 OK for: lightningcss@1.32.0 want: 1.32.0
866 silly placeDep ROOT lightningcss-linux-x64-gnu@1.32.0 OK for: lightningcss@1.32.0 want: 1.32.0
867 silly placeDep ROOT lightningcss-linux-x64-musl@1.32.0 OK for: lightningcss@1.32.0 want: 1.32.0
868 silly placeDep ROOT lightningcss-win32-arm64-msvc@1.32.0 OK for: lightningcss@1.32.0 want: 1.32.0
869 silly placeDep ROOT lightningcss-win32-x64-msvc@1.32.0 OK for: lightningcss@1.32.0 want: 1.32.0
870 silly fetch manifest react@^18.2.0 || 19.0.0-rc-de68d2f4-20241204 || ^19.0.0
871 silly packumentCache full:https://registry.npmjs.org/react cache-miss
872 http fetch GET 200 https://registry.npmjs.org/react 11ms (cache hit)
873 silly packumentCache full:https://registry.npmjs.org/react set size:6941508 disposed:false
874 silly placeDep ROOT @next/env@16.3.3 OK for: next@16.3.3 want: 16.3.3
875 silly placeDep ROOT @next/swc-darwin-arm64@16.3.3 OK for: next@16.3.3 want: 16.3.3
876 silly placeDep ROOT @next/swc-darwin-x64@16.3.3 OK for: next@16.3.3 want: 16.3.3
877 silly placeDep ROOT @next/swc-linux-arm64-gnu@16.3.3 OK for: next@16.3.3 want: 16.3.3
878 silly placeDep ROOT @next/swc-linux-arm64-musl@16.3.3 OK for: next@16.3.3 want: 16.3.3
879 silly placeDep ROOT @next/swc-linux-x64-gnu@16.3.3 OK for: next@16.3.3 want: 16.3.3
880 silly placeDep ROOT @next/swc-linux-x64-musl@16.3.3 OK for: next@16.3.3 want: 16.3.3
881 silly placeDep ROOT @next/swc-win32-arm64-msvc@16.3.3 OK for: next@16.3.3 want: 16.3.3
882 silly placeDep ROOT @next/swc-win32-x64-msvc@16.3.3 OK for: next@16.3.3 want: 16.3.3
883 silly placeDep ROOT @swc/helpers@0.5.23 OK for: next@16.3.3 want: 0.5.23
884 silly placeDep ROOT baseline-browser-mapping@2.11.20 OK for: next@16.3.3 want: ^2.9.19
885 silly placeDep ROOT caniuse-lite@1.0.30001810 OK for: next@16.3.3 want: ^1.0.30001579
886 silly placeDep node_modules/next postcss@8.5.23 OK for: next@16.3.3 want: 8.5.23
887 silly placeDep ROOT sharp@0.35.4 OK for: next@16.3.3 want: ^0.35.3
888 silly placeDep ROOT styled-jsx@5.1.6 OK for: next@16.3.3 want: 5.1.6
889 silly fetch manifest tslib@^2.8.0
890 silly packumentCache full:https://registry.npmjs.org/tslib cache-miss
891 silly fetch manifest nanoid@^3.3.16
892 silly packumentCache full:https://registry.npmjs.org/nanoid cache-miss
893 silly fetch manifest semver@^7.8.5
894 silly packumentCache full:https://registry.npmjs.org/semver cache-miss
895 silly fetch manifest @img/colour@^1.1.0
896 silly packumentCache full:https://registry.npmjs.org/@img%2fcolour cache-miss
897 silly fetch manifest @img/sharp-linux-arm@0.35.4
898 silly packumentCache full:https://registry.npmjs.org/@img%2fsharp-linux-arm cache-miss
899 silly fetch manifest @img/sharp-linux-x64@0.35.4
900 silly packumentCache full:https://registry.npmjs.org/@img%2fsharp-linux-x64 cache-miss
901 silly fetch manifest @img/sharp-win32-x64@0.35.4
902 silly packumentCache full:https://registry.npmjs.org/@img%2fsharp-win32-x64 cache-miss
903 silly fetch manifest @img/sharp-darwin-x64@0.35.4
904 silly packumentCache full:https://registry.npmjs.org/@img%2fsharp-darwin-x64 cache-miss
905 silly fetch manifest @img/sharp-win32-ia32@0.35.4
906 silly packumentCache full:https://registry.npmjs.org/@img%2fsharp-win32-ia32 cache-miss
907 silly fetch manifest @img/sharp-linux-arm64@0.35.4
908 silly packumentCache full:https://registry.npmjs.org/@img%2fsharp-linux-arm64 cache-miss
909 silly fetch manifest @img/sharp-linux-ppc64@0.35.4
910 silly packumentCache full:https://registry.npmjs.org/@img%2fsharp-linux-ppc64 cache-miss
911 silly fetch manifest @img/sharp-linux-s390x@0.35.4
912 silly packumentCache full:https://registry.npmjs.org/@img%2fsharp-linux-s390x cache-miss
913 silly fetch manifest @img/sharp-win32-arm64@0.35.4
914 silly packumentCache full:https://registry.npmjs.org/@img%2fsharp-win32-arm64 cache-miss
915 silly fetch manifest @img/sharp-darwin-arm64@0.35.4
916 silly packumentCache full:https://registry.npmjs.org/@img%2fsharp-darwin-arm64 cache-miss
917 silly fetch manifest @img/sharp-linux-riscv64@0.35.4
918 silly packumentCache full:https://registry.npmjs.org/@img%2fsharp-linux-riscv64 cache-miss
919 silly fetch manifest @img/sharp-linuxmusl-x64@0.35.4
920 silly packumentCache full:https://registry.npmjs.org/@img%2fsharp-linuxmusl-x64 cache-miss
921 silly fetch manifest @img/sharp-freebsd-wasm32@0.35.4
922 silly packumentCache full:https://registry.npmjs.org/@img%2fsharp-freebsd-wasm32 cache-miss
923 silly fetch manifest @img/sharp-linuxmusl-arm64@0.35.4
924 silly packumentCache full:https://registry.npmjs.org/@img%2fsharp-linuxmusl-arm64 cache-miss
925 silly fetch manifest @img/sharp-libvips-linux-arm@1.3.3
926 silly packumentCache full:https://registry.npmjs.org/@img%2fsharp-libvips-linux-arm cache-miss
927 silly fetch manifest @img/sharp-libvips-linux-x64@1.3.3
928 silly packumentCache full:https://registry.npmjs.org/@img%2fsharp-libvips-linux-x64 cache-miss
929 silly fetch manifest @img/sharp-libvips-darwin-x64@1.3.3
930 silly packumentCache full:https://registry.npmjs.org/@img%2fsharp-libvips-darwin-x64 cache-miss
931 silly fetch manifest @img/sharp-libvips-linux-arm64@1.3.3
932 silly packumentCache full:https://registry.npmjs.org/@img%2fsharp-libvips-linux-arm64 cache-miss
933 silly fetch manifest @img/sharp-libvips-linux-ppc64@1.3.3
934 silly packumentCache full:https://registry.npmjs.org/@img%2fsharp-libvips-linux-ppc64 cache-miss
935 silly fetch manifest @img/sharp-libvips-linux-s390x@1.3.3
936 silly packumentCache full:https://registry.npmjs.org/@img%2fsharp-libvips-linux-s390x cache-miss
937 silly fetch manifest @img/sharp-libvips-darwin-arm64@1.3.3
938 silly packumentCache full:https://registry.npmjs.org/@img%2fsharp-libvips-darwin-arm64 cache-miss
939 silly fetch manifest @img/sharp-webcontainers-wasm32@0.35.4
940 silly packumentCache full:https://registry.npmjs.org/@img%2fsharp-webcontainers-wasm32 cache-miss
941 silly fetch manifest @img/sharp-libvips-linux-riscv64@1.3.3
942 silly packumentCache full:https://registry.npmjs.org/@img%2fsharp-libvips-linux-riscv64 cache-miss
943 http fetch GET 200 https://registry.npmjs.org/nanoid 11ms (cache hit)
944 silly packumentCache full:https://registry.npmjs.org/nanoid set size:342705 disposed:false
945 silly fetch manifest @img/sharp-libvips-linuxmusl-x64@1.3.3
946 silly packumentCache full:https://registry.npmjs.org/@img%2fsharp-libvips-linuxmusl-x64 cache-miss
947 http fetch GET 200 https://registry.npmjs.org/tslib 42ms (cache miss)
948 silly packumentCache full:https://registry.npmjs.org/tslib set size:undefined disposed:false
949 silly fetch manifest @img/sharp-libvips-linuxmusl-arm64@1.3.3
950 silly packumentCache full:https://registry.npmjs.org/@img%2fsharp-libvips-linuxmusl-arm64 cache-miss
951 http fetch GET 200 https://registry.npmjs.org/semver 48ms (cache miss)
952 silly packumentCache full:https://registry.npmjs.org/semver set size:undefined disposed:false
953 silly fetch manifest client-only@0.0.1
954 silly packumentCache full:https://registry.npmjs.org/client-only cache-miss
955 http fetch GET 200 https://registry.npmjs.org/@img%2fcolour 58ms (cache miss)
956 silly packumentCache full:https://registry.npmjs.org/@img%2fcolour set size:undefined disposed:false
957 http fetch GET 200 https://registry.npmjs.org/@img%2fsharp-win32-arm64 60ms (cache miss)
958 silly packumentCache full:https://registry.npmjs.org/@img%2fsharp-win32-arm64 set size:undefined disposed:false
959 http fetch GET 200 https://registry.npmjs.org/@img%2fsharp-linuxmusl-x64 60ms (cache miss)
960 silly packumentCache full:https://registry.npmjs.org/@img%2fsharp-linuxmusl-x64 set size:undefined disposed:false
961 http fetch GET 200 https://registry.npmjs.org/@img%2fsharp-linux-arm64 63ms (cache miss)
962 silly packumentCache full:https://registry.npmjs.org/@img%2fsharp-linux-arm64 set size:undefined disposed:false
963 http fetch GET 200 https://registry.npmjs.org/@img%2fsharp-linux-s390x 63ms (cache miss)
964 silly packumentCache full:https://registry.npmjs.org/@img%2fsharp-linux-s390x set size:undefined disposed:false
965 http fetch GET 200 https://registry.npmjs.org/@img%2fsharp-win32-x64 66ms (cache miss)
966 silly packumentCache full:https://registry.npmjs.org/@img%2fsharp-win32-x64 set size:undefined disposed:false
967 http fetch GET 200 https://registry.npmjs.org/@img%2fsharp-linux-ppc64 68ms (cache miss)
968 silly packumentCache full:https://registry.npmjs.org/@img%2fsharp-linux-ppc64 set size:undefined disposed:false
969 http fetch GET 200 https://registry.npmjs.org/@img%2fsharp-linux-arm 69ms (cache miss)
970 silly packumentCache full:https://registry.npmjs.org/@img%2fsharp-linux-arm set size:undefined disposed:false
971 http fetch GET 200 https://registry.npmjs.org/@img%2fsharp-linux-riscv64 68ms (cache miss)
972 silly packumentCache full:https://registry.npmjs.org/@img%2fsharp-linux-riscv64 set size:undefined disposed:false
973 http fetch GET 200 https://registry.npmjs.org/@img%2fsharp-darwin-arm64 69ms (cache miss)
974 silly packumentCache full:https://registry.npmjs.org/@img%2fsharp-darwin-arm64 set size:undefined disposed:false
975 http fetch GET 200 https://registry.npmjs.org/@img%2fsharp-darwin-x64 72ms (cache miss)
976 silly packumentCache full:https://registry.npmjs.org/@img%2fsharp-darwin-x64 set size:undefined disposed:false
977 http fetch GET 200 https://registry.npmjs.org/@img%2fsharp-win32-ia32 75ms (cache miss)
978 silly packumentCache full:https://registry.npmjs.org/@img%2fsharp-win32-ia32 set size:undefined disposed:false
979 http fetch GET 200 https://registry.npmjs.org/@img%2fsharp-linux-x64 83ms (cache miss)
980 silly packumentCache full:https://registry.npmjs.org/@img%2fsharp-linux-x64 set size:undefined disposed:false
981 http fetch GET 200 https://registry.npmjs.org/@img%2fsharp-freebsd-wasm32 94ms (cache miss)
982 silly packumentCache full:https://registry.npmjs.org/@img%2fsharp-freebsd-wasm32 set size:undefined disposed:false
983 http fetch GET 200 https://registry.npmjs.org/@img%2fsharp-libvips-linux-arm64 104ms (cache miss)
984 silly packumentCache full:https://registry.npmjs.org/@img%2fsharp-libvips-linux-arm64 set size:undefined disposed:false
985 http fetch GET 200 https://registry.npmjs.org/@img%2fsharp-libvips-linux-arm 106ms (cache miss)
986 silly packumentCache full:https://registry.npmjs.org/@img%2fsharp-libvips-linux-arm set size:undefined disposed:false
987 http fetch GET 200 https://registry.npmjs.org/@img%2fsharp-libvips-darwin-x64 108ms (cache miss)
988 silly packumentCache full:https://registry.npmjs.org/@img%2fsharp-libvips-darwin-x64 set size:undefined disposed:false
989 http fetch GET 200 https://registry.npmjs.org/@img%2fsharp-libvips-linux-ppc64 109ms (cache miss)
990 silly packumentCache full:https://registry.npmjs.org/@img%2fsharp-libvips-linux-ppc64 set size:undefined disposed:false
991 http fetch GET 200 https://registry.npmjs.org/@img%2fsharp-libvips-linux-x64 111ms (cache miss)
992 silly packumentCache full:https://registry.npmjs.org/@img%2fsharp-libvips-linux-x64 set size:undefined disposed:false
993 http fetch GET 200 https://registry.npmjs.org/@img%2fsharp-libvips-linux-s390x 111ms (cache miss)
994 silly packumentCache full:https://registry.npmjs.org/@img%2fsharp-libvips-linux-s390x set size:undefined disposed:false
995 http fetch GET 200 https://registry.npmjs.org/@img%2fsharp-libvips-linux-riscv64 112ms (cache miss)
996 silly packumentCache full:https://registry.npmjs.org/@img%2fsharp-libvips-linux-riscv64 set size:undefined disposed:false
997 http fetch GET 200 https://registry.npmjs.org/@img%2fsharp-linuxmusl-arm64 113ms (cache miss)
998 silly packumentCache full:https://registry.npmjs.org/@img%2fsharp-linuxmusl-arm64 set size:undefined disposed:false
999 http fetch GET 200 https://registry.npmjs.org/@img%2fsharp-webcontainers-wasm32 114ms (cache miss)
1000 silly packumentCache full:https://registry.npmjs.org/@img%2fsharp-webcontainers-wasm32 set size:undefined disposed:false
1001 http fetch GET 200 https://registry.npmjs.org/@img%2fsharp-libvips-darwin-arm64 115ms (cache miss)
1002 silly packumentCache full:https://registry.npmjs.org/@img%2fsharp-libvips-darwin-arm64 set size:undefined disposed:false
1003 http fetch GET 200 https://registry.npmjs.org/@img%2fsharp-libvips-linuxmusl-x64 104ms (cache miss)
1004 silly packumentCache full:https://registry.npmjs.org/@img%2fsharp-libvips-linuxmusl-x64 set size:undefined disposed:false
1005 http fetch GET 200 https://registry.npmjs.org/@img%2fsharp-libvips-linuxmusl-arm64 90ms (cache miss)
1006 silly packumentCache full:https://registry.npmjs.org/@img%2fsharp-libvips-linuxmusl-arm64 set size:undefined disposed:false
1007 http fetch GET 200 https://registry.npmjs.org/client-only 226ms (cache miss)
1008 silly packumentCache full:https://registry.npmjs.org/client-only set size:undefined disposed:false
1009 silly placeDep ROOT tslib@2.8.1 OK for: @swc/helpers@0.5.23 want: ^2.8.0
1010 silly fetch manifest @types/react@>=16
1011 silly packumentCache full:https://registry.npmjs.org/@types%2freact cache-miss
1012 http fetch GET 200 https://registry.npmjs.org/@types%2freact 6ms (cache hit)
1013 silly packumentCache full:https://registry.npmjs.org/@types%2freact set size:2637439 disposed:false
1014 silly fetch manifest react@>=16
1015 silly packumentCache full:https://registry.npmjs.org/react cache-miss
1016 http fetch GET 200 https://registry.npmjs.org/react 15ms (cache hit)
1017 silly packumentCache full:https://registry.npmjs.org/react set size:6941508 disposed:false
1018 silly placeDep ROOT @babel/code-frame@7.29.7 OK for: next-mdx-remote@6.0.0 want: ^7.23.5
1019 silly placeDep ROOT @mdx-js/mdx@3.1.1 OK for: next-mdx-remote@6.0.0 want: ^3.0.1
1020 silly placeDep ROOT @mdx-js/react@3.1.1 OK for: next-mdx-remote@6.0.0 want: ^3.0.1
1021 silly placeDep ROOT unist-util-remove@4.0.0 OK for: next-mdx-remote@6.0.0 want: ^4.0.0
1022 silly placeDep ROOT unist-util-visit@5.1.0 OK for: next-mdx-remote@6.0.0 want: ^5.1.0
1023 silly placeDep ROOT vfile@6.0.3 OK for: next-mdx-remote@6.0.0 want: ^6.0.1
1024 silly placeDep ROOT vfile-matter@5.0.1 OK for: next-mdx-remote@6.0.0 want: ^5.0.0
1025 silly fetch manifest js-tokens@^4.0.0
1026 silly packumentCache full:https://registry.npmjs.org/js-tokens cache-miss
1027 silly fetch manifest @babel/helper-validator-identifier@^7.29.7
1028 silly packumentCache full:https://registry.npmjs.org/@babel%2fhelper-validator-identifier cache-miss
1029 silly fetch manifest @types/estree@^1.0.0
1030 silly packumentCache full:https://registry.npmjs.org/@types%2festree cache-miss
1031 silly fetch manifest @types/estree-jsx@^1.0.0
1032 silly packumentCache full:https://registry.npmjs.org/@types%2festree-jsx cache-miss
1033 silly fetch manifest @types/hast@^3.0.0
1034 silly packumentCache full:https://registry.npmjs.org/@types%2fhast cache-miss
1035 silly fetch manifest @types/mdx@^2.0.0
1036 silly packumentCache full:https://registry.npmjs.org/@types%2fmdx cache-miss
1037 silly fetch manifest acorn@^8.0.0
1038 silly packumentCache full:https://registry.npmjs.org/acorn cache-miss
1039 silly fetch manifest collapse-white-space@^2.0.0
1040 silly packumentCache full:https://registry.npmjs.org/collapse-white-space cache-miss
1041 silly fetch manifest devlop@^1.0.0
1042 silly packumentCache full:https://registry.npmjs.org/devlop cache-miss
1043 silly fetch manifest estree-util-is-identifier-name@^3.0.0
1044 silly packumentCache full:https://registry.npmjs.org/estree-util-is-identifier-name cache-miss
1045 silly fetch manifest estree-util-scope@^1.0.0
1046 silly packumentCache full:https://registry.npmjs.org/estree-util-scope cache-miss
1047 silly fetch manifest estree-walker@^3.0.0
1048 silly packumentCache full:https://registry.npmjs.org/estree-walker cache-miss
1049 silly fetch manifest hast-util-to-jsx-runtime@^2.0.0
1050 silly packumentCache full:https://registry.npmjs.org/hast-util-to-jsx-runtime cache-miss
1051 silly fetch manifest markdown-extensions@^2.0.0
1052 silly packumentCache full:https://registry.npmjs.org/markdown-extensions cache-miss
1053 silly fetch manifest recma-build-jsx@^1.0.0
1054 silly packumentCache full:https://registry.npmjs.org/recma-build-jsx cache-miss
1055 silly fetch manifest recma-jsx@^1.0.0
1056 silly packumentCache full:https://registry.npmjs.org/recma-jsx cache-miss
1057 silly fetch manifest recma-stringify@^1.0.0
1058 silly packumentCache full:https://registry.npmjs.org/recma-stringify cache-miss
1059 silly fetch manifest rehype-recma@^1.0.0
1060 silly packumentCache full:https://registry.npmjs.org/rehype-recma cache-miss
1061 silly fetch manifest remark-mdx@^3.0.0
1062 silly packumentCache full:https://registry.npmjs.org/remark-mdx cache-miss
1063 silly fetch manifest remark-rehype@^11.0.0
1064 silly packumentCache full:https://registry.npmjs.org/remark-rehype cache-miss
1065 silly fetch manifest source-map@^0.7.0
1066 silly packumentCache full:https://registry.npmjs.org/source-map cache-miss
1067 silly fetch manifest unist-util-position-from-estree@^2.0.0
1068 silly packumentCache full:https://registry.npmjs.org/unist-util-position-from-estree cache-miss
1069 silly fetch manifest unist-util-stringify-position@^4.0.0
1070 silly packumentCache full:https://registry.npmjs.org/unist-util-stringify-position cache-miss
1071 silly fetch manifest unist-util-visit@^5.0.0
1072 silly packumentCache full:https://registry.npmjs.org/unist-util-visit cache-miss
1073 silly fetch manifest vfile@^6.0.0
1074 silly packumentCache full:https://registry.npmjs.org/vfile cache-miss
1075 silly fetch manifest @types/mdx@^2.0.0
1076 silly packumentCache full:https://registry.npmjs.org/@types%2fmdx cache-miss
1077 silly fetch manifest @types/unist@^3.0.0
1078 silly packumentCache full:https://registry.npmjs.org/@types%2funist cache-miss
1079 http fetch GET 200 https://registry.npmjs.org/unist-util-visit 9ms (cache hit)
1080 silly packumentCache full:https://registry.npmjs.org/unist-util-visit set size:90557 disposed:false
1081 silly fetch manifest unist-util-is@^6.0.0
1082 silly packumentCache full:https://registry.npmjs.org/unist-util-is cache-miss
1083 http fetch GET 200 https://registry.npmjs.org/vfile 10ms (cache hit)
1084 silly packumentCache full:https://registry.npmjs.org/vfile set size:172678 disposed:false
1085 silly fetch manifest unist-util-visit-parents@^6.0.0
1086 silly packumentCache full:https://registry.npmjs.org/unist-util-visit-parents cache-miss
1087 http fetch GET 200 https://registry.npmjs.org/@types%2festree-jsx 44ms (cache miss)
1088 silly packumentCache full:https://registry.npmjs.org/@types%2festree-jsx set size:undefined disposed:false
1089 silly fetch manifest @types/unist@^3.0.0
1090 silly packumentCache full:https://registry.npmjs.org/@types%2funist cache-miss
1091 http fetch GET 200 https://registry.npmjs.org/devlop 54ms (cache miss)
1092 silly packumentCache full:https://registry.npmjs.org/devlop set size:undefined disposed:false
1093 silly fetch manifest unist-util-is@^6.0.0
1094 silly packumentCache full:https://registry.npmjs.org/unist-util-is cache-miss
1095 http fetch GET 200 https://registry.npmjs.org/js-tokens 56ms (cache miss)
1096 silly packumentCache full:https://registry.npmjs.org/js-tokens set size:undefined disposed:false
1097 silly fetch manifest unist-util-visit-parents@^6.0.0
1098 silly packumentCache full:https://registry.npmjs.org/unist-util-visit-parents cache-miss
1099 http fetch GET 200 https://registry.npmjs.org/@types%2festree 56ms (cache miss)
1100 silly packumentCache full:https://registry.npmjs.org/@types%2festree set size:undefined disposed:false
1101 silly fetch manifest @types/unist@^3.0.0
1102 silly packumentCache full:https://registry.npmjs.org/@types%2funist cache-miss
1103 http fetch GET 200 https://registry.npmjs.org/hast-util-to-jsx-runtime 57ms (cache miss)
1104 silly packumentCache full:https://registry.npmjs.org/hast-util-to-jsx-runtime set size:undefined disposed:false
1105 silly fetch manifest vfile-message@^4.0.0
1106 silly packumentCache full:https://registry.npmjs.org/vfile-message cache-miss
1107 http fetch GET 200 https://registry.npmjs.org/estree-walker 58ms (cache miss)
1108 silly packumentCache full:https://registry.npmjs.org/estree-walker set size:undefined disposed:false
1109 silly fetch manifest yaml@^2.0.0
1110 silly packumentCache full:https://registry.npmjs.org/yaml cache-miss
1111 http fetch GET 200 https://registry.npmjs.org/estree-util-is-identifier-name 59ms (cache miss)
1112 silly packumentCache full:https://registry.npmjs.org/estree-util-is-identifier-name set size:undefined disposed:false
1113 http fetch GET 200 https://registry.npmjs.org/@types%2fhast 60ms (cache miss)
1114 silly packumentCache full:https://registry.npmjs.org/@types%2fhast set size:undefined disposed:false
1115 http fetch GET 200 https://registry.npmjs.org/@babel%2fhelper-validator-identifier 60ms (cache miss)
1116 silly packumentCache full:https://registry.npmjs.org/@babel%2fhelper-validator-identifier set size:undefined disposed:false
1117 http fetch GET 200 https://registry.npmjs.org/acorn 62ms (cache miss)
1118 silly packumentCache full:https://registry.npmjs.org/acorn set size:undefined disposed:false
1119 http fetch GET 200 https://registry.npmjs.org/yaml 6ms (cache hit)
1120 silly packumentCache full:https://registry.npmjs.org/yaml set size:385754 disposed:false
1121 http fetch GET 200 https://registry.npmjs.org/source-map 90ms (cache miss)
1122 silly packumentCache full:https://registry.npmjs.org/source-map set size:undefined disposed:false
1123 http fetch GET 200 https://registry.npmjs.org/remark-rehype 95ms (cache miss)
1124 silly packumentCache full:https://registry.npmjs.org/remark-rehype set size:undefined disposed:false
1125 http fetch GET 200 https://registry.npmjs.org/@types%2funist 97ms (cache miss)
1126 silly packumentCache full:https://registry.npmjs.org/@types%2funist set size:undefined disposed:false
1127 http fetch GET 200 https://registry.npmjs.org/unist-util-position-from-estree 98ms (cache miss)
1128 silly packumentCache full:https://registry.npmjs.org/unist-util-position-from-estree set size:undefined disposed:false
1129 http fetch GET 200 https://registry.npmjs.org/unist-util-is 120ms (cache miss)
1130 silly packumentCache full:https://registry.npmjs.org/unist-util-is set size:undefined disposed:false
1131 http fetch GET 200 https://registry.npmjs.org/unist-util-is 79ms (cache miss)
1132 silly packumentCache full:https://registry.npmjs.org/unist-util-is set size:undefined disposed:false
1133 http fetch GET 200 https://registry.npmjs.org/@types%2funist 94ms (cache miss)
1134 silly packumentCache full:https://registry.npmjs.org/@types%2funist set size:undefined disposed:false
1135 http fetch GET 200 https://registry.npmjs.org/unist-util-visit-parents 130ms (cache miss)
1136 silly packumentCache full:https://registry.npmjs.org/unist-util-visit-parents set size:undefined disposed:false
1137 http fetch GET 200 https://registry.npmjs.org/unist-util-visit-parents 114ms (cache miss)
1138 silly packumentCache full:https://registry.npmjs.org/unist-util-visit-parents set size:undefined disposed:false
1139 http fetch GET 200 https://registry.npmjs.org/@types%2funist 115ms (cache miss)
1140 silly packumentCache full:https://registry.npmjs.org/@types%2funist set size:undefined disposed:false
1141 http fetch GET 200 https://registry.npmjs.org/estree-util-scope 223ms (cache miss)
1142 silly packumentCache full:https://registry.npmjs.org/estree-util-scope set size:undefined disposed:false
1143 http fetch GET 200 https://registry.npmjs.org/recma-build-jsx 225ms (cache miss)
1144 silly packumentCache full:https://registry.npmjs.org/recma-build-jsx set size:undefined disposed:false
1145 http fetch GET 200 https://registry.npmjs.org/collapse-white-space 226ms (cache miss)
1146 silly packumentCache full:https://registry.npmjs.org/collapse-white-space set size:undefined disposed:false
1147 http fetch GET 200 https://registry.npmjs.org/@types%2fmdx 237ms (cache miss)
1148 silly packumentCache full:https://registry.npmjs.org/@types%2fmdx set size:undefined disposed:false
1149 http fetch GET 200 https://registry.npmjs.org/@types%2fmdx 236ms (cache miss)
1150 silly packumentCache full:https://registry.npmjs.org/@types%2fmdx set size:undefined disposed:false
1151 http fetch GET 200 https://registry.npmjs.org/markdown-extensions 240ms (cache miss)
1152 silly packumentCache full:https://registry.npmjs.org/markdown-extensions set size:undefined disposed:false
1153 http fetch GET 200 https://registry.npmjs.org/recma-stringify 246ms (cache miss)
1154 silly packumentCache full:https://registry.npmjs.org/recma-stringify set size:undefined disposed:false
1155 http fetch GET 200 https://registry.npmjs.org/rehype-recma 250ms (cache miss)
1156 silly packumentCache full:https://registry.npmjs.org/rehype-recma set size:undefined disposed:false
1157 http fetch GET 200 https://registry.npmjs.org/unist-util-stringify-position 258ms (cache miss)
1158 silly packumentCache full:https://registry.npmjs.org/unist-util-stringify-position set size:undefined disposed:false
1159 http fetch GET 200 https://registry.npmjs.org/remark-mdx 259ms (cache miss)
1160 silly packumentCache full:https://registry.npmjs.org/remark-mdx set size:undefined disposed:false
1161 http fetch GET 200 https://registry.npmjs.org/recma-jsx 271ms (cache miss)
1162 silly packumentCache full:https://registry.npmjs.org/recma-jsx set size:undefined disposed:false
1163 http fetch GET 200 https://registry.npmjs.org/vfile-message 285ms (cache miss)
1164 silly packumentCache full:https://registry.npmjs.org/vfile-message set size:undefined disposed:false
1165 silly placeDep ROOT @babel/helper-validator-identifier@7.29.7 OK for: @babel/code-frame@7.29.7 want: ^7.29.7
1166 silly placeDep ROOT js-tokens@4.0.0 OK for: @babel/code-frame@7.29.7 want: ^4.0.0
1167 silly placeDep ROOT picocolors@1.1.1 OK for: @babel/code-frame@7.29.7 want: ^1.1.1
1168 silly placeDep ROOT @types/estree@1.0.9 OK for: @mdx-js/mdx@3.1.1 want: ^1.0.0
1169 silly placeDep ROOT @types/estree-jsx@1.0.5 OK for: @mdx-js/mdx@3.1.1 want: ^1.0.0
1170 silly placeDep ROOT @types/hast@3.0.5 OK for: @mdx-js/mdx@3.1.1 want: ^3.0.0
1171 silly placeDep ROOT @types/mdx@2.0.14 OK for: @mdx-js/mdx@3.1.1 want: ^2.0.0
1172 silly placeDep ROOT acorn@8.18.0 OK for: @mdx-js/mdx@3.1.1 want: ^8.0.0
1173 silly placeDep ROOT collapse-white-space@2.1.0 OK for: @mdx-js/mdx@3.1.1 want: ^2.0.0
1174 silly placeDep ROOT devlop@1.1.0 OK for: @mdx-js/mdx@3.1.1 want: ^1.0.0
1175 silly placeDep ROOT estree-util-is-identifier-name@3.0.0 OK for: @mdx-js/mdx@3.1.1 want: ^3.0.0
1176 silly placeDep ROOT estree-util-scope@1.0.1 OK for: @mdx-js/mdx@3.1.1 want: ^1.0.0
1177 silly placeDep ROOT estree-walker@3.0.3 OK for: @mdx-js/mdx@3.1.1 want: ^3.0.0
1178 silly placeDep ROOT hast-util-to-jsx-runtime@2.3.6 OK for: @mdx-js/mdx@3.1.1 want: ^2.0.0
1179 silly placeDep ROOT markdown-extensions@2.0.0 OK for: @mdx-js/mdx@3.1.1 want: ^2.0.0
1180 silly placeDep ROOT recma-build-jsx@1.0.0 OK for: @mdx-js/mdx@3.1.1 want: ^1.0.0
1181 silly placeDep ROOT recma-jsx@1.0.1 OK for: @mdx-js/mdx@3.1.1 want: ^1.0.0
1182 silly placeDep ROOT recma-stringify@1.0.0 OK for: @mdx-js/mdx@3.1.1 want: ^1.0.0
1183 silly placeDep ROOT rehype-recma@1.0.0 OK for: @mdx-js/mdx@3.1.1 want: ^1.0.0
1184 silly placeDep ROOT remark-mdx@3.1.1 OK for: @mdx-js/mdx@3.1.1 want: ^3.0.0
1185 silly placeDep ROOT remark-parse@11.0.0 OK for: @mdx-js/mdx@3.1.1 want: ^11.0.0
1186 silly placeDep ROOT remark-rehype@11.1.2 OK for: @mdx-js/mdx@3.1.1 want: ^11.0.0
1187 silly placeDep ROOT source-map@0.7.6 OK for: @mdx-js/mdx@3.1.1 want: ^0.7.0
1188 silly placeDep ROOT unified@11.0.5 OK for: @mdx-js/mdx@3.1.1 want: ^11.0.0
1189 silly placeDep ROOT unist-util-position-from-estree@2.0.0 OK for: @mdx-js/mdx@3.1.1 want: ^2.0.0
1190 silly placeDep ROOT unist-util-stringify-position@4.0.0 OK for: @mdx-js/mdx@3.1.1 want: ^4.0.0
1191 silly fetch manifest @types/unist@*
1192 silly packumentCache full:https://registry.npmjs.org/@types%2funist cache-miss
1193 silly fetch manifest dequal@^2.0.0
1194 silly packumentCache full:https://registry.npmjs.org/dequal cache-miss
1195 silly fetch manifest comma-separated-tokens@^2.0.0
1196 silly packumentCache full:https://registry.npmjs.org/comma-separated-tokens cache-miss
1197 silly fetch manifest hast-util-whitespace@^3.0.0
1198 silly packumentCache full:https://registry.npmjs.org/hast-util-whitespace cache-miss
1199 silly fetch manifest mdast-util-mdx-expression@^2.0.0
1200 silly packumentCache full:https://registry.npmjs.org/mdast-util-mdx-expression cache-miss
1201 silly fetch manifest mdast-util-mdx-jsx@^3.0.0
1202 silly packumentCache full:https://registry.npmjs.org/mdast-util-mdx-jsx cache-miss
1203 silly fetch manifest mdast-util-mdxjs-esm@^2.0.0
1204 silly packumentCache full:https://registry.npmjs.org/mdast-util-mdxjs-esm cache-miss
1205 silly fetch manifest property-information@^7.0.0
1206 silly packumentCache full:https://registry.npmjs.org/property-information cache-miss
1207 silly fetch manifest space-separated-tokens@^2.0.0
1208 silly packumentCache full:https://registry.npmjs.org/space-separated-tokens cache-miss
1209 silly fetch manifest style-to-js@^1.0.0
1210 silly packumentCache full:https://registry.npmjs.org/style-to-js cache-miss
1211 silly fetch manifest unist-util-position@^5.0.0
1212 silly packumentCache full:https://registry.npmjs.org/unist-util-position cache-miss
1213 silly fetch manifest estree-util-build-jsx@^3.0.0
1214 silly packumentCache full:https://registry.npmjs.org/estree-util-build-jsx cache-miss
1215 silly fetch manifest acorn-jsx@^5.0.0
1216 silly packumentCache full:https://registry.npmjs.org/acorn-jsx cache-miss
1217 silly fetch manifest estree-util-to-js@^2.0.0
1218 silly packumentCache full:https://registry.npmjs.org/estree-util-to-js cache-miss
1219 silly fetch manifest recma-parse@^1.0.0
1220 silly packumentCache full:https://registry.npmjs.org/recma-parse cache-miss
1221 silly fetch manifest estree-util-to-js@^2.0.0
1222 silly packumentCache full:https://registry.npmjs.org/estree-util-to-js cache-miss
1223 silly fetch manifest hast-util-to-estree@^3.0.0
1224 silly packumentCache full:https://registry.npmjs.org/hast-util-to-estree cache-miss
1225 silly fetch manifest mdast-util-mdx@^3.0.0
1226 silly packumentCache full:https://registry.npmjs.org/mdast-util-mdx cache-miss
1227 silly fetch manifest micromark-extension-mdxjs@^3.0.0
1228 silly packumentCache full:https://registry.npmjs.org/micromark-extension-mdxjs cache-miss
1229 silly fetch manifest mdast-util-from-markdown@^2.0.0
1230 silly packumentCache full:https://registry.npmjs.org/mdast-util-from-markdown cache-miss
1231 silly fetch manifest micromark-util-types@^2.0.0
1232 silly packumentCache full:https://registry.npmjs.org/micromark-util-types cache-miss
1233 silly fetch manifest mdast-util-to-hast@^13.0.0
1234 silly packumentCache full:https://registry.npmjs.org/mdast-util-to-hast cache-miss
1235 silly fetch manifest bail@^2.0.0
1236 silly packumentCache full:https://registry.npmjs.org/bail cache-miss
1237 silly fetch manifest extend@^3.0.0
1238 silly packumentCache full:https://registry.npmjs.org/extend cache-miss
1239 silly fetch manifest is-plain-obj@^4.0.0
1240 silly packumentCache full:https://registry.npmjs.org/is-plain-obj cache-miss
1241 silly fetch manifest trough@^2.0.0
1242 silly packumentCache full:https://registry.npmjs.org/trough cache-miss
1243 http fetch GET 200 https://registry.npmjs.org/@types%2funist 11ms (cache hit)
1244 silly packumentCache full:https://registry.npmjs.org/@types%2funist set size:39215 disposed:false
1245 http fetch GET 200 https://registry.npmjs.org/mdast-util-mdxjs-esm 48ms (cache miss)
1246 silly packumentCache full:https://registry.npmjs.org/mdast-util-mdxjs-esm set size:undefined disposed:false
1247 http fetch GET 200 https://registry.npmjs.org/space-separated-tokens 51ms (cache miss)
1248 silly packumentCache full:https://registry.npmjs.org/space-separated-tokens set size:undefined disposed:false
1249 http fetch GET 200 https://registry.npmjs.org/comma-separated-tokens 54ms (cache miss)
1250 silly packumentCache full:https://registry.npmjs.org/comma-separated-tokens set size:undefined disposed:false
1251 http fetch GET 200 https://registry.npmjs.org/acorn-jsx 54ms (cache miss)
1252 silly packumentCache full:https://registry.npmjs.org/acorn-jsx set size:undefined disposed:false
1253 http fetch GET 200 https://registry.npmjs.org/unist-util-position 56ms (cache miss)
1254 silly packumentCache full:https://registry.npmjs.org/unist-util-position set size:undefined disposed:false
1255 http fetch GET 200 https://registry.npmjs.org/style-to-js 58ms (cache miss)
1256 silly packumentCache full:https://registry.npmjs.org/style-to-js set size:undefined disposed:false
1257 http fetch GET 200 https://registry.npmjs.org/mdast-util-mdx-expression 60ms (cache miss)
1258 silly packumentCache full:https://registry.npmjs.org/mdast-util-mdx-expression set size:undefined disposed:false
1259 http fetch GET 200 https://registry.npmjs.org/property-information 62ms (cache miss)
1260 silly packumentCache full:https://registry.npmjs.org/property-information set size:undefined disposed:false
1261 http fetch GET 200 https://registry.npmjs.org/mdast-util-from-markdown 91ms (cache miss)
1262 silly packumentCache full:https://registry.npmjs.org/mdast-util-from-markdown set size:undefined disposed:false
1263 http fetch GET 200 https://registry.npmjs.org/bail 97ms (cache miss)
1264 silly packumentCache full:https://registry.npmjs.org/bail set size:undefined disposed:false
1265 http fetch GET 200 https://registry.npmjs.org/extend 97ms (cache miss)
1266 silly packumentCache full:https://registry.npmjs.org/extend set size:undefined disposed:false
1267 http fetch GET 200 https://registry.npmjs.org/mdast-util-to-hast 99ms (cache miss)
1268 silly packumentCache full:https://registry.npmjs.org/mdast-util-to-hast set size:undefined disposed:false
1269 http fetch GET 200 https://registry.npmjs.org/is-plain-obj 131ms (cache miss)
1270 silly packumentCache full:https://registry.npmjs.org/is-plain-obj set size:undefined disposed:false
1271 http fetch GET 200 https://registry.npmjs.org/trough 139ms (cache miss)
1272 silly packumentCache full:https://registry.npmjs.org/trough set size:undefined disposed:false
1273 http fetch GET 200 https://registry.npmjs.org/estree-util-to-js 220ms (cache miss)
1274 silly packumentCache full:https://registry.npmjs.org/estree-util-to-js set size:undefined disposed:false
1275 http fetch GET 200 https://registry.npmjs.org/hast-util-whitespace 229ms (cache miss)
1276 silly packumentCache full:https://registry.npmjs.org/hast-util-whitespace set size:undefined disposed:false
1277 http fetch GET 200 https://registry.npmjs.org/dequal 240ms (cache miss)
1278 silly packumentCache full:https://registry.npmjs.org/dequal set size:undefined disposed:false
1279 http fetch GET 200 https://registry.npmjs.org/estree-util-build-jsx 240ms (cache miss)
1280 silly packumentCache full:https://registry.npmjs.org/estree-util-build-jsx set size:undefined disposed:false
1281 http fetch GET 200 https://registry.npmjs.org/mdast-util-mdx-jsx 243ms (cache miss)
1282 silly packumentCache full:https://registry.npmjs.org/mdast-util-mdx-jsx set size:undefined disposed:false
1283 http fetch GET 200 https://registry.npmjs.org/estree-util-to-js 244ms (cache miss)
1284 silly packumentCache full:https://registry.npmjs.org/estree-util-to-js set size:undefined disposed:false
1285 http fetch GET 200 https://registry.npmjs.org/recma-parse 244ms (cache miss)
1286 silly packumentCache full:https://registry.npmjs.org/recma-parse set size:undefined disposed:false
1287 http fetch GET 200 https://registry.npmjs.org/hast-util-to-estree 260ms (cache miss)
1288 silly packumentCache full:https://registry.npmjs.org/hast-util-to-estree set size:undefined disposed:false
1289 http fetch GET 200 https://registry.npmjs.org/mdast-util-mdx 264ms (cache miss)
1290 silly packumentCache full:https://registry.npmjs.org/mdast-util-mdx set size:undefined disposed:false
1291 http fetch GET 200 https://registry.npmjs.org/micromark-extension-mdxjs 289ms (cache miss)
1292 silly packumentCache full:https://registry.npmjs.org/micromark-extension-mdxjs set size:undefined disposed:false
1293 http fetch GET 200 https://registry.npmjs.org/micromark-util-types 291ms (cache miss)
1294 silly packumentCache full:https://registry.npmjs.org/micromark-util-types set size:undefined disposed:false
1295 silly placeDep ROOT @types/unist@3.0.3 OK for: @types/hast@3.0.5 want: *
1296 silly placeDep ROOT dequal@2.0.3 OK for: devlop@1.1.0 want: ^2.0.0
1297 silly placeDep ROOT comma-separated-tokens@2.0.3 OK for: hast-util-to-jsx-runtime@2.3.6 want: ^2.0.0
1298 silly placeDep ROOT hast-util-whitespace@3.0.0 OK for: hast-util-to-jsx-runtime@2.3.6 want: ^3.0.0
1299 silly placeDep ROOT mdast-util-mdx-expression@2.0.1 OK for: hast-util-to-jsx-runtime@2.3.6 want: ^2.0.0
1300 silly placeDep ROOT mdast-util-mdx-jsx@3.2.0 OK for: hast-util-to-jsx-runtime@2.3.6 want: ^3.0.0
1301 silly placeDep ROOT mdast-util-mdxjs-esm@2.0.1 OK for: hast-util-to-jsx-runtime@2.3.6 want: ^2.0.0
1302 silly placeDep ROOT property-information@7.2.0 OK for: hast-util-to-jsx-runtime@2.3.6 want: ^7.0.0
1303 silly placeDep ROOT space-separated-tokens@2.0.2 OK for: hast-util-to-jsx-runtime@2.3.6 want: ^2.0.0
1304 silly placeDep ROOT style-to-js@1.1.21 OK for: hast-util-to-jsx-runtime@2.3.6 want: ^1.0.0
1305 silly placeDep ROOT unist-util-position@5.0.0 OK for: hast-util-to-jsx-runtime@2.3.6 want: ^5.0.0
1306 silly placeDep ROOT vfile-message@4.0.3 OK for: hast-util-to-jsx-runtime@2.3.6 want: ^4.0.0
1307 silly fetch manifest mdast-util-to-markdown@^2.0.0
1308 silly packumentCache full:https://registry.npmjs.org/mdast-util-to-markdown cache-miss
1309 silly fetch manifest ccount@^2.0.0
1310 silly packumentCache full:https://registry.npmjs.org/ccount cache-miss
1311 silly fetch manifest mdast-util-to-markdown@^2.0.0
1312 silly packumentCache full:https://registry.npmjs.org/mdast-util-to-markdown cache-miss
1313 silly fetch manifest parse-entities@^4.0.0
1314 silly packumentCache full:https://registry.npmjs.org/parse-entities cache-miss
1315 silly fetch manifest stringify-entities@^4.0.0
1316 silly packumentCache full:https://registry.npmjs.org/stringify-entities cache-miss
1317 silly fetch manifest mdast-util-to-markdown@^2.0.0
1318 silly packumentCache full:https://registry.npmjs.org/mdast-util-to-markdown cache-miss
1319 silly fetch manifest style-to-object@1.0.14
1320 silly packumentCache full:https://registry.npmjs.org/style-to-object cache-miss
1321 http fetch GET 200 https://registry.npmjs.org/ccount 44ms (cache miss)
1322 silly packumentCache full:https://registry.npmjs.org/ccount set size:undefined disposed:false
1323 http fetch GET 200 https://registry.npmjs.org/mdast-util-to-markdown 44ms (cache miss)
1324 silly packumentCache full:https://registry.npmjs.org/mdast-util-to-markdown set size:undefined disposed:false
1325 http fetch GET 200 https://registry.npmjs.org/mdast-util-to-markdown 47ms (cache miss)
1326 silly packumentCache full:https://registry.npmjs.org/mdast-util-to-markdown set size:undefined disposed:false
1327 http fetch GET 200 https://registry.npmjs.org/stringify-entities 48ms (cache miss)
1328 silly packumentCache full:https://registry.npmjs.org/stringify-entities set size:undefined disposed:false
1329 http fetch GET 200 https://registry.npmjs.org/mdast-util-to-markdown 49ms (cache miss)
1330 silly packumentCache full:https://registry.npmjs.org/mdast-util-to-markdown set size:undefined disposed:false
1331 http fetch GET 200 https://registry.npmjs.org/style-to-object 55ms (cache miss)
1332 silly packumentCache full:https://registry.npmjs.org/style-to-object set size:undefined disposed:false
1333 http fetch GET 200 https://registry.npmjs.org/parse-entities 205ms (cache miss)
1334 silly packumentCache full:https://registry.npmjs.org/parse-entities set size:undefined disposed:false
1335 silly placeDep ROOT @types/mdast@4.0.4 OK for: mdast-util-mdx-expression@2.0.1 want: ^4.0.0
1336 silly placeDep ROOT mdast-util-from-markdown@2.0.3 OK for: mdast-util-mdx-expression@2.0.1 want: ^2.0.0
1337 silly placeDep ROOT mdast-util-to-markdown@2.1.2 OK for: mdast-util-mdx-expression@2.0.1 want: ^2.0.0
1338 silly fetch manifest decode-named-character-reference@^1.0.0
1339 silly packumentCache full:https://registry.npmjs.org/decode-named-character-reference cache-miss
1340 silly fetch manifest mdast-util-to-string@^4.0.0
1341 silly packumentCache full:https://registry.npmjs.org/mdast-util-to-string cache-miss
1342 silly fetch manifest micromark@^4.0.0
1343 silly packumentCache full:https://registry.npmjs.org/micromark cache-miss
1344 silly fetch manifest micromark-util-decode-numeric-character-reference@^2.0.0
1345 silly packumentCache full:https://registry.npmjs.org/micromark-util-decode-numeric-character-reference cache-miss
1346 silly fetch manifest micromark-util-decode-string@^2.0.0
1347 silly packumentCache full:https://registry.npmjs.org/micromark-util-decode-string cache-miss
1348 silly fetch manifest micromark-util-normalize-identifier@^2.0.0
1349 silly packumentCache full:https://registry.npmjs.org/micromark-util-normalize-identifier cache-miss
1350 silly fetch manifest micromark-util-symbol@^2.0.0
1351 silly packumentCache full:https://registry.npmjs.org/micromark-util-symbol cache-miss
1352 silly fetch manifest longest-streak@^3.0.0
1353 silly packumentCache full:https://registry.npmjs.org/longest-streak cache-miss
1354 silly fetch manifest mdast-util-phrasing@^4.0.0
1355 silly packumentCache full:https://registry.npmjs.org/mdast-util-phrasing cache-miss
1356 silly fetch manifest mdast-util-to-string@^4.0.0
1357 silly packumentCache full:https://registry.npmjs.org/mdast-util-to-string cache-miss
1358 silly fetch manifest micromark-util-classify-character@^2.0.0
1359 silly packumentCache full:https://registry.npmjs.org/micromark-util-classify-character cache-miss
1360 silly fetch manifest micromark-util-decode-string@^2.0.0
1361 silly packumentCache full:https://registry.npmjs.org/micromark-util-decode-string cache-miss
1362 silly fetch manifest zwitch@^2.0.0
1363 silly packumentCache full:https://registry.npmjs.org/zwitch cache-miss
1364 http fetch GET 200 https://registry.npmjs.org/micromark-util-decode-string 41ms (cache miss)
1365 silly packumentCache full:https://registry.npmjs.org/micromark-util-decode-string set size:undefined disposed:false
1366 http fetch GET 200 https://registry.npmjs.org/micromark-util-decode-string 42ms (cache miss)
1367 silly packumentCache full:https://registry.npmjs.org/micromark-util-decode-string set size:undefined disposed:false
1368 http fetch GET 200 https://registry.npmjs.org/mdast-util-phrasing 43ms (cache miss)
1369 silly packumentCache full:https://registry.npmjs.org/mdast-util-phrasing set size:undefined disposed:false
1370 http fetch GET 200 https://registry.npmjs.org/decode-named-character-reference 43ms (cache miss)
1371 silly packumentCache full:https://registry.npmjs.org/decode-named-character-reference set size:undefined disposed:false
1372 http fetch GET 200 https://registry.npmjs.org/micromark 44ms (cache miss)
1373 silly packumentCache full:https://registry.npmjs.org/micromark set size:undefined disposed:false
1374 http fetch GET 200 https://registry.npmjs.org/zwitch 49ms (cache miss)
1375 silly packumentCache full:https://registry.npmjs.org/zwitch set size:undefined disposed:false
1376 http fetch GET 200 https://registry.npmjs.org/micromark-util-symbol 50ms (cache miss)
1377 silly packumentCache full:https://registry.npmjs.org/micromark-util-symbol set size:undefined disposed:false
1378 http fetch GET 200 https://registry.npmjs.org/micromark-util-normalize-identifier 50ms (cache miss)
1379 silly packumentCache full:https://registry.npmjs.org/micromark-util-normalize-identifier set size:undefined disposed:false
1380 http fetch GET 200 https://registry.npmjs.org/micromark-util-classify-character 50ms (cache miss)
1381 silly packumentCache full:https://registry.npmjs.org/micromark-util-classify-character set size:undefined disposed:false
1382 http fetch GET 200 https://registry.npmjs.org/longest-streak 51ms (cache miss)
1383 silly packumentCache full:https://registry.npmjs.org/longest-streak set size:undefined disposed:false
1384 http fetch GET 200 https://registry.npmjs.org/micromark-util-decode-numeric-character-reference 225ms (cache miss)
1385 silly packumentCache full:https://registry.npmjs.org/micromark-util-decode-numeric-character-reference set size:undefined disposed:false
1386 http fetch GET 200 https://registry.npmjs.org/mdast-util-to-string 237ms (cache miss)
1387 silly packumentCache full:https://registry.npmjs.org/mdast-util-to-string set size:undefined disposed:false
1388 http fetch GET 200 https://registry.npmjs.org/mdast-util-to-string 238ms (cache miss)
1389 silly packumentCache full:https://registry.npmjs.org/mdast-util-to-string set size:undefined disposed:false
1390 silly placeDep ROOT decode-named-character-reference@1.3.0 OK for: mdast-util-from-markdown@2.0.3 want: ^1.0.0
1391 silly placeDep ROOT mdast-util-to-string@4.0.0 OK for: mdast-util-from-markdown@2.0.3 want: ^4.0.0
1392 silly placeDep ROOT micromark@4.0.2 OK for: mdast-util-from-markdown@2.0.3 want: ^4.0.0
1393 silly placeDep ROOT micromark-util-decode-numeric-character-reference@2.0.2 OK for: mdast-util-from-markdown@2.0.3 want: ^2.0.0
1394 silly placeDep ROOT micromark-util-decode-string@2.0.1 OK for: mdast-util-from-markdown@2.0.3 want: ^2.0.0
1395 silly placeDep ROOT micromark-util-normalize-identifier@2.0.1 OK for: mdast-util-from-markdown@2.0.3 want: ^2.0.0
1396 silly placeDep ROOT micromark-util-symbol@2.0.1 OK for: mdast-util-from-markdown@2.0.3 want: ^2.0.0
1397 silly placeDep ROOT micromark-util-types@2.0.2 OK for: mdast-util-from-markdown@2.0.3 want: ^2.0.0
1398 silly fetch manifest character-entities@^2.0.0
1399 silly packumentCache full:https://registry.npmjs.org/character-entities cache-miss
1400 silly fetch manifest @types/debug@^4.0.0
1401 silly packumentCache full:https://registry.npmjs.org/@types%2fdebug cache-miss
1402 silly fetch manifest debug@^4.0.0
1403 silly packumentCache full:https://registry.npmjs.org/debug cache-miss
1404 silly fetch manifest micromark-core-commonmark@^2.0.0
1405 silly packumentCache full:https://registry.npmjs.org/micromark-core-commonmark cache-miss
1406 silly fetch manifest micromark-factory-space@^2.0.0
1407 silly packumentCache full:https://registry.npmjs.org/micromark-factory-space cache-miss
1408 silly fetch manifest micromark-util-character@^2.0.0
1409 silly packumentCache full:https://registry.npmjs.org/micromark-util-character cache-miss
1410 silly fetch manifest micromark-util-chunked@^2.0.0
1411 silly packumentCache full:https://registry.npmjs.org/micromark-util-chunked cache-miss
1412 silly fetch manifest micromark-util-combine-extensions@^2.0.0
1413 silly packumentCache full:https://registry.npmjs.org/micromark-util-combine-extensions cache-miss
1414 silly fetch manifest micromark-util-encode@^2.0.0
1415 silly packumentCache full:https://registry.npmjs.org/micromark-util-encode cache-miss
1416 silly fetch manifest micromark-util-resolve-all@^2.0.0
1417 silly packumentCache full:https://registry.npmjs.org/micromark-util-resolve-all cache-miss
1418 silly fetch manifest micromark-util-sanitize-uri@^2.0.0
1419 silly packumentCache full:https://registry.npmjs.org/micromark-util-sanitize-uri cache-miss
1420 silly fetch manifest micromark-util-subtokenize@^2.0.0
1421 silly packumentCache full:https://registry.npmjs.org/micromark-util-subtokenize cache-miss
1422 silly fetch manifest micromark-util-character@^2.0.0
1423 silly packumentCache full:https://registry.npmjs.org/micromark-util-character cache-miss
1424 http fetch GET 200 https://registry.npmjs.org/micromark-util-chunked 42ms (cache miss)
1425 silly packumentCache full:https://registry.npmjs.org/micromark-util-chunked set size:undefined disposed:false
1426 http fetch GET 200 https://registry.npmjs.org/micromark-util-encode 44ms (cache miss)
1427 silly packumentCache full:https://registry.npmjs.org/micromark-util-encode set size:undefined disposed:false
1428 http fetch GET 200 https://registry.npmjs.org/debug 46ms (cache miss)
1429 silly packumentCache full:https://registry.npmjs.org/debug set size:undefined disposed:false
1430 http fetch GET 200 https://registry.npmjs.org/micromark-util-subtokenize 49ms (cache miss)
1431 silly packumentCache full:https://registry.npmjs.org/micromark-util-subtokenize set size:undefined disposed:false
1432 http fetch GET 200 https://registry.npmjs.org/micromark-util-resolve-all 51ms (cache miss)
1433 silly packumentCache full:https://registry.npmjs.org/micromark-util-resolve-all set size:undefined disposed:false
1434 http fetch GET 200 https://registry.npmjs.org/micromark-util-combine-extensions 51ms (cache miss)
1435 silly packumentCache full:https://registry.npmjs.org/micromark-util-combine-extensions set size:undefined disposed:false
1436 http fetch GET 200 https://registry.npmjs.org/micromark-factory-space 52ms (cache miss)
1437 silly packumentCache full:https://registry.npmjs.org/micromark-factory-space set size:undefined disposed:false
1438 http fetch GET 200 https://registry.npmjs.org/micromark-util-sanitize-uri 54ms (cache miss)
1439 silly packumentCache full:https://registry.npmjs.org/micromark-util-sanitize-uri set size:undefined disposed:false
1440 http fetch GET 200 https://registry.npmjs.org/character-entities 55ms (cache miss)
1441 silly packumentCache full:https://registry.npmjs.org/character-entities set size:undefined disposed:false
1442 http fetch GET 200 https://registry.npmjs.org/@types%2fdebug 60ms (cache miss)
1443 silly packumentCache full:https://registry.npmjs.org/@types%2fdebug set size:undefined disposed:false
1444 http fetch GET 200 https://registry.npmjs.org/micromark-core-commonmark 90ms (cache miss)
1445 silly packumentCache full:https://registry.npmjs.org/micromark-core-commonmark set size:undefined disposed:false
1446 http fetch GET 200 https://registry.npmjs.org/micromark-util-character 237ms (cache miss)
1447 silly packumentCache full:https://registry.npmjs.org/micromark-util-character set size:undefined disposed:false
1448 http fetch GET 200 https://registry.npmjs.org/micromark-util-character 239ms (cache miss)
1449 silly packumentCache full:https://registry.npmjs.org/micromark-util-character set size:undefined disposed:false
1450 silly placeDep ROOT character-entities@2.0.2 OK for: decode-named-character-reference@1.3.0 want: ^2.0.0
1451 silly placeDep ROOT ccount@2.0.1 OK for: mdast-util-mdx-jsx@3.2.0 want: ^2.0.0
1452 silly placeDep ROOT parse-entities@4.0.2 OK for: mdast-util-mdx-jsx@3.2.0 want: ^4.0.0
1453 silly placeDep ROOT stringify-entities@4.0.4 OK for: mdast-util-mdx-jsx@3.2.0 want: ^4.0.0
1454 silly fetch manifest @types/unist@^2.0.0
1455 silly packumentCache full:https://registry.npmjs.org/@types%2funist cache-hit
1456 silly fetch manifest character-entities-legacy@^3.0.0
1457 silly packumentCache full:https://registry.npmjs.org/character-entities-legacy cache-miss
1458 silly fetch manifest character-reference-invalid@^2.0.0
1459 silly packumentCache full:https://registry.npmjs.org/character-reference-invalid cache-miss
1460 silly fetch manifest is-alphanumerical@^2.0.0
1461 silly packumentCache full:https://registry.npmjs.org/is-alphanumerical cache-miss
1462 silly fetch manifest is-decimal@^2.0.0
1463 silly packumentCache full:https://registry.npmjs.org/is-decimal cache-miss
1464 silly fetch manifest is-hexadecimal@^2.0.0
1465 silly packumentCache full:https://registry.npmjs.org/is-hexadecimal cache-miss
1466 silly fetch manifest character-entities-html4@^2.0.0
1467 silly packumentCache full:https://registry.npmjs.org/character-entities-html4 cache-miss
1468 silly fetch manifest character-entities-legacy@^3.0.0
1469 silly packumentCache full:https://registry.npmjs.org/character-entities-legacy cache-miss
1470 http fetch GET 200 https://registry.npmjs.org/is-alphanumerical 39ms (cache miss)
1471 silly packumentCache full:https://registry.npmjs.org/is-alphanumerical set size:undefined disposed:false
1472 http fetch GET 200 https://registry.npmjs.org/is-decimal 43ms (cache miss)
1473 silly packumentCache full:https://registry.npmjs.org/is-decimal set size:undefined disposed:false
1474 http fetch GET 200 https://registry.npmjs.org/character-entities-legacy 45ms (cache miss)
1475 silly packumentCache full:https://registry.npmjs.org/character-entities-legacy set size:undefined disposed:false
1476 http fetch GET 200 https://registry.npmjs.org/character-entities-legacy 45ms (cache miss)
1477 silly packumentCache full:https://registry.npmjs.org/character-entities-legacy set size:undefined disposed:false
1478 http fetch GET 200 https://registry.npmjs.org/character-reference-invalid 47ms (cache miss)
1479 silly packumentCache full:https://registry.npmjs.org/character-reference-invalid set size:undefined disposed:false
1480 http fetch GET 200 https://registry.npmjs.org/character-entities-html4 49ms (cache miss)
1481 silly packumentCache full:https://registry.npmjs.org/character-entities-html4 set size:undefined disposed:false
1482 http fetch GET 200 https://registry.npmjs.org/is-hexadecimal 234ms (cache miss)
1483 silly packumentCache full:https://registry.npmjs.org/is-hexadecimal set size:undefined disposed:false
1484 silly placeDep ROOT longest-streak@3.1.0 OK for: mdast-util-to-markdown@2.1.2 want: ^3.0.0
1485 silly placeDep ROOT mdast-util-phrasing@4.1.0 OK for: mdast-util-to-markdown@2.1.2 want: ^4.0.0
1486 silly placeDep ROOT micromark-util-classify-character@2.0.1 OK for: mdast-util-to-markdown@2.1.2 want: ^2.0.0
1487 silly placeDep ROOT zwitch@2.0.4 OK for: mdast-util-to-markdown@2.1.2 want: ^2.0.0
1488 silly placeDep ROOT unist-util-is@6.0.1 OK for: mdast-util-phrasing@4.1.0 want: ^6.0.0
1489 silly placeDep ROOT @types/debug@4.1.13 OK for: micromark@4.0.2 want: ^4.0.0
1490 silly placeDep ROOT debug@4.4.3 OK for: micromark@4.0.2 want: ^4.0.0
1491 silly placeDep ROOT micromark-core-commonmark@2.0.3 OK for: micromark@4.0.2 want: ^2.0.0
1492 silly placeDep ROOT micromark-factory-space@2.0.1 OK for: micromark@4.0.2 want: ^2.0.0
1493 silly placeDep ROOT micromark-util-character@2.1.1 OK for: micromark@4.0.2 want: ^2.0.0
1494 silly placeDep ROOT micromark-util-chunked@2.0.1 OK for: micromark@4.0.2 want: ^2.0.0
1495 silly placeDep ROOT micromark-util-combine-extensions@2.0.1 OK for: micromark@4.0.2 want: ^2.0.0
1496 silly placeDep ROOT micromark-util-encode@2.0.1 OK for: micromark@4.0.2 want: ^2.0.0
1497 silly placeDep ROOT micromark-util-resolve-all@2.0.1 OK for: micromark@4.0.2 want: ^2.0.0
1498 silly placeDep ROOT micromark-util-sanitize-uri@2.0.1 OK for: micromark@4.0.2 want: ^2.0.0
1499 silly placeDep ROOT micromark-util-subtokenize@2.1.0 OK for: micromark@4.0.2 want: ^2.0.0
1500 silly fetch manifest @types/ms@*
1501 silly packumentCache full:https://registry.npmjs.org/@types%2fms cache-miss
1502 silly fetch manifest ms@^2.1.3
1503 silly packumentCache full:https://registry.npmjs.org/ms cache-miss
1504 silly fetch manifest micromark-factory-destination@^2.0.0
1505 silly packumentCache full:https://registry.npmjs.org/micromark-factory-destination cache-miss
1506 silly fetch manifest micromark-factory-label@^2.0.0
1507 silly packumentCache full:https://registry.npmjs.org/micromark-factory-label cache-miss
1508 silly fetch manifest micromark-factory-title@^2.0.0
1509 silly packumentCache full:https://registry.npmjs.org/micromark-factory-title cache-miss
1510 silly fetch manifest micromark-factory-whitespace@^2.0.0
1511 silly packumentCache full:https://registry.npmjs.org/micromark-factory-whitespace cache-miss
1512 silly fetch manifest micromark-util-html-tag-name@^2.0.0
1513 silly packumentCache full:https://registry.npmjs.org/micromark-util-html-tag-name cache-miss
1514 http fetch GET 200 https://registry.npmjs.org/micromark-factory-destination 49ms (cache miss)
1515 silly packumentCache full:https://registry.npmjs.org/micromark-factory-destination set size:undefined disposed:false
1516 http fetch GET 200 https://registry.npmjs.org/micromark-factory-title 50ms (cache miss)
1517 silly packumentCache full:https://registry.npmjs.org/micromark-factory-title set size:undefined disposed:false
1518 http fetch GET 200 https://registry.npmjs.org/ms 53ms (cache miss)
1519 silly packumentCache full:https://registry.npmjs.org/ms set size:undefined disposed:false
1520 http fetch GET 200 https://registry.npmjs.org/@types%2fms 54ms (cache miss)
1521 silly packumentCache full:https://registry.npmjs.org/@types%2fms set size:undefined disposed:false
1522 http fetch GET 200 https://registry.npmjs.org/micromark-factory-whitespace 55ms (cache miss)
1523 silly packumentCache full:https://registry.npmjs.org/micromark-factory-whitespace set size:undefined disposed:false
1524 http fetch GET 200 https://registry.npmjs.org/micromark-util-html-tag-name 246ms (cache miss)
1525 silly packumentCache full:https://registry.npmjs.org/micromark-util-html-tag-name set size:undefined disposed:false
1526 http fetch GET 200 https://registry.npmjs.org/micromark-factory-label 268ms (cache miss)
1527 silly packumentCache full:https://registry.npmjs.org/micromark-factory-label set size:undefined disposed:false
1528 silly placeDep ROOT @types/ms@2.1.0 OK for: @types/debug@4.1.13 want: *
1529 silly placeDep ROOT ms@2.1.3 OK for: debug@4.4.3 want: ^2.1.3
1530 silly placeDep ROOT micromark-factory-destination@2.0.1 OK for: micromark-core-commonmark@2.0.3 want: ^2.0.0
1531 silly placeDep ROOT micromark-factory-label@2.0.1 OK for: micromark-core-commonmark@2.0.3 want: ^2.0.0
1532 silly placeDep ROOT micromark-factory-title@2.0.1 OK for: micromark-core-commonmark@2.0.3 want: ^2.0.0
1533 silly placeDep ROOT micromark-factory-whitespace@2.0.1 OK for: micromark-core-commonmark@2.0.3 want: ^2.0.0
1534 silly placeDep ROOT micromark-util-html-tag-name@2.0.1 OK for: micromark-core-commonmark@2.0.3 want: ^2.0.0
1535 silly placeDep node_modules/parse-entities @types/unist@2.0.11 OK for: parse-entities@4.0.2 want: ^2.0.0
1536 silly placeDep ROOT character-entities-legacy@3.0.0 OK for: parse-entities@4.0.2 want: ^3.0.0
1537 silly placeDep ROOT character-reference-invalid@2.0.1 OK for: parse-entities@4.0.2 want: ^2.0.0
1538 silly placeDep ROOT is-alphanumerical@2.0.1 OK for: parse-entities@4.0.2 want: ^2.0.0
1539 silly placeDep ROOT is-decimal@2.0.1 OK for: parse-entities@4.0.2 want: ^2.0.0
1540 silly placeDep ROOT is-hexadecimal@2.0.1 OK for: parse-entities@4.0.2 want: ^2.0.0
1541 silly fetch manifest is-alphabetical@^2.0.0
1542 silly packumentCache full:https://registry.npmjs.org/is-alphabetical cache-miss
1543 http fetch GET 200 https://registry.npmjs.org/is-alphabetical 44ms (cache miss)
1544 silly packumentCache full:https://registry.npmjs.org/is-alphabetical set size:undefined disposed:false
1545 silly placeDep ROOT is-alphabetical@2.0.1 OK for: is-alphanumerical@2.0.1 want: ^2.0.0
1546 silly placeDep ROOT nanoid@3.3.18 OK for: postcss@8.5.28 want: ^3.3.18
1547 silly placeDep ROOT scheduler@0.27.0 OK for: react-dom@19.2.8 want: ^0.27.0
1548 silly placeDep ROOT estree-util-build-jsx@3.0.1 OK for: recma-build-jsx@1.0.0 want: ^3.0.0
1549 silly fetch manifest acorn@^6.0.0 || ^7.0.0 || ^8.0.0
1550 silly packumentCache full:https://registry.npmjs.org/acorn cache-miss
1551 http fetch GET 200 https://registry.npmjs.org/acorn 4ms (cache hit)
1552 silly packumentCache full:https://registry.npmjs.org/acorn set size:383439 disposed:false
1553 silly placeDep ROOT acorn-jsx@5.3.2 OK for: recma-jsx@1.0.1 want: ^5.0.0
1554 silly placeDep ROOT estree-util-to-js@2.0.0 OK for: recma-jsx@1.0.1 want: ^2.0.0
1555 silly placeDep ROOT recma-parse@1.0.0 OK for: recma-jsx@1.0.1 want: ^1.0.0
1556 silly fetch manifest astring@^1.8.0
1557 silly packumentCache full:https://registry.npmjs.org/astring cache-miss
1558 silly fetch manifest esast-util-from-js@^2.0.0
1559 silly packumentCache full:https://registry.npmjs.org/esast-util-from-js cache-miss
1560 http fetch GET 200 https://registry.npmjs.org/esast-util-from-js 223ms (cache miss)
1561 silly packumentCache full:https://registry.npmjs.org/esast-util-from-js set size:undefined disposed:false
1562 http fetch GET 200 https://registry.npmjs.org/astring 238ms (cache miss)
1563 silly packumentCache full:https://registry.npmjs.org/astring set size:undefined disposed:false
1564 silly placeDep ROOT astring@1.9.0 OK for: estree-util-to-js@2.0.0 want: ^1.8.0
1565 silly placeDep ROOT esast-util-from-js@2.0.1 OK for: recma-parse@1.0.0 want: ^2.0.0
1566 silly fetch manifest esast-util-from-estree@^2.0.0
1567 silly packumentCache full:https://registry.npmjs.org/esast-util-from-estree cache-miss
1568 http fetch GET 200 https://registry.npmjs.org/esast-util-from-estree 244ms (cache miss)
1569 silly packumentCache full:https://registry.npmjs.org/esast-util-from-estree set size:undefined disposed:false
1570 silly placeDep ROOT esast-util-from-estree@2.0.0 OK for: esast-util-from-js@2.0.1 want: ^2.0.0
1571 silly fetch manifest estree-util-visit@^2.0.0
1572 silly packumentCache full:https://registry.npmjs.org/estree-util-visit cache-miss
1573 http fetch GET 200 https://registry.npmjs.org/estree-util-visit 43ms (cache miss)
1574 silly packumentCache full:https://registry.npmjs.org/estree-util-visit set size:undefined disposed:false
1575 silly placeDep ROOT estree-util-visit@2.0.0 OK for: esast-util-from-estree@2.0.0 want: ^2.0.0
1576 silly placeDep ROOT hast-util-to-estree@3.1.3 OK for: rehype-recma@1.0.0 want: ^3.0.0
1577 silly fetch manifest estree-util-attach-comments@^3.0.0
1578 silly packumentCache full:https://registry.npmjs.org/estree-util-attach-comments cache-miss
1579 http fetch GET 200 https://registry.npmjs.org/estree-util-attach-comments 222ms (cache miss)
1580 silly packumentCache full:https://registry.npmjs.org/estree-util-attach-comments set size:undefined disposed:false
1581 silly placeDep ROOT estree-util-attach-comments@3.0.0 OK for: hast-util-to-estree@3.1.3 want: ^3.0.0
1582 silly placeDep ROOT mdast-util-gfm@3.1.0 OK for: remark-gfm@4.0.1 want: ^3.0.0
1583 silly placeDep ROOT micromark-extension-gfm@3.0.0 OK for: remark-gfm@4.0.1 want: ^3.0.0
1584 silly placeDep ROOT remark-stringify@11.0.0 OK for: remark-gfm@4.0.1 want: ^11.0.0
1585 silly fetch manifest mdast-util-gfm-autolink-literal@^2.0.0
1586 silly packumentCache full:https://registry.npmjs.org/mdast-util-gfm-autolink-literal cache-miss
1587 silly fetch manifest mdast-util-gfm-footnote@^2.0.0
1588 silly packumentCache full:https://registry.npmjs.org/mdast-util-gfm-footnote cache-miss
1589 silly fetch manifest mdast-util-gfm-strikethrough@^2.0.0
1590 silly packumentCache full:https://registry.npmjs.org/mdast-util-gfm-strikethrough cache-miss
1591 silly fetch manifest mdast-util-gfm-table@^2.0.0
1592 silly packumentCache full:https://registry.npmjs.org/mdast-util-gfm-table cache-miss
1593 silly fetch manifest mdast-util-gfm-task-list-item@^2.0.0
1594 silly packumentCache full:https://registry.npmjs.org/mdast-util-gfm-task-list-item cache-miss
1595 silly fetch manifest micromark-extension-gfm-autolink-literal@^2.0.0
1596 silly packumentCache full:https://registry.npmjs.org/micromark-extension-gfm-autolink-literal cache-miss
1597 silly fetch manifest micromark-extension-gfm-footnote@^2.0.0
1598 silly packumentCache full:https://registry.npmjs.org/micromark-extension-gfm-footnote cache-miss
1599 silly fetch manifest micromark-extension-gfm-strikethrough@^2.0.0
1600 silly packumentCache full:https://registry.npmjs.org/micromark-extension-gfm-strikethrough cache-miss
1601 silly fetch manifest micromark-extension-gfm-table@^2.0.0
1602 silly packumentCache full:https://registry.npmjs.org/micromark-extension-gfm-table cache-miss
1603 silly fetch manifest micromark-extension-gfm-tagfilter@^2.0.0
1604 silly packumentCache full:https://registry.npmjs.org/micromark-extension-gfm-tagfilter cache-miss
1605 silly fetch manifest micromark-extension-gfm-task-list-item@^2.0.0
1606 silly packumentCache full:https://registry.npmjs.org/micromark-extension-gfm-task-list-item cache-miss
1607 http fetch GET 200 https://registry.npmjs.org/micromark-extension-gfm-tagfilter 39ms (cache miss)
1608 silly packumentCache full:https://registry.npmjs.org/micromark-extension-gfm-tagfilter set size:undefined disposed:false
1609 http fetch GET 200 https://registry.npmjs.org/mdast-util-gfm-footnote 47ms (cache miss)
1610 silly packumentCache full:https://registry.npmjs.org/mdast-util-gfm-footnote set size:undefined disposed:false
1611 http fetch GET 200 https://registry.npmjs.org/mdast-util-gfm-table 47ms (cache miss)
1612 silly packumentCache full:https://registry.npmjs.org/mdast-util-gfm-table set size:undefined disposed:false
1613 http fetch GET 200 https://registry.npmjs.org/micromark-extension-gfm-task-list-item 48ms (cache miss)
1614 silly packumentCache full:https://registry.npmjs.org/micromark-extension-gfm-task-list-item set size:undefined disposed:false
1615 http fetch GET 200 https://registry.npmjs.org/micromark-extension-gfm-strikethrough 49ms (cache miss)
1616 silly packumentCache full:https://registry.npmjs.org/micromark-extension-gfm-strikethrough set size:undefined disposed:false
1617 http fetch GET 200 https://registry.npmjs.org/mdast-util-gfm-strikethrough 49ms (cache miss)
1618 silly packumentCache full:https://registry.npmjs.org/mdast-util-gfm-strikethrough set size:undefined disposed:false
1619 http fetch GET 200 https://registry.npmjs.org/mdast-util-gfm-autolink-literal 50ms (cache miss)
1620 silly packumentCache full:https://registry.npmjs.org/mdast-util-gfm-autolink-literal set size:undefined disposed:false
1621 http fetch GET 200 https://registry.npmjs.org/micromark-extension-gfm-autolink-literal 50ms (cache miss)
1622 silly packumentCache full:https://registry.npmjs.org/micromark-extension-gfm-autolink-literal set size:undefined disposed:false
1623 http fetch GET 200 https://registry.npmjs.org/mdast-util-gfm-task-list-item 52ms (cache miss)
1624 silly packumentCache full:https://registry.npmjs.org/mdast-util-gfm-task-list-item set size:undefined disposed:false
1625 http fetch GET 200 https://registry.npmjs.org/micromark-extension-gfm-footnote 54ms (cache miss)
1626 silly packumentCache full:https://registry.npmjs.org/micromark-extension-gfm-footnote set size:undefined disposed:false
1627 http fetch GET 200 https://registry.npmjs.org/micromark-extension-gfm-table 59ms (cache miss)
1628 silly packumentCache full:https://registry.npmjs.org/micromark-extension-gfm-table set size:undefined disposed:false
1629 silly placeDep ROOT mdast-util-gfm-autolink-literal@2.0.1 OK for: mdast-util-gfm@3.1.0 want: ^2.0.0
1630 silly placeDep ROOT mdast-util-gfm-footnote@2.1.0 OK for: mdast-util-gfm@3.1.0 want: ^2.0.0
1631 silly placeDep ROOT mdast-util-gfm-strikethrough@2.0.0 OK for: mdast-util-gfm@3.1.0 want: ^2.0.0
1632 silly placeDep ROOT mdast-util-gfm-table@2.0.0 OK for: mdast-util-gfm@3.1.0 want: ^2.0.0
1633 silly placeDep ROOT mdast-util-gfm-task-list-item@2.0.0 OK for: mdast-util-gfm@3.1.0 want: ^2.0.0
1634 silly fetch manifest mdast-util-find-and-replace@^3.0.0
1635 silly packumentCache full:https://registry.npmjs.org/mdast-util-find-and-replace cache-miss
1636 silly fetch manifest markdown-table@^3.0.0
1637 silly packumentCache full:https://registry.npmjs.org/markdown-table cache-miss
1638 http fetch GET 200 https://registry.npmjs.org/mdast-util-find-and-replace 38ms (cache miss)
1639 silly packumentCache full:https://registry.npmjs.org/mdast-util-find-and-replace set size:undefined disposed:false
1640 http fetch GET 200 https://registry.npmjs.org/markdown-table 241ms (cache miss)
1641 silly packumentCache full:https://registry.npmjs.org/markdown-table set size:undefined disposed:false
1642 silly placeDep ROOT mdast-util-find-and-replace@3.0.2 OK for: mdast-util-gfm-autolink-literal@2.0.1 want: ^3.0.0
1643 silly fetch manifest escape-string-regexp@^5.0.0
1644 silly packumentCache full:https://registry.npmjs.org/escape-string-regexp cache-miss
1645 http fetch GET 200 https://registry.npmjs.org/escape-string-regexp 47ms (cache miss)
1646 silly packumentCache full:https://registry.npmjs.org/escape-string-regexp set size:undefined disposed:false
1647 silly placeDep ROOT escape-string-regexp@5.0.0 OK for: mdast-util-find-and-replace@3.0.2 want: ^5.0.0
1648 silly placeDep ROOT unist-util-visit-parents@6.0.2 OK for: mdast-util-find-and-replace@3.0.2 want: ^6.0.0
1649 silly placeDep ROOT markdown-table@3.0.4 OK for: mdast-util-gfm-table@2.0.0 want: ^3.0.0
1650 silly placeDep ROOT micromark-extension-gfm-autolink-literal@2.1.0 OK for: micromark-extension-gfm@3.0.0 want: ^2.0.0
1651 silly placeDep ROOT micromark-extension-gfm-footnote@2.1.0 OK for: micromark-extension-gfm@3.0.0 want: ^2.0.0
1652 silly placeDep ROOT micromark-extension-gfm-strikethrough@2.1.0 OK for: micromark-extension-gfm@3.0.0 want: ^2.0.0
1653 silly placeDep ROOT micromark-extension-gfm-table@2.1.1 OK for: micromark-extension-gfm@3.0.0 want: ^2.0.0
1654 silly placeDep ROOT micromark-extension-gfm-tagfilter@2.0.0 OK for: micromark-extension-gfm@3.0.0 want: ^2.0.0
1655 silly placeDep ROOT micromark-extension-gfm-task-list-item@2.1.0 OK for: micromark-extension-gfm@3.0.0 want: ^2.0.0
1656 silly placeDep ROOT mdast-util-mdx@3.0.0 OK for: remark-mdx@3.1.1 want: ^3.0.0
1657 silly placeDep ROOT micromark-extension-mdxjs@3.0.0 OK for: remark-mdx@3.1.1 want: ^3.0.0
1658 silly fetch manifest micromark-extension-mdx-expression@^3.0.0
1659 silly packumentCache full:https://registry.npmjs.org/micromark-extension-mdx-expression cache-miss
1660 silly fetch manifest micromark-extension-mdx-jsx@^3.0.0
1661 silly packumentCache full:https://registry.npmjs.org/micromark-extension-mdx-jsx cache-miss
1662 silly fetch manifest micromark-extension-mdx-md@^2.0.0
1663 silly packumentCache full:https://registry.npmjs.org/micromark-extension-mdx-md cache-miss
1664 silly fetch manifest micromark-extension-mdxjs-esm@^3.0.0
1665 silly packumentCache full:https://registry.npmjs.org/micromark-extension-mdxjs-esm cache-miss
1666 http fetch GET 200 https://registry.npmjs.org/micromark-extension-mdxjs-esm 222ms (cache miss)
1667 silly packumentCache full:https://registry.npmjs.org/micromark-extension-mdxjs-esm set size:undefined disposed:false
1668 http fetch GET 200 https://registry.npmjs.org/micromark-extension-mdx-md 222ms (cache miss)
1669 silly packumentCache full:https://registry.npmjs.org/micromark-extension-mdx-md set size:undefined disposed:false
1670 http fetch GET 200 https://registry.npmjs.org/micromark-extension-mdx-expression 237ms (cache miss)
1671 silly packumentCache full:https://registry.npmjs.org/micromark-extension-mdx-expression set size:undefined disposed:false
1672 http fetch GET 200 https://registry.npmjs.org/micromark-extension-mdx-jsx 239ms (cache miss)
1673 silly packumentCache full:https://registry.npmjs.org/micromark-extension-mdx-jsx set size:undefined disposed:false
1674 silly placeDep ROOT micromark-extension-mdx-expression@3.0.1 OK for: micromark-extension-mdxjs@3.0.0 want: ^3.0.0
1675 silly placeDep ROOT micromark-extension-mdx-jsx@3.0.2 OK for: micromark-extension-mdxjs@3.0.0 want: ^3.0.0
1676 silly placeDep ROOT micromark-extension-mdx-md@2.0.0 OK for: micromark-extension-mdxjs@3.0.0 want: ^2.0.0
1677 silly placeDep ROOT micromark-extension-mdxjs-esm@3.0.0 OK for: micromark-extension-mdxjs@3.0.0 want: ^3.0.0
1678 silly fetch manifest micromark-factory-mdx-expression@^2.0.0
1679 silly packumentCache full:https://registry.npmjs.org/micromark-factory-mdx-expression cache-miss
1680 silly fetch manifest micromark-util-events-to-acorn@^2.0.0
1681 silly packumentCache full:https://registry.npmjs.org/micromark-util-events-to-acorn cache-miss
1682 silly fetch manifest micromark-factory-mdx-expression@^2.0.0
1683 silly packumentCache full:https://registry.npmjs.org/micromark-factory-mdx-expression cache-miss
1684 silly fetch manifest micromark-util-events-to-acorn@^2.0.0
1685 silly packumentCache full:https://registry.npmjs.org/micromark-util-events-to-acorn cache-miss
1686 silly fetch manifest micromark-util-events-to-acorn@^2.0.0
1687 silly packumentCache full:https://registry.npmjs.org/micromark-util-events-to-acorn cache-miss
1688 http fetch GET 200 https://registry.npmjs.org/micromark-util-events-to-acorn 42ms (cache miss)
1689 silly packumentCache full:https://registry.npmjs.org/micromark-util-events-to-acorn set size:undefined disposed:false
1690 http fetch GET 200 https://registry.npmjs.org/micromark-util-events-to-acorn 43ms (cache miss)
1691 silly packumentCache full:https://registry.npmjs.org/micromark-util-events-to-acorn set size:undefined disposed:false
1692 http fetch GET 200 https://registry.npmjs.org/micromark-util-events-to-acorn 44ms (cache miss)
1693 silly packumentCache full:https://registry.npmjs.org/micromark-util-events-to-acorn set size:undefined disposed:false
1694 http fetch GET 200 https://registry.npmjs.org/micromark-factory-mdx-expression 244ms (cache miss)
1695 silly packumentCache full:https://registry.npmjs.org/micromark-factory-mdx-expression set size:undefined disposed:false
1696 http fetch GET 200 https://registry.npmjs.org/micromark-factory-mdx-expression 244ms (cache miss)
1697 silly packumentCache full:https://registry.npmjs.org/micromark-factory-mdx-expression set size:undefined disposed:false
1698 silly placeDep ROOT micromark-factory-mdx-expression@2.0.3 OK for: micromark-extension-mdx-expression@3.0.1 want: ^2.0.0
1699 silly placeDep ROOT micromark-util-events-to-acorn@2.0.3 OK for: micromark-extension-mdx-expression@3.0.1 want: ^2.0.0
1700 silly placeDep ROOT mdast-util-to-hast@13.2.1 OK for: remark-rehype@11.1.2 want: ^13.0.0
1701 silly fetch manifest @ungap/structured-clone@^1.0.0
1702 silly packumentCache full:https://registry.npmjs.org/@ungap%2fstructured-clone cache-miss
1703 silly fetch manifest trim-lines@^3.0.0
1704 silly packumentCache full:https://registry.npmjs.org/trim-lines cache-miss
1705 http fetch GET 200 https://registry.npmjs.org/@ungap%2fstructured-clone 57ms (cache miss)
1706 silly packumentCache full:https://registry.npmjs.org/@ungap%2fstructured-clone set size:undefined disposed:false
1707 http fetch GET 200 https://registry.npmjs.org/trim-lines 214ms (cache miss)
1708 silly packumentCache full:https://registry.npmjs.org/trim-lines set size:undefined disposed:false
1709 silly placeDep ROOT @ungap/structured-clone@1.4.0 OK for: mdast-util-to-hast@13.2.1 want: ^1.0.0
1710 silly placeDep ROOT trim-lines@3.0.1 OK for: mdast-util-to-hast@13.2.1 want: ^3.0.0
1711 silly placeDep ROOT extend-shallow@2.0.1 OK for: section-matter@1.0.0 want: ^2.0.1
1712 silly fetch manifest is-extendable@^0.1.0
1713 silly packumentCache full:https://registry.npmjs.org/is-extendable cache-miss
1714 http fetch GET 200 https://registry.npmjs.org/is-extendable 49ms (cache miss)
1715 silly packumentCache full:https://registry.npmjs.org/is-extendable set size:undefined disposed:false
1716 silly placeDep ROOT is-extendable@0.1.1 OK for: extend-shallow@2.0.1 want: ^0.1.0
1717 silly fetch manifest babel-plugin-macros@^3.1.0
1718 silly packumentCache full:https://registry.npmjs.org/babel-plugin-macros cache-miss
1719 http fetch GET 200 https://registry.npmjs.org/babel-plugin-macros 233ms (cache miss)
1720 silly packumentCache full:https://registry.npmjs.org/babel-plugin-macros set size:undefined disposed:false
1721 silly fetch manifest typescript@>=4.9.5
1722 silly packumentCache full:https://registry.npmjs.org/typescript cache-miss
1723 http fetch GET 200 https://registry.npmjs.org/typescript 21ms (cache hit)
1724 silly packumentCache full:https://registry.npmjs.org/typescript set size:15631166 disposed:false
1725 silly fetch manifest @cfworker/json-schema@^4.1.1
1726 silly packumentCache full:https://registry.npmjs.org/@cfworker%2fjson-schema cache-miss
1727 http fetch GET 200 https://registry.npmjs.org/@cfworker%2fjson-schema 57ms (cache miss)
1728 silly packumentCache full:https://registry.npmjs.org/@cfworker%2fjson-schema set size:undefined disposed:false
1729 silly placeDep ROOT @babel/core@7.29.7 OK for: shadcn@4.20.1 want: ^7.28.0
1730 silly placeDep ROOT @babel/parser@7.29.8 OK for: shadcn@4.20.1 want: ^7.28.0
1731 silly placeDep ROOT @babel/plugin-transform-typescript@7.29.7 OK for: shadcn@4.20.1 want: ^7.28.0
1732 silly placeDep ROOT @babel/preset-typescript@7.29.7 OK for: shadcn@4.20.1 want: ^7.27.1
1733 silly placeDep ROOT @dotenvx/dotenvx@1.75.1 OK for: shadcn@4.20.1 want: ^1.48.4
1734 silly placeDep ROOT @modelcontextprotocol/sdk@1.30.0 OK for: shadcn@4.20.1 want: ^1.26.0
1735 silly placeDep ROOT @types/validate-npm-package-name@4.0.2 OK for: shadcn@4.20.1 want: ^4.0.2
1736 silly placeDep ROOT browserslist@4.28.8 OK for: shadcn@4.20.1 want: ^4.26.2
1737 silly placeDep ROOT commander@14.0.3 OK for: shadcn@4.20.1 want: ^14.0.0
1738 silly placeDep ROOT cosmiconfig@9.0.2 OK for: shadcn@4.20.1 want: ^9.0.0
1739 silly placeDep ROOT dedent@1.7.2 OK for: shadcn@4.20.1 want: ^1.6.0
1740 silly placeDep ROOT deepmerge@4.3.1 OK for: shadcn@4.20.1 want: ^4.3.1
1741 silly placeDep ROOT diff@8.0.4 OK for: shadcn@4.20.1 want: ^8.0.2
1742 silly placeDep ROOT execa@9.6.1 OK for: shadcn@4.20.1 want: ^9.6.0
1743 silly placeDep ROOT fast-glob@3.3.3 OK for: shadcn@4.20.1 want: ^3.3.3
1744 silly placeDep ROOT fs-extra@11.4.0 OK for: shadcn@4.20.1 want: ^11.3.1
1745 silly placeDep ROOT fuzzysort@3.1.0 OK for: shadcn@4.20.1 want: ^3.1.0
1746 silly placeDep ROOT kleur@4.1.5 OK for: shadcn@4.20.1 want: ^4.1.5
1747 silly placeDep ROOT open@11.0.2 OK for: shadcn@4.20.1 want: ^11.0.0
1748 silly placeDep ROOT ora@8.2.0 OK for: shadcn@4.20.1 want: ^8.2.0
1749 silly placeDep ROOT postcss-selector-parser@7.1.6 OK for: shadcn@4.20.1 want: ^7.1.0
1750 silly placeDep ROOT prompts@2.4.2 OK for: shadcn@4.20.1 want: ^2.4.2
1751 silly placeDep ROOT recast@0.23.21 OK for: shadcn@4.20.1 want: ^0.23.11
1752 silly placeDep ROOT socks@2.8.10 OK for: shadcn@4.20.1 want: ^2.8.8
1753 silly placeDep ROOT stringify-object@5.0.0 OK for: shadcn@4.20.1 want: ^5.0.0
1754 silly placeDep ROOT ts-morph@26.0.0 OK for: shadcn@4.20.1 want: ^26.0.0
1755 silly placeDep ROOT tsconfig-paths@4.2.0 OK for: shadcn@4.20.1 want: ^4.2.0
1756 silly placeDep ROOT undici@7.29.0 OK for: shadcn@4.20.1 want: ^7.27.2
1757 silly placeDep ROOT validate-npm-package-name@7.0.2 OK for: shadcn@4.20.1 want: ^7.0.1
1758 silly placeDep ROOT zod@3.25.76 OK for: shadcn@4.20.1 want: ^3.24.1
1759 silly placeDep ROOT zod-to-json-schema@3.25.2 OK for: shadcn@4.20.1 want: ^3.24.6
1760 silly fetch manifest json5@^2.2.3
1761 silly packumentCache full:https://registry.npmjs.org/json5 cache-miss
1762 silly fetch manifest semver@^6.3.1
1763 silly packumentCache full:https://registry.npmjs.org/semver cache-miss
1764 silly fetch manifest gensync@^1.0.0-beta.2
1765 silly packumentCache full:https://registry.npmjs.org/gensync cache-miss
1766 silly fetch manifest @babel/types@^7.29.7
1767 silly packumentCache full:https://registry.npmjs.org/@babel%2ftypes cache-miss
1768 silly fetch manifest @babel/parser@^7.29.7
1769 silly packumentCache full:https://registry.npmjs.org/@babel%2fparser cache-miss
1770 silly fetch manifest @babel/helpers@^7.29.7
1771 silly packumentCache full:https://registry.npmjs.org/@babel%2fhelpers cache-miss
1772 silly fetch manifest @babel/template@^7.29.7
1773 silly packumentCache full:https://registry.npmjs.org/@babel%2ftemplate cache-miss
1774 silly fetch manifest @babel/traverse@^7.29.7
1775 silly packumentCache full:https://registry.npmjs.org/@babel%2ftraverse cache-miss
1776 silly fetch manifest @babel/generator@^7.29.7
1777 silly packumentCache full:https://registry.npmjs.org/@babel%2fgenerator cache-miss
1778 silly fetch manifest convert-source-map@^2.0.0
1779 silly packumentCache full:https://registry.npmjs.org/convert-source-map cache-miss
1780 silly fetch manifest @babel/helper-module-transforms@^7.29.7
1781 silly packumentCache full:https://registry.npmjs.org/@babel%2fhelper-module-transforms cache-miss
1782 silly fetch manifest @babel/helper-compilation-targets@^7.29.7
1783 silly packumentCache full:https://registry.npmjs.org/@babel%2fhelper-compilation-targets cache-miss
1784 silly fetch manifest @babel/types@^7.29.8
1785 silly packumentCache full:https://registry.npmjs.org/@babel%2ftypes cache-miss
1786 silly fetch manifest @babel/helper-plugin-utils@^7.29.7
1787 silly packumentCache full:https://registry.npmjs.org/@babel%2fhelper-plugin-utils cache-miss
1788 silly fetch manifest @babel/helper-annotate-as-pure@^7.29.7
1789 silly packumentCache full:https://registry.npmjs.org/@babel%2fhelper-annotate-as-pure cache-miss
1790 silly fetch manifest @babel/plugin-syntax-typescript@^7.29.7
1791 silly packumentCache full:https://registry.npmjs.org/@babel%2fplugin-syntax-typescript cache-miss
1792 silly fetch manifest @babel/helper-create-class-features-plugin@^7.29.7
1793 silly packumentCache full:https://registry.npmjs.org/@babel%2fhelper-create-class-features-plugin cache-miss
1794 silly fetch manifest @babel/helper-skip-transparent-expression-wrappers@^7.29.7
1795 silly packumentCache full:https://registry.npmjs.org/@babel%2fhelper-skip-transparent-expression-wrappers cache-miss
1796 silly fetch manifest @babel/plugin-syntax-jsx@^7.29.7
1797 silly packumentCache full:https://registry.npmjs.org/@babel%2fplugin-syntax-jsx cache-miss
1798 silly fetch manifest @babel/helper-plugin-utils@^7.29.7
1799 silly packumentCache full:https://registry.npmjs.org/@babel%2fhelper-plugin-utils cache-miss
1800 silly fetch manifest @babel/helper-validator-option@^7.29.7
1801 silly packumentCache full:https://registry.npmjs.org/@babel%2fhelper-validator-option cache-miss
1802 silly fetch manifest @babel/plugin-transform-modules-commonjs@^7.29.7
1803 silly packumentCache full:https://registry.npmjs.org/@babel%2fplugin-transform-modules-commonjs cache-miss
1804 silly fetch manifest conf@^10.2.0
1805 silly packumentCache full:https://registry.npmjs.org/conf cache-miss
1806 silly fetch manifest fdir@^6.2.0
1807 silly packumentCache full:https://registry.npmjs.org/fdir cache-miss
1808 silly fetch manifest open@^8.4.2
1809 silly packumentCache full:https://registry.npmjs.org/open cache-miss
1810 silly fetch manifest execa@^5.1.1
1811 silly packumentCache full:https://registry.npmjs.org/execa cache-miss
1812 silly fetch manifest which@^4.0.0
1813 silly packumentCache full:https://registry.npmjs.org/which cache-miss
1814 http fetch GET 200 https://registry.npmjs.org/execa 9ms (cache hit)
1815 silly packumentCache full:https://registry.npmjs.org/execa set size:188760 disposed:false
1816 silly fetch manifest dotenv@^17.2.1
1817 silly packumentCache full:https://registry.npmjs.org/dotenv cache-miss
1818 http fetch GET 200 https://registry.npmjs.org/open 11ms (cache hit)
1819 silly packumentCache full:https://registry.npmjs.org/open set size:140850 disposed:false
1820 silly fetch manifest ignore@^5.3.0
1821 silly packumentCache full:https://registry.npmjs.org/ignore cache-miss
1822 http fetch GET 200 https://registry.npmjs.org/semver 13ms (cache hit)
1823 silly packumentCache full:https://registry.npmjs.org/semver set size:246069 disposed:false
1824 silly fetch manifest undici@^7.11.0
1825 silly packumentCache full:https://registry.npmjs.org/undici cache-miss
1826 http fetch GET 200 https://registry.npmjs.org/@babel%2fparser 16ms (cache hit)
1827 silly packumentCache full:https://registry.npmjs.org/@babel%2fparser set size:737961 disposed:false
1828 silly fetch manifest enquirer@^2.4.1
1829 silly packumentCache full:https://registry.npmjs.org/enquirer cache-miss
1830 http fetch GET 200 https://registry.npmjs.org/undici 9ms (cache hit)
1831 silly packumentCache full:https://registry.npmjs.org/undici set size:1538249 disposed:false
1832 silly fetch manifest commander@^11.1.0
1833 silly packumentCache full:https://registry.npmjs.org/commander cache-miss
1834 http fetch GET 200 https://registry.npmjs.org/commander 3ms (cache hit)
1835 silly packumentCache full:https://registry.npmjs.org/commander set size:353104 disposed:false
1836 silly fetch manifest env-paths@^2.2.1
1837 silly packumentCache full:https://registry.npmjs.org/env-paths cache-miss
1838 http fetch GET 200 https://registry.npmjs.org/gensync 39ms (cache miss)
1839 silly packumentCache full:https://registry.npmjs.org/gensync set size:undefined disposed:false
1840 silly fetch manifest picomatch@^4.0.4
1841 silly packumentCache full:https://registry.npmjs.org/picomatch cache-miss
1842 http fetch GET 200 https://registry.npmjs.org/json5 44ms (cache miss)
1843 silly packumentCache full:https://registry.npmjs.org/json5 set size:undefined disposed:false
1844 silly fetch manifest yocto-spinner@^1.1.0
1845 silly packumentCache full:https://registry.npmjs.org/yocto-spinner cache-miss
1846 http fetch GET 200 https://registry.npmjs.org/convert-source-map 47ms (cache miss)
1847 silly packumentCache full:https://registry.npmjs.org/convert-source-map set size:undefined disposed:false
1848 silly fetch manifest object-treeify@1.1.33
1849 silly packumentCache full:https://registry.npmjs.org/object-treeify cache-miss
1850 http fetch GET 200 https://registry.npmjs.org/@babel%2fhelpers 72ms (cache miss)
1851 silly packumentCache full:https://registry.npmjs.org/@babel%2fhelpers set size:undefined disposed:false
1852 silly fetch manifest systeminformation@^5.22.11
1853 silly packumentCache full:https://registry.npmjs.org/systeminformation cache-miss
1854 http fetch GET 200 https://registry.npmjs.org/@babel%2fplugin-syntax-typescript 73ms (cache miss)
1855 silly packumentCache full:https://registry.npmjs.org/@babel%2fplugin-syntax-typescript set size:undefined disposed:false
1856 silly fetch manifest @dotenvx/primitives@^0.8.0
1857 silly packumentCache full:https://registry.npmjs.org/@dotenvx%2fprimitives cache-miss
1858 http fetch GET 200 https://registry.npmjs.org/@babel%2fhelper-compilation-targets 79ms (cache miss)
1859 silly packumentCache full:https://registry.npmjs.org/@babel%2fhelper-compilation-targets set size:undefined disposed:false
1860 silly fetch manifest ajv@^8.17.1
1861 silly packumentCache full:https://registry.npmjs.org/ajv cache-miss
1862 http fetch GET 200 https://registry.npmjs.org/@babel%2fhelper-create-class-features-plugin 80ms (cache miss)
1863 silly packumentCache full:https://registry.npmjs.org/@babel%2fhelper-create-class-features-plugin set size:undefined disposed:false
1864 silly fetch manifest zod@^3.25 || ^4.0
1865 silly packumentCache full:https://registry.npmjs.org/zod cache-miss
1866 http fetch GET 200 https://registry.npmjs.org/@babel%2fhelper-module-transforms 88ms (cache miss)
1867 silly packumentCache full:https://registry.npmjs.org/@babel%2fhelper-module-transforms set size:undefined disposed:false
1868 silly fetch manifest cors@^2.8.5
1869 silly packumentCache full:https://registry.npmjs.org/cors cache-miss
1870 http fetch GET 200 https://registry.npmjs.org/@babel%2fhelper-plugin-utils 91ms (cache miss)
1871 silly packumentCache full:https://registry.npmjs.org/@babel%2fhelper-plugin-utils set size:undefined disposed:false
1872 silly fetch manifest hono@^4.11.4
1873 silly packumentCache full:https://registry.npmjs.org/hono cache-miss
1874 http fetch GET 200 https://registry.npmjs.org/@babel%2fhelper-annotate-as-pure 92ms (cache miss)
1875 silly packumentCache full:https://registry.npmjs.org/@babel%2fhelper-annotate-as-pure set size:undefined disposed:false
1876 silly fetch manifest jose@^6.1.3
1877 silly packumentCache full:https://registry.npmjs.org/jose cache-miss
1878 http fetch GET 200 https://registry.npmjs.org/@babel%2ftemplate 95ms (cache miss)
1879 silly packumentCache full:https://registry.npmjs.org/@babel%2ftemplate set size:undefined disposed:false
1880 silly fetch manifest express@^5.2.1
1881 silly packumentCache full:https://registry.npmjs.org/express cache-miss
1882 http fetch GET 200 https://registry.npmjs.org/@babel%2ftypes 97ms (cache miss)
1883 silly packumentCache full:https://registry.npmjs.org/@babel%2ftypes set size:undefined disposed:false
1884 silly fetch manifest raw-body@^3.0.0
1885 silly packumentCache full:https://registry.npmjs.org/raw-body cache-miss
1886 http fetch GET 200 https://registry.npmjs.org/zod 21ms (cache hit)
1887 silly packumentCache full:https://registry.npmjs.org/zod set size:4147901 disposed:false
1888 silly fetch manifest ajv-formats@^3.0.1
1889 silly packumentCache full:https://registry.npmjs.org/ajv-formats cache-miss
1890 http fetch GET 200 https://registry.npmjs.org/@babel%2ftypes 130ms (cache miss)
1891 silly packumentCache full:https://registry.npmjs.org/@babel%2ftypes set size:undefined disposed:false
1892 silly fetch manifest cross-spawn@^7.0.5
1893 silly packumentCache full:https://registry.npmjs.org/cross-spawn cache-miss
1894 http fetch GET 200 https://registry.npmjs.org/@babel%2fhelper-skip-transparent-expression-wrappers 131ms (cache miss)
1895 silly packumentCache full:https://registry.npmjs.org/@babel%2fhelper-skip-transparent-expression-wrappers set size:undefined disposed:false
1896 silly fetch manifest eventsource@^3.0.2
1897 silly packumentCache full:https://registry.npmjs.org/eventsource cache-miss
1898 http fetch GET 200 https://registry.npmjs.org/@babel%2ftraverse 134ms (cache miss)
1899 silly packumentCache full:https://registry.npmjs.org/@babel%2ftraverse set size:undefined disposed:false
1900 silly fetch manifest content-type@^1.0.5
1901 silly packumentCache full:https://registry.npmjs.org/content-type cache-miss
1902 http fetch GET 200 https://registry.npmjs.org/@babel%2fgenerator 139ms (cache miss)
1903 silly packumentCache full:https://registry.npmjs.org/@babel%2fgenerator set size:undefined disposed:false
1904 silly fetch manifest pkce-challenge@^5.0.0
1905 silly packumentCache full:https://registry.npmjs.org/pkce-challenge cache-miss
1906 http fetch GET 200 https://registry.npmjs.org/@babel%2fplugin-syntax-jsx 144ms (cache miss)
1907 silly packumentCache full:https://registry.npmjs.org/@babel%2fplugin-syntax-jsx set size:undefined disposed:false
1908 silly fetch manifest @hono/node-server@^1.19.9 || ^2.0.5
1909 silly packumentCache full:https://registry.npmjs.org/@hono%2fnode-server cache-miss
1910 http fetch GET 200 https://registry.npmjs.org/yocto-spinner 103ms (cache miss)
1911 silly packumentCache full:https://registry.npmjs.org/yocto-spinner set size:undefined disposed:false
1912 silly fetch manifest json-schema-typed@^8.0.2
1913 silly packumentCache full:https://registry.npmjs.org/json-schema-typed cache-miss
1914 http fetch GET 200 https://registry.npmjs.org/@babel%2fhelper-plugin-utils 148ms (cache miss)
1915 silly packumentCache full:https://registry.npmjs.org/@babel%2fhelper-plugin-utils set size:undefined disposed:false
1916 silly fetch manifest eventsource-parser@^3.0.0
1917 silly packumentCache full:https://registry.npmjs.org/eventsource-parser cache-miss
1918 http fetch GET 200 https://registry.npmjs.org/env-paths 116ms (cache miss)
1919 silly packumentCache full:https://registry.npmjs.org/env-paths set size:undefined disposed:false
1920 silly fetch manifest express-rate-limit@^8.2.1
1921 silly packumentCache full:https://registry.npmjs.org/express-rate-limit cache-miss
1922 http fetch GET 200 https://registry.npmjs.org/which 152ms (cache miss)
1923 silly packumentCache full:https://registry.npmjs.org/which set size:undefined disposed:false
1924 silly fetch manifest zod-to-json-schema@^3.25.1
1925 silly packumentCache full:https://registry.npmjs.org/zod-to-json-schema cache-miss
1926 http fetch GET 200 https://registry.npmjs.org/@babel%2fhelper-validator-option 154ms (cache miss)
1927 silly packumentCache full:https://registry.npmjs.org/@babel%2fhelper-validator-option set size:undefined disposed:false
1928 silly fetch manifest node-releases@^2.0.53
1929 silly packumentCache full:https://registry.npmjs.org/node-releases cache-miss
1930 http fetch GET 200 https://registry.npmjs.org/fdir 155ms (cache miss)
1931 silly packumentCache full:https://registry.npmjs.org/fdir set size:undefined disposed:false
1932 silly fetch manifest electron-to-chromium@^1.5.402
1933 silly packumentCache full:https://registry.npmjs.org/electron-to-chromium cache-miss
1934 http fetch GET 200 https://registry.npmjs.org/conf 156ms (cache miss)
1935 silly packumentCache full:https://registry.npmjs.org/conf set size:undefined disposed:false
1936 silly fetch manifest update-browserslist-db@^1.3.0
1937 silly packumentCache full:https://registry.npmjs.org/update-browserslist-db cache-miss
1938 http fetch GET 200 https://registry.npmjs.org/picomatch 120ms (cache miss)
1939 silly packumentCache full:https://registry.npmjs.org/picomatch set size:undefined disposed:false
1940 silly fetch manifest js-yaml@^4.1.0
1941 silly packumentCache full:https://registry.npmjs.org/js-yaml cache-miss
1942 http fetch GET 200 https://registry.npmjs.org/enquirer 142ms (cache miss)
1943 silly packumentCache full:https://registry.npmjs.org/enquirer set size:undefined disposed:false
1944 silly fetch manifest parse-json@^5.2.0
1945 silly packumentCache full:https://registry.npmjs.org/parse-json cache-miss
1946 http fetch GET 200 https://registry.npmjs.org/object-treeify 115ms (cache miss)
1947 silly packumentCache full:https://registry.npmjs.org/object-treeify set size:undefined disposed:false
1948 silly fetch manifest import-fresh@^3.3.0
1949 silly packumentCache full:https://registry.npmjs.org/import-fresh cache-miss
1950 http fetch GET 200 https://registry.npmjs.org/ignore 153ms (cache miss)
1951 silly packumentCache full:https://registry.npmjs.org/ignore set size:undefined disposed:false
1952 silly fetch manifest figures@^6.1.0
1953 silly packumentCache full:https://registry.npmjs.org/figures cache-miss
1954 http fetch GET 200 https://registry.npmjs.org/@babel%2fplugin-transform-modules-commonjs 168ms (cache miss)
1955 silly packumentCache full:https://registry.npmjs.org/@babel%2fplugin-transform-modules-commonjs set size:undefined disposed:false
1956 silly fetch manifest is-stream@^4.0.1
1957 silly packumentCache full:https://registry.npmjs.org/is-stream cache-miss
1958 http fetch GET 200 https://registry.npmjs.org/dotenv 160ms (cache miss)
1959 silly packumentCache full:https://registry.npmjs.org/dotenv set size:undefined disposed:false
1960 silly fetch manifest pretty-ms@^9.2.0
1961 silly packumentCache full:https://registry.npmjs.org/pretty-ms cache-miss
1962 http fetch GET 200 https://registry.npmjs.org/zod-to-json-schema 23ms (cache hit)
1963 silly packumentCache full:https://registry.npmjs.org/zod-to-json-schema set size:309584 disposed:false
1964 silly fetch manifest get-stream@^9.0.0
1965 silly packumentCache full:https://registry.npmjs.org/get-stream cache-miss
1966 http fetch GET 200 https://registry.npmjs.org/js-yaml 21ms (cache hit)
1967 silly packumentCache full:https://registry.npmjs.org/js-yaml set size:193945 disposed:false
1968 silly fetch manifest cross-spawn@^7.0.6
1969 silly packumentCache full:https://registry.npmjs.org/cross-spawn cache-miss
1970 http fetch GET 200 https://registry.npmjs.org/cors 95ms (cache miss)
1971 silly packumentCache full:https://registry.npmjs.org/cors set size:undefined disposed:false
1972 silly fetch manifest signal-exit@^4.1.0
1973 silly packumentCache full:https://registry.npmjs.org/signal-exit cache-miss
1974 http fetch GET 200 https://registry.npmjs.org/raw-body 86ms (cache miss)
1975 silly packumentCache full:https://registry.npmjs.org/raw-body set size:undefined disposed:false
1976 silly fetch manifest yoctocolors@^2.1.1
1977 silly packumentCache full:https://registry.npmjs.org/yoctocolors cache-miss
1978 http fetch GET 200 https://registry.npmjs.org/cross-spawn 58ms (cache miss)
1979 silly packumentCache full:https://registry.npmjs.org/cross-spawn set size:undefined disposed:false
1980 silly fetch manifest is-plain-obj@^4.1.0
1981 silly packumentCache full:https://registry.npmjs.org/is-plain-obj cache-miss
1982 http fetch GET 200 https://registry.npmjs.org/eventsource 59ms (cache miss)
1983 silly packumentCache full:https://registry.npmjs.org/eventsource set size:undefined disposed:false
1984 silly fetch manifest npm-run-path@^6.0.0
1985 silly packumentCache full:https://registry.npmjs.org/npm-run-path cache-miss
1986 http fetch GET 200 https://registry.npmjs.org/content-type 67ms (cache miss)
1987 silly packumentCache full:https://registry.npmjs.org/content-type set size:undefined disposed:false
1988 silly fetch manifest human-signals@^8.0.1
1989 silly packumentCache full:https://registry.npmjs.org/human-signals cache-miss
1990 http fetch GET 200 https://registry.npmjs.org/pkce-challenge 65ms (cache miss)
1991 silly packumentCache full:https://registry.npmjs.org/pkce-challenge set size:undefined disposed:false
1992 silly fetch manifest strip-final-newline@^4.0.0
1993 silly packumentCache full:https://registry.npmjs.org/strip-final-newline cache-miss
1994 http fetch GET 200 https://registry.npmjs.org/is-plain-obj 30ms (cache hit)
1995 silly packumentCache full:https://registry.npmjs.org/is-plain-obj set size:17899 disposed:false
1996 silly fetch manifest @sindresorhus/merge-streams@^4.0.0
1997 silly packumentCache full:https://registry.npmjs.org/@sindresorhus%2fmerge-streams cache-miss
1998 http fetch GET 200 https://registry.npmjs.org/eventsource-parser 73ms (cache miss)
1999 silly packumentCache full:https://registry.npmjs.org/eventsource-parser set size:undefined disposed:false
2000 silly fetch manifest @nodelib/fs.stat@^2.0.2
2001 silly packumentCache full:https://registry.npmjs.org/@nodelib%2ffs.stat cache-miss
2002 http fetch GET 200 https://registry.npmjs.org/json-schema-typed 77ms (cache miss)
2003 silly packumentCache full:https://registry.npmjs.org/json-schema-typed set size:undefined disposed:false
2004 silly fetch manifest @nodelib/fs.walk@^1.2.3
2005 silly packumentCache full:https://registry.npmjs.org/@nodelib%2ffs.walk cache-miss
2006 http fetch GET 200 https://registry.npmjs.org/import-fresh 89ms (cache miss)
2007 silly packumentCache full:https://registry.npmjs.org/import-fresh set size:undefined disposed:false
2008 silly fetch manifest glob-parent@^5.1.2
2009 silly packumentCache full:https://registry.npmjs.org/glob-parent cache-miss
2010 http fetch GET 200 https://registry.npmjs.org/ajv 175ms (cache miss)
2011 silly packumentCache full:https://registry.npmjs.org/ajv set size:undefined disposed:false
2012 silly fetch manifest merge2@^1.3.0
2013 silly packumentCache full:https://registry.npmjs.org/merge2 cache-miss
2014 http fetch GET 200 https://registry.npmjs.org/express 162ms (cache miss)
2015 silly packumentCache full:https://registry.npmjs.org/express set size:undefined disposed:false
2016 silly fetch manifest micromatch@^4.0.8
2017 silly packumentCache full:https://registry.npmjs.org/micromatch cache-miss
2018 http fetch GET 200 https://registry.npmjs.org/update-browserslist-db 105ms (cache miss)
2019 silly packumentCache full:https://registry.npmjs.org/update-browserslist-db set size:undefined disposed:false
2020 silly fetch manifest jsonfile@^6.0.1
2021 silly packumentCache full:https://registry.npmjs.org/jsonfile cache-miss
2022 http fetch GET 200 https://registry.npmjs.org/parse-json 105ms (cache miss)
2023 silly packumentCache full:https://registry.npmjs.org/parse-json set size:undefined disposed:false
2024 silly fetch manifest universalify@^2.0.0
2025 silly packumentCache full:https://registry.npmjs.org/universalify cache-miss
2026 http fetch GET 200 https://registry.npmjs.org/@hono%2fnode-server 123ms (cache miss)
2027 silly packumentCache full:https://registry.npmjs.org/@hono%2fnode-server set size:undefined disposed:false
2028 silly fetch manifest is-in-ssh@^1.0.0
2029 silly packumentCache full:https://registry.npmjs.org/is-in-ssh cache-miss
2030 http fetch GET 200 https://registry.npmjs.org/node-releases 117ms (cache miss)
2031 silly packumentCache full:https://registry.npmjs.org/node-releases set size:undefined disposed:false
2032 silly fetch manifest wsl-utils@^1.0.0
2033 silly packumentCache full:https://registry.npmjs.org/wsl-utils cache-miss
2034 http fetch GET 200 https://registry.npmjs.org/is-stream 106ms (cache miss)
2035 silly packumentCache full:https://registry.npmjs.org/is-stream set size:undefined disposed:false
2036 silly fetch manifest default-browser@^5.5.1
2037 silly packumentCache full:https://registry.npmjs.org/default-browser cache-miss
2038 http fetch GET 200 https://registry.npmjs.org/express-rate-limit 126ms (cache miss)
2039 silly packumentCache full:https://registry.npmjs.org/express-rate-limit set size:undefined disposed:false
2040 silly fetch manifest define-lazy-prop@^3.0.0
2041 silly packumentCache full:https://registry.npmjs.org/define-lazy-prop cache-miss
2042 http fetch GET 200 https://registry.npmjs.org/yoctocolors 93ms (cache miss)
2043 silly packumentCache full:https://registry.npmjs.org/yoctocolors set size:undefined disposed:false
2044 silly fetch manifest powershell-utils@^0.2.1
2045 silly packumentCache full:https://registry.npmjs.org/powershell-utils cache-miss
2046 http fetch GET 200 https://registry.npmjs.org/figures 115ms (cache miss)
2047 silly packumentCache full:https://registry.npmjs.org/figures set size:undefined disposed:false
2048 silly fetch manifest is-inside-container@^1.0.0
2049 silly packumentCache full:https://registry.npmjs.org/is-inside-container cache-miss
2050 http fetch GET 200 https://registry.npmjs.org/pretty-ms 113ms (cache miss)
2051 silly packumentCache full:https://registry.npmjs.org/pretty-ms set size:undefined disposed:false
2052 silly fetch manifest chalk@^5.3.0
2053 silly packumentCache full:https://registry.npmjs.org/chalk cache-miss
2054 http fetch GET 200 https://registry.npmjs.org/signal-exit 102ms (cache miss)
2055 silly packumentCache full:https://registry.npmjs.org/signal-exit set size:undefined disposed:false
2056 silly fetch manifest cli-cursor@^5.0.0
2057 silly packumentCache full:https://registry.npmjs.org/cli-cursor cache-miss
2058 http fetch GET 200 https://registry.npmjs.org/cross-spawn 104ms (cache miss)
2059 silly packumentCache full:https://registry.npmjs.org/cross-spawn set size:undefined disposed:false
2060 silly fetch manifest strip-ansi@^7.1.0
2061 silly packumentCache full:https://registry.npmjs.org/strip-ansi cache-miss
2062 http fetch GET 200 https://registry.npmjs.org/npm-run-path 95ms (cache miss)
2063 silly packumentCache full:https://registry.npmjs.org/npm-run-path set size:undefined disposed:false
2064 silly fetch manifest log-symbols@^6.0.0
2065 silly packumentCache full:https://registry.npmjs.org/log-symbols cache-miss
2066 http fetch GET 200 https://registry.npmjs.org/get-stream 112ms (cache miss)
2067 silly packumentCache full:https://registry.npmjs.org/get-stream set size:undefined disposed:false
2068 silly fetch manifest cli-spinners@^2.9.2
2069 silly packumentCache full:https://registry.npmjs.org/cli-spinners cache-miss
2070 http fetch GET 200 https://registry.npmjs.org/strip-final-newline 85ms (cache miss)
2071 silly packumentCache full:https://registry.npmjs.org/strip-final-newline set size:undefined disposed:false
2072 silly fetch manifest string-width@^7.2.0
2073 silly packumentCache full:https://registry.npmjs.org/string-width cache-miss
2074 http fetch GET 200 https://registry.npmjs.org/human-signals 89ms (cache miss)
2075 silly packumentCache full:https://registry.npmjs.org/human-signals set size:undefined disposed:false
2076 silly fetch manifest is-interactive@^2.0.0
2077 silly packumentCache full:https://registry.npmjs.org/is-interactive cache-miss
2078 http fetch GET 200 https://registry.npmjs.org/@nodelib%2ffs.stat 73ms (cache miss)
2079 silly packumentCache full:https://registry.npmjs.org/@nodelib%2ffs.stat set size:undefined disposed:false
2080 silly fetch manifest stdin-discarder@^0.2.2
2081 silly packumentCache full:https://registry.npmjs.org/stdin-discarder cache-miss
2082 http fetch GET 200 https://registry.npmjs.org/jose 204ms (cache miss)
2083 silly packumentCache full:https://registry.npmjs.org/jose set size:undefined disposed:false
2084 silly fetch manifest is-unicode-supported@^2.0.0
2085 silly packumentCache full:https://registry.npmjs.org/is-unicode-supported cache-miss
2086 http fetch GET 200 https://registry.npmjs.org/@sindresorhus%2fmerge-streams 83ms (cache miss)
2087 silly packumentCache full:https://registry.npmjs.org/@sindresorhus%2fmerge-streams set size:undefined disposed:false
2088 silly fetch manifest cssesc@^3.0.0
2089 silly packumentCache full:https://registry.npmjs.org/cssesc cache-miss
2090 http fetch GET 200 https://registry.npmjs.org/@nodelib%2ffs.walk 88ms (cache miss)
2091 silly packumentCache full:https://registry.npmjs.org/@nodelib%2ffs.walk set size:undefined disposed:false
2092 silly fetch manifest util-deprecate@^1.0.2
2093 silly packumentCache full:https://registry.npmjs.org/util-deprecate cache-miss
2094 http fetch GET 200 https://registry.npmjs.org/merge2 57ms (cache miss)
2095 silly packumentCache full:https://registry.npmjs.org/merge2 set size:undefined disposed:false
2096 silly fetch manifest kleur@^3.0.3
2097 silly packumentCache full:https://registry.npmjs.org/kleur cache-miss
2098 http fetch GET 200 https://registry.npmjs.org/is-in-ssh 48ms (cache miss)
2099 silly packumentCache full:https://registry.npmjs.org/is-in-ssh set size:undefined disposed:false
2100 silly fetch manifest sisteransi@^1.0.5
2101 silly packumentCache full:https://registry.npmjs.org/sisteransi cache-miss
2102 http fetch GET 200 https://registry.npmjs.org/glob-parent 65ms (cache miss)
2103 silly packumentCache full:https://registry.npmjs.org/glob-parent set size:undefined disposed:false
2104 silly fetch manifest ast-types@^0.16.1
2105 silly packumentCache full:https://registry.npmjs.org/ast-types cache-miss
2106 http fetch GET 200 https://registry.npmjs.org/universalify 54ms (cache miss)
2107 silly packumentCache full:https://registry.npmjs.org/universalify set size:undefined disposed:false
2108 silly fetch manifest source-map@~0.6.1
2109 silly packumentCache full:https://registry.npmjs.org/source-map cache-miss
2110 http fetch GET 200 https://registry.npmjs.org/jsonfile 58ms (cache miss)
2111 silly packumentCache full:https://registry.npmjs.org/jsonfile set size:undefined disposed:false
2112 silly fetch manifest tiny-invariant@^1.3.3
2113 silly packumentCache full:https://registry.npmjs.org/tiny-invariant cache-miss
2114 http fetch GET 200 https://registry.npmjs.org/micromatch 62ms (cache miss)
2115 silly packumentCache full:https://registry.npmjs.org/micromatch set size:undefined disposed:false
2116 silly fetch manifest ip-address@^10.1.1
2117 silly packumentCache full:https://registry.npmjs.org/ip-address cache-miss
2118 http fetch GET 200 https://registry.npmjs.org/systeminformation 254ms (cache miss)
2119 silly packumentCache full:https://registry.npmjs.org/systeminformation set size:undefined disposed:false
2120 silly fetch manifest smart-buffer@^4.2.0
2121 silly packumentCache full:https://registry.npmjs.org/smart-buffer cache-miss
2122 http fetch GET 200 https://registry.npmjs.org/wsl-utils 63ms (cache miss)
2123 silly packumentCache full:https://registry.npmjs.org/wsl-utils set size:undefined disposed:false
2124 silly fetch manifest is-obj@^3.0.0
2125 silly packumentCache full:https://registry.npmjs.org/is-obj cache-miss
2126 http fetch GET 200 https://registry.npmjs.org/kleur 22ms (cache hit)
2127 silly packumentCache full:https://registry.npmjs.org/kleur set size:61853 disposed:false
2128 silly fetch manifest is-regexp@^3.1.0
2129 silly packumentCache full:https://registry.npmjs.org/is-regexp cache-miss
2130 http fetch GET 200 https://registry.npmjs.org/default-browser 62ms (cache miss)
2131 silly packumentCache full:https://registry.npmjs.org/default-browser set size:undefined disposed:false
2132 silly fetch manifest get-own-enumerable-keys@^1.0.0
2133 silly packumentCache full:https://registry.npmjs.org/get-own-enumerable-keys cache-miss
2134 http fetch GET 200 https://registry.npmjs.org/define-lazy-prop 60ms (cache miss)
2135 silly packumentCache full:https://registry.npmjs.org/define-lazy-prop set size:undefined disposed:false
2136 silly fetch manifest @ts-morph/common@~0.27.0
2137 silly packumentCache full:https://registry.npmjs.org/@ts-morph%2fcommon cache-miss
2138 http fetch GET 200 https://registry.npmjs.org/powershell-utils 63ms (cache miss)
2139 silly packumentCache full:https://registry.npmjs.org/powershell-utils set size:undefined disposed:false
2140 silly fetch manifest code-block-writer@^13.0.3
2141 silly packumentCache full:https://registry.npmjs.org/code-block-writer cache-miss
2142 http fetch GET 200 https://registry.npmjs.org/source-map 23ms (cache hit)
2143 silly packumentCache full:https://registry.npmjs.org/source-map set size:231637 disposed:false
2144 silly fetch manifest json5@^2.2.2
2145 silly packumentCache full:https://registry.npmjs.org/json5 cache-miss
2146 http fetch GET 200 https://registry.npmjs.org/@dotenvx%2fprimitives 273ms (cache miss)
2147 silly packumentCache full:https://registry.npmjs.org/@dotenvx%2fprimitives set size:undefined disposed:false
2148 silly fetch manifest minimist@^1.2.6
2149 silly packumentCache full:https://registry.npmjs.org/minimist cache-miss
2150 http fetch GET 200 https://registry.npmjs.org/is-inside-container 70ms (cache miss)
2151 silly packumentCache full:https://registry.npmjs.org/is-inside-container set size:undefined disposed:false
2152 silly fetch manifest strip-bom@^3.0.0
2153 silly packumentCache full:https://registry.npmjs.org/strip-bom cache-miss
2154 http fetch GET 200 https://registry.npmjs.org/ajv-formats 237ms (cache miss)
2155 silly packumentCache full:https://registry.npmjs.org/ajv-formats set size:undefined disposed:false
2156 http fetch GET 200 https://registry.npmjs.org/log-symbols 68ms (cache miss)
2157 silly packumentCache full:https://registry.npmjs.org/log-symbols set size:undefined disposed:false
2158 http fetch GET 200 https://registry.npmjs.org/string-width 65ms (cache miss)
2159 silly packumentCache full:https://registry.npmjs.org/string-width set size:undefined disposed:false
2160 http fetch GET 200 https://registry.npmjs.org/json5 13ms (cache hit)
2161 silly packumentCache full:https://registry.npmjs.org/json5 set size:86136 disposed:false
2162 http fetch GET 200 https://registry.npmjs.org/strip-ansi 72ms (cache miss)
2163 silly packumentCache full:https://registry.npmjs.org/strip-ansi set size:undefined disposed:false
2164 http fetch GET 200 https://registry.npmjs.org/chalk 75ms (cache miss)
2165 silly packumentCache full:https://registry.npmjs.org/chalk set size:undefined disposed:false
2166 http fetch GET 200 https://registry.npmjs.org/cli-cursor 76ms (cache miss)
2167 silly packumentCache full:https://registry.npmjs.org/cli-cursor set size:undefined disposed:false
2168 http fetch GET 200 https://registry.npmjs.org/is-interactive 70ms (cache miss)
2169 silly packumentCache full:https://registry.npmjs.org/is-interactive set size:undefined disposed:false
2170 http fetch GET 200 https://registry.npmjs.org/hono 281ms (cache miss)
2171 silly packumentCache full:https://registry.npmjs.org/hono set size:undefined disposed:false
2172 http fetch GET 200 https://registry.npmjs.org/stdin-discarder 121ms (cache miss)
2173 silly packumentCache full:https://registry.npmjs.org/stdin-discarder set size:undefined disposed:false
2174 http fetch GET 200 https://registry.npmjs.org/util-deprecate 104ms (cache miss)
2175 silly packumentCache full:https://registry.npmjs.org/util-deprecate set size:undefined disposed:false
2176 http fetch GET 200 https://registry.npmjs.org/cssesc 116ms (cache miss)
2177 silly packumentCache full:https://registry.npmjs.org/cssesc set size:undefined disposed:false
2178 http fetch GET 200 https://registry.npmjs.org/is-obj 84ms (cache miss)
2179 silly packumentCache full:https://registry.npmjs.org/is-obj set size:undefined disposed:false
2180 http fetch GET 200 https://registry.npmjs.org/is-unicode-supported 118ms (cache miss)
2181 silly packumentCache full:https://registry.npmjs.org/is-unicode-supported set size:undefined disposed:false
2182 http fetch GET 200 https://registry.npmjs.org/sisteransi 103ms (cache miss)
2183 silly packumentCache full:https://registry.npmjs.org/sisteransi set size:undefined disposed:false
2184 http fetch GET 200 https://registry.npmjs.org/smart-buffer 90ms (cache miss)
2185 silly packumentCache full:https://registry.npmjs.org/smart-buffer set size:undefined disposed:false
2186 http fetch GET 200 https://registry.npmjs.org/is-regexp 86ms (cache miss)
2187 silly packumentCache full:https://registry.npmjs.org/is-regexp set size:undefined disposed:false
2188 http fetch GET 200 https://registry.npmjs.org/ip-address 100ms (cache miss)
2189 silly packumentCache full:https://registry.npmjs.org/ip-address set size:undefined disposed:false
2190 http fetch GET 200 https://registry.npmjs.org/get-own-enumerable-keys 89ms (cache miss)
2191 silly packumentCache full:https://registry.npmjs.org/get-own-enumerable-keys set size:undefined disposed:false
2192 http fetch GET 200 https://registry.npmjs.org/tiny-invariant 105ms (cache miss)
2193 silly packumentCache full:https://registry.npmjs.org/tiny-invariant set size:undefined disposed:false
2194 http fetch GET 200 https://registry.npmjs.org/ast-types 109ms (cache miss)
2195 silly packumentCache full:https://registry.npmjs.org/ast-types set size:undefined disposed:false
2196 http fetch GET 200 https://registry.npmjs.org/@ts-morph%2fcommon 101ms (cache miss)
2197 silly packumentCache full:https://registry.npmjs.org/@ts-morph%2fcommon set size:undefined disposed:false
2198 http fetch GET 200 https://registry.npmjs.org/strip-bom 93ms (cache miss)
2199 silly packumentCache full:https://registry.npmjs.org/strip-bom set size:undefined disposed:false
2200 http fetch GET 200 https://registry.npmjs.org/minimist 99ms (cache miss)
2201 silly packumentCache full:https://registry.npmjs.org/minimist set size:undefined disposed:false
2202 http fetch GET 200 https://registry.npmjs.org/code-block-writer 113ms (cache miss)
2203 silly packumentCache full:https://registry.npmjs.org/code-block-writer set size:undefined disposed:false
2204 http fetch GET 200 https://registry.npmjs.org/cli-spinners 231ms (cache miss)
2205 silly packumentCache full:https://registry.npmjs.org/cli-spinners set size:undefined disposed:false
2206 http fetch GET 200 https://registry.npmjs.org/electron-to-chromium 424ms (cache miss)
2207 silly packumentCache full:https://registry.npmjs.org/electron-to-chromium set size:undefined disposed:false
2208 silly fetch manifest @babel/core@^7.0.0
2209 silly packumentCache full:https://registry.npmjs.org/@babel%2fcore cache-miss
2210 http fetch GET 200 https://registry.npmjs.org/@babel%2fcore 4ms (cache hit)
2211 silly packumentCache full:https://registry.npmjs.org/@babel%2fcore set size:788273 disposed:false
2212 silly placeDep ROOT @babel/generator@7.29.8 OK for: @babel/core@7.29.7 want: ^7.29.7
2213 silly placeDep ROOT @babel/helper-compilation-targets@7.29.7 OK for: @babel/core@7.29.7 want: ^7.29.7
2214 silly placeDep ROOT @babel/helper-module-transforms@7.29.7 OK for: @babel/core@7.29.7 want: ^7.29.7
2215 silly placeDep ROOT @babel/helpers@7.29.7 OK for: @babel/core@7.29.7 want: ^7.29.7
2216 silly placeDep ROOT @babel/template@7.29.7 OK for: @babel/core@7.29.7 want: ^7.29.7
2217 silly placeDep ROOT @babel/traverse@7.29.8 OK for: @babel/core@7.29.7 want: ^7.29.7
2218 silly placeDep ROOT @babel/types@7.29.8 OK for: @babel/core@7.29.7 want: ^7.29.7
2219 silly placeDep ROOT convert-source-map@2.0.0 OK for: @babel/core@7.29.7 want: ^2.0.0
2220 silly placeDep ROOT gensync@1.0.0-beta.2 OK for: @babel/core@7.29.7 want: ^1.0.0-beta.2
2221 silly placeDep ROOT json5@2.2.3 OK for: @babel/core@7.29.7 want: ^2.2.3
2222 silly placeDep ROOT semver@6.3.1 OK for: @babel/core@7.29.7 want: ^6.3.1
2223 silly fetch manifest jsesc@^3.0.2
2224 silly packumentCache full:https://registry.npmjs.org/jsesc cache-miss
2225 silly fetch manifest lru-cache@^5.1.1
2226 silly packumentCache full:https://registry.npmjs.org/lru-cache cache-miss
2227 silly fetch manifest @babel/compat-data@^7.29.7
2228 silly packumentCache full:https://registry.npmjs.org/@babel%2fcompat-data cache-miss
2229 silly fetch manifest @babel/helper-module-imports@^7.29.7
2230 silly packumentCache full:https://registry.npmjs.org/@babel%2fhelper-module-imports cache-miss
2231 silly fetch manifest @babel/helper-globals@^7.29.7
2232 silly packumentCache full:https://registry.npmjs.org/@babel%2fhelper-globals cache-miss
2233 silly fetch manifest @babel/helper-string-parser@^7.29.7
2234 silly packumentCache full:https://registry.npmjs.org/@babel%2fhelper-string-parser cache-miss
2235 http fetch GET 200 https://registry.npmjs.org/jsesc 51ms (cache miss)
2236 silly packumentCache full:https://registry.npmjs.org/jsesc set size:undefined disposed:false
2237 http fetch GET 200 https://registry.npmjs.org/@babel%2fhelper-globals 53ms (cache miss)
2238 silly packumentCache full:https://registry.npmjs.org/@babel%2fhelper-globals set size:undefined disposed:false
2239 http fetch GET 200 https://registry.npmjs.org/@babel%2fhelper-string-parser 57ms (cache miss)
2240 silly packumentCache full:https://registry.npmjs.org/@babel%2fhelper-string-parser set size:undefined disposed:false
2241 http fetch GET 200 https://registry.npmjs.org/@babel%2fhelper-module-imports 59ms (cache miss)
2242 silly packumentCache full:https://registry.npmjs.org/@babel%2fhelper-module-imports set size:undefined disposed:false
2243 http fetch GET 200 https://registry.npmjs.org/lru-cache 60ms (cache miss)
2244 silly packumentCache full:https://registry.npmjs.org/lru-cache set size:undefined disposed:false
2245 http fetch GET 200 https://registry.npmjs.org/@babel%2fcompat-data 64ms (cache miss)
2246 silly packumentCache full:https://registry.npmjs.org/@babel%2fcompat-data set size:undefined disposed:false
2247 silly placeDep ROOT jsesc@3.1.0 OK for: @babel/generator@7.29.8 want: ^3.0.2
2248 silly placeDep ROOT @babel/compat-data@7.29.7 OK for: @babel/helper-compilation-targets@7.29.7 want: ^7.29.7
2249 silly placeDep ROOT @babel/helper-validator-option@7.29.7 OK for: @babel/helper-compilation-targets@7.29.7 want: ^7.29.7
2250 silly placeDep ROOT lru-cache@5.1.1 OK for: @babel/helper-compilation-targets@7.29.7 want: ^5.1.1
2251 silly fetch manifest yallist@^3.0.2
2252 silly packumentCache full:https://registry.npmjs.org/yallist cache-miss
2253 http fetch GET 200 https://registry.npmjs.org/yallist 41ms (cache miss)
2254 silly packumentCache full:https://registry.npmjs.org/yallist set size:undefined disposed:false
2255 silly placeDep ROOT @babel/helper-module-imports@7.29.7 OK for: @babel/helper-module-transforms@7.29.7 want: ^7.29.7
2256 silly fetch manifest @babel/core@^7.0.0-0
2257 silly packumentCache full:https://registry.npmjs.org/@babel%2fcore cache-hit
2258 silly placeDep ROOT @babel/helper-annotate-as-pure@7.29.7 OK for: @babel/plugin-transform-typescript@7.29.7 want: ^7.29.7
2259 silly placeDep ROOT @babel/helper-create-class-features-plugin@7.29.7 OK for: @babel/plugin-transform-typescript@7.29.7 want: ^7.29.7
2260 silly placeDep ROOT @babel/helper-plugin-utils@7.29.7 OK for: @babel/plugin-transform-typescript@7.29.7 want: ^7.29.7
2261 silly placeDep ROOT @babel/helper-skip-transparent-expression-wrappers@7.29.7 OK for: @babel/plugin-transform-typescript@7.29.7 want: ^7.29.7
2262 silly placeDep ROOT @babel/plugin-syntax-typescript@7.29.7 OK for: @babel/plugin-transform-typescript@7.29.7 want: ^7.29.7
2263 silly fetch manifest @babel/helper-replace-supers@^7.29.7
2264 silly packumentCache full:https://registry.npmjs.org/@babel%2fhelper-replace-supers cache-miss
2265 silly fetch manifest @babel/helper-optimise-call-expression@^7.29.7
2266 silly packumentCache full:https://registry.npmjs.org/@babel%2fhelper-optimise-call-expression cache-miss
2267 silly fetch manifest @babel/helper-member-expression-to-functions@^7.29.7
2268 silly packumentCache full:https://registry.npmjs.org/@babel%2fhelper-member-expression-to-functions cache-miss
2269 http fetch GET 200 https://registry.npmjs.org/@babel%2fhelper-optimise-call-expression 64ms (cache miss)
2270 silly packumentCache full:https://registry.npmjs.org/@babel%2fhelper-optimise-call-expression set size:undefined disposed:false
2271 http fetch GET 200 https://registry.npmjs.org/@babel%2fhelper-member-expression-to-functions 70ms (cache miss)
2272 silly packumentCache full:https://registry.npmjs.org/@babel%2fhelper-member-expression-to-functions set size:undefined disposed:false
2273 http fetch GET 200 https://registry.npmjs.org/@babel%2fhelper-replace-supers 83ms (cache miss)
2274 silly packumentCache full:https://registry.npmjs.org/@babel%2fhelper-replace-supers set size:undefined disposed:false
2275 silly placeDep ROOT @babel/helper-member-expression-to-functions@7.29.7 OK for: @babel/helper-create-class-features-plugin@7.29.7 want: ^7.29.7
2276 silly placeDep ROOT @babel/helper-optimise-call-expression@7.29.7 OK for: @babel/helper-create-class-features-plugin@7.29.7 want: ^7.29.7
2277 silly placeDep ROOT @babel/helper-replace-supers@7.29.7 OK for: @babel/helper-create-class-features-plugin@7.29.7 want: ^7.29.7
2278 silly placeDep ROOT @babel/plugin-syntax-jsx@7.29.7 OK for: @babel/preset-typescript@7.29.7 want: ^7.29.7
2279 silly placeDep ROOT @babel/plugin-transform-modules-commonjs@7.29.7 OK for: @babel/preset-typescript@7.29.7 want: ^7.29.7
2280 silly placeDep ROOT @babel/helper-globals@7.29.7 OK for: @babel/traverse@7.29.8 want: ^7.29.7
2281 silly placeDep ROOT @babel/helper-string-parser@7.29.7 OK for: @babel/types@7.29.8 want: ^7.29.7
2282 silly placeDep ROOT @dotenvx/primitives@0.8.0 OK for: @dotenvx/dotenvx@1.75.1 want: ^0.8.0
2283 silly placeDep node_modules/@dotenvx/dotenvx commander@11.1.0 OK for: @dotenvx/dotenvx@1.75.1 want: ^11.1.0
2284 silly placeDep ROOT conf@10.2.0 OK for: @dotenvx/dotenvx@1.75.1 want: ^10.2.0
2285 silly placeDep ROOT dotenv@17.4.2 OK for: @dotenvx/dotenvx@1.75.1 want: ^17.2.1
2286 silly placeDep ROOT enquirer@2.4.1 OK for: @dotenvx/dotenvx@1.75.1 want: ^2.4.1
2287 silly placeDep ROOT env-paths@2.2.1 OK for: @dotenvx/dotenvx@1.75.1 want: ^2.2.1
2288 silly placeDep node_modules/@dotenvx/dotenvx execa@5.1.1 OK for: @dotenvx/dotenvx@1.75.1 want: ^5.1.1
2289 silly placeDep ROOT fdir@6.5.0 OK for: @dotenvx/dotenvx@1.75.1 want: ^6.2.0
2290 silly placeDep ROOT ignore@5.3.2 OK for: @dotenvx/dotenvx@1.75.1 want: ^5.3.0
2291 silly placeDep ROOT object-treeify@1.1.33 OK for: @dotenvx/dotenvx@1.75.1 want: 1.1.33
2292 silly placeDep node_modules/@dotenvx/dotenvx open@8.4.2 OK for: @dotenvx/dotenvx@1.75.1 want: ^8.4.2
2293 silly placeDep ROOT picomatch@4.0.7 OK for: @dotenvx/dotenvx@1.75.1 want: ^4.0.4
2294 silly placeDep ROOT systeminformation@5.33.8 OK for: @dotenvx/dotenvx@1.75.1 want: ^5.22.11
2295 silly placeDep ROOT which@4.0.0 OK for: @dotenvx/dotenvx@1.75.1 want: ^4.0.0
2296 silly placeDep ROOT yocto-spinner@1.2.2 OK for: @dotenvx/dotenvx@1.75.1 want: ^1.1.0
2297 silly fetch manifest ajv@^8.6.3
2298 silly packumentCache full:https://registry.npmjs.org/ajv cache-miss
2299 silly fetch manifest pkg-up@^3.1.0
2300 silly packumentCache full:https://registry.npmjs.org/pkg-up cache-miss
2301 silly fetch manifest semver@^7.3.5
2302 silly packumentCache full:https://registry.npmjs.org/semver cache-hit
2303 silly fetch manifest onetime@^5.1.2
2304 silly packumentCache full:https://registry.npmjs.org/onetime cache-miss
2305 silly fetch manifest dot-prop@^6.0.1
2306 silly packumentCache full:https://registry.npmjs.org/dot-prop cache-miss
2307 silly fetch manifest atomically@^1.7.0
2308 silly packumentCache full:https://registry.npmjs.org/atomically cache-miss
2309 silly fetch manifest ajv-formats@^2.1.1
2310 silly packumentCache full:https://registry.npmjs.org/ajv-formats cache-miss
2311 silly fetch manifest debounce-fn@^4.0.0
2312 silly packumentCache full:https://registry.npmjs.org/debounce-fn cache-miss
2313 silly fetch manifest json-schema-typed@^7.0.3
2314 silly packumentCache full:https://registry.npmjs.org/json-schema-typed cache-miss
2315 silly fetch manifest ansi-colors@^4.1.1
2316 silly packumentCache full:https://registry.npmjs.org/ansi-colors cache-miss
2317 silly fetch manifest strip-ansi@^6.0.1
2318 silly packumentCache full:https://registry.npmjs.org/strip-ansi cache-miss
2319 silly fetch manifest onetime@^5.1.2
2320 silly packumentCache full:https://registry.npmjs.org/onetime cache-miss
2321 silly fetch manifest is-stream@^2.0.0
2322 silly packumentCache full:https://registry.npmjs.org/is-stream cache-miss
2323 silly fetch manifest get-stream@^6.0.0
2324 silly packumentCache full:https://registry.npmjs.org/get-stream cache-miss
2325 silly fetch manifest cross-spawn@^7.0.3
2326 silly packumentCache full:https://registry.npmjs.org/cross-spawn cache-miss
2327 silly fetch manifest signal-exit@^3.0.3
2328 silly packumentCache full:https://registry.npmjs.org/signal-exit cache-miss
2329 silly fetch manifest merge-stream@^2.0.0
2330 silly packumentCache full:https://registry.npmjs.org/merge-stream cache-miss
2331 silly fetch manifest npm-run-path@^4.0.1
2332 silly packumentCache full:https://registry.npmjs.org/npm-run-path cache-miss
2333 silly fetch manifest human-signals@^2.1.0
2334 silly packumentCache full:https://registry.npmjs.org/human-signals cache-miss
2335 silly fetch manifest strip-final-newline@^2.0.0
2336 silly packumentCache full:https://registry.npmjs.org/strip-final-newline cache-miss
2337 silly fetch manifest is-wsl@^2.2.0
2338 silly packumentCache full:https://registry.npmjs.org/is-wsl cache-miss
2339 silly fetch manifest is-docker@^2.1.1
2340 silly packumentCache full:https://registry.npmjs.org/is-docker cache-miss
2341 silly fetch manifest define-lazy-prop@^2.0.0
2342 silly packumentCache full:https://registry.npmjs.org/define-lazy-prop cache-miss
2343 silly fetch manifest isexe@^3.1.1
2344 silly packumentCache full:https://registry.npmjs.org/isexe cache-miss
2345 http fetch GET 200 https://registry.npmjs.org/json-schema-typed 13ms (cache hit)
2346 silly packumentCache full:https://registry.npmjs.org/json-schema-typed set size:26165 disposed:false
2347 http fetch GET 200 https://registry.npmjs.org/strip-ansi 14ms (cache hit)
2348 silly packumentCache full:https://registry.npmjs.org/strip-ansi set size:44998 disposed:false
2349 http fetch GET 200 https://registry.npmjs.org/ajv 17ms (cache hit)
2350 silly packumentCache full:https://registry.npmjs.org/ajv set size:1142658 disposed:false
2351 http fetch GET 200 https://registry.npmjs.org/signal-exit 18ms (cache hit)
2352 silly packumentCache full:https://registry.npmjs.org/signal-exit set size:53489 disposed:false
2353 http fetch GET 200 https://registry.npmjs.org/ajv-formats 20ms (cache hit)
2354 silly packumentCache full:https://registry.npmjs.org/ajv-formats set size:141264 disposed:false
2355 http fetch GET 200 https://registry.npmjs.org/cross-spawn 20ms (cache hit)
2356 silly packumentCache full:https://registry.npmjs.org/cross-spawn set size:109066 disposed:false
2357 http fetch GET 200 https://registry.npmjs.org/is-stream 21ms (cache hit)
2358 silly packumentCache full:https://registry.npmjs.org/is-stream set size:18582 disposed:false
2359 http fetch GET 200 https://registry.npmjs.org/get-stream 21ms (cache hit)
2360 silly packumentCache full:https://registry.npmjs.org/get-stream set size:57536 disposed:false
2361 http fetch GET 200 https://registry.npmjs.org/define-lazy-prop 22ms (cache hit)
2362 silly packumentCache full:https://registry.npmjs.org/define-lazy-prop set size:9337 disposed:false
2363 http fetch GET 200 https://registry.npmjs.org/npm-run-path 22ms (cache hit)
2364 silly packumentCache full:https://registry.npmjs.org/npm-run-path set size:33596 disposed:false
2365 http fetch GET 200 https://registry.npmjs.org/strip-final-newline 23ms (cache hit)
2366 silly packumentCache full:https://registry.npmjs.org/strip-final-newline set size:9328 disposed:false
2367 http fetch GET 200 https://registry.npmjs.org/human-signals 23ms (cache hit)
2368 silly packumentCache full:https://registry.npmjs.org/human-signals set size:47322 disposed:false
2369 http fetch GET 200 https://registry.npmjs.org/debounce-fn 41ms (cache miss)
2370 silly packumentCache full:https://registry.npmjs.org/debounce-fn set size:undefined disposed:false
2371 http fetch GET 200 https://registry.npmjs.org/onetime 49ms (cache miss)
2372 silly packumentCache full:https://registry.npmjs.org/onetime set size:undefined disposed:false
2373 http fetch GET 200 https://registry.npmjs.org/isexe 49ms (cache miss)
2374 silly packumentCache full:https://registry.npmjs.org/isexe set size:undefined disposed:false
2375 http fetch GET 200 https://registry.npmjs.org/is-wsl 50ms (cache miss)
2376 silly packumentCache full:https://registry.npmjs.org/is-wsl set size:undefined disposed:false
2377 http fetch GET 200 https://registry.npmjs.org/onetime 52ms (cache miss)
2378 silly packumentCache full:https://registry.npmjs.org/onetime set size:undefined disposed:false
2379 http fetch GET 200 https://registry.npmjs.org/atomically 52ms (cache miss)
2380 silly packumentCache full:https://registry.npmjs.org/atomically set size:undefined disposed:false
2381 http fetch GET 200 https://registry.npmjs.org/is-docker 53ms (cache miss)
2382 silly packumentCache full:https://registry.npmjs.org/is-docker set size:undefined disposed:false
2383 http fetch GET 200 https://registry.npmjs.org/pkg-up 54ms (cache miss)
2384 silly packumentCache full:https://registry.npmjs.org/pkg-up set size:undefined disposed:false
2385 http fetch GET 200 https://registry.npmjs.org/merge-stream 54ms (cache miss)
2386 silly packumentCache full:https://registry.npmjs.org/merge-stream set size:undefined disposed:false
2387 http fetch GET 200 https://registry.npmjs.org/ansi-colors 56ms (cache miss)
2388 silly packumentCache full:https://registry.npmjs.org/ansi-colors set size:undefined disposed:false
2389 http fetch GET 200 https://registry.npmjs.org/dot-prop 57ms (cache miss)
2390 silly packumentCache full:https://registry.npmjs.org/dot-prop set size:undefined disposed:false
2391 silly placeDep ROOT @hono/node-server@2.1.1 OK for: @modelcontextprotocol/sdk@1.30.0 want: ^1.19.9 || ^2.0.5
2392 silly placeDep ROOT hono@4.13.5 OK for: @hono/node-server@2.1.1 want: ^4
2393 silly placeDep ROOT ajv@8.20.0 OK for: @modelcontextprotocol/sdk@1.30.0 want: ^8.17.1
2394 silly placeDep ROOT ajv-formats@3.0.1 OK for: @modelcontextprotocol/sdk@1.30.0 want: ^3.0.1
2395 silly placeDep ROOT content-type@1.0.5 OK for: @modelcontextprotocol/sdk@1.30.0 want: ^1.0.5
2396 silly placeDep ROOT cors@2.8.6 OK for: @modelcontextprotocol/sdk@1.30.0 want: ^2.8.5
2397 silly placeDep ROOT cross-spawn@7.0.6 OK for: @modelcontextprotocol/sdk@1.30.0 want: ^7.0.5
2398 silly placeDep ROOT eventsource@3.0.7 OK for: @modelcontextprotocol/sdk@1.30.0 want: ^3.0.2
2399 silly placeDep ROOT eventsource-parser@3.1.1 OK for: @modelcontextprotocol/sdk@1.30.0 want: ^3.0.0
2400 silly placeDep ROOT express@5.2.1 OK for: @modelcontextprotocol/sdk@1.30.0 want: ^5.2.1
2401 silly placeDep ROOT express-rate-limit@8.7.0 OK for: @modelcontextprotocol/sdk@1.30.0 want: ^8.2.1
2402 silly placeDep ROOT jose@6.2.10 OK for: @modelcontextprotocol/sdk@1.30.0 want: ^6.1.3
2403 silly placeDep ROOT json-schema-typed@8.0.2 OK for: @modelcontextprotocol/sdk@1.30.0 want: ^8.0.2
2404 silly placeDep ROOT pkce-challenge@5.0.1 OK for: @modelcontextprotocol/sdk@1.30.0 want: ^5.0.0
2405 silly placeDep ROOT raw-body@3.0.2 OK for: @modelcontextprotocol/sdk@1.30.0 want: ^3.0.0
2406 silly fetch manifest fast-deep-equal@^3.1.3
2407 silly packumentCache full:https://registry.npmjs.org/fast-deep-equal cache-miss
2408 silly fetch manifest fast-uri@^3.0.1
2409 silly packumentCache full:https://registry.npmjs.org/fast-uri cache-miss
2410 silly fetch manifest json-schema-traverse@^1.0.0
2411 silly packumentCache full:https://registry.npmjs.org/json-schema-traverse cache-miss
2412 silly fetch manifest require-from-string@^2.0.2
2413 silly packumentCache full:https://registry.npmjs.org/require-from-string cache-miss
2414 silly fetch manifest object-assign@^4
2415 silly packumentCache full:https://registry.npmjs.org/object-assign cache-miss
2416 silly fetch manifest vary@^1
2417 silly packumentCache full:https://registry.npmjs.org/vary cache-miss
2418 silly fetch manifest which@^2.0.1
2419 silly packumentCache full:https://registry.npmjs.org/which cache-miss
2420 silly fetch manifest path-key@^3.1.0
2421 silly packumentCache full:https://registry.npmjs.org/path-key cache-miss
2422 silly fetch manifest shebang-command@^2.0.0
2423 silly packumentCache full:https://registry.npmjs.org/shebang-command cache-miss
2424 silly fetch manifest eventsource-parser@^3.0.1
2425 silly packumentCache full:https://registry.npmjs.org/eventsource-parser cache-miss
2426 silly fetch manifest qs@^6.14.0
2427 silly packumentCache full:https://registry.npmjs.org/qs cache-miss
2428 silly fetch manifest depd@^2.0.0
2429 silly packumentCache full:https://registry.npmjs.org/depd cache-miss
2430 silly fetch manifest etag@^1.8.1
2431 silly packumentCache full:https://registry.npmjs.org/etag cache-miss
2432 silly fetch manifest once@^1.4.0
2433 silly packumentCache full:https://registry.npmjs.org/once cache-miss
2434 silly fetch manifest send@^1.1.0
2435 silly packumentCache full:https://registry.npmjs.org/send cache-miss
2436 silly fetch manifest vary@^1.1.2
2437 silly packumentCache full:https://registry.npmjs.org/vary cache-miss
2438 silly fetch manifest fresh@^2.0.0
2439 silly packumentCache full:https://registry.npmjs.org/fresh cache-miss
2440 silly fetch manifest cookie@^0.7.1
2441 silly packumentCache full:https://registry.npmjs.org/cookie cache-miss
2442 silly fetch manifest router@^2.2.0
2443 silly packumentCache full:https://registry.npmjs.org/router cache-miss
2444 silly fetch manifest accepts@^2.0.0
2445 silly packumentCache full:https://registry.npmjs.org/accepts cache-miss
2446 silly fetch manifest type-is@^2.0.1
2447 silly packumentCache full:https://registry.npmjs.org/type-is cache-miss
2448 silly fetch manifest parseurl@^1.3.3
2449 silly packumentCache full:https://registry.npmjs.org/parseurl cache-miss
2450 silly fetch manifest statuses@^2.0.1
2451 silly packumentCache full:https://registry.npmjs.org/statuses cache-miss
2452 silly fetch manifest encodeurl@^2.0.0
2453 silly packumentCache full:https://registry.npmjs.org/encodeurl cache-miss
2454 silly fetch manifest mime-types@^3.0.0
2455 silly packumentCache full:https://registry.npmjs.org/mime-types cache-miss
2456 silly fetch manifest proxy-addr@^2.0.7
2457 silly packumentCache full:https://registry.npmjs.org/proxy-addr cache-miss
2458 silly fetch manifest body-parser@^2.2.1
2459 silly packumentCache full:https://registry.npmjs.org/body-parser cache-miss
2460 http fetch GET 200 https://registry.npmjs.org/eventsource-parser 10ms (cache hit)
2461 silly packumentCache full:https://registry.npmjs.org/eventsource-parser set size:89571 disposed:false
2462 silly fetch manifest escape-html@^1.0.3
2463 silly packumentCache full:https://registry.npmjs.org/escape-html cache-miss
2464 http fetch GET 200 https://registry.npmjs.org/which 11ms (cache hit)
2465 silly packumentCache full:https://registry.npmjs.org/which set size:70087 disposed:false
2466 silly fetch manifest http-errors@^2.0.0
2467 silly packumentCache full:https://registry.npmjs.org/http-errors cache-miss
2468 http fetch GET 200 https://registry.npmjs.org/object-assign 41ms (cache miss)
2469 silly packumentCache full:https://registry.npmjs.org/object-assign set size:undefined disposed:false
2470 silly fetch manifest on-finished@^2.4.1
2471 silly packumentCache full:https://registry.npmjs.org/on-finished cache-miss
2472 http fetch GET 200 https://registry.npmjs.org/path-key 50ms (cache miss)
2473 silly packumentCache full:https://registry.npmjs.org/path-key set size:undefined disposed:false
2474 silly fetch manifest finalhandler@^2.1.0
2475 silly packumentCache full:https://registry.npmjs.org/finalhandler cache-miss
2476 http fetch GET 200 https://registry.npmjs.org/vary 51ms (cache miss)
2477 silly packumentCache full:https://registry.npmjs.org/vary set size:undefined disposed:false
2478 silly fetch manifest range-parser@^1.2.1
2479 silly packumentCache full:https://registry.npmjs.org/range-parser cache-miss
2480 http fetch GET 200 https://registry.npmjs.org/once 52ms (cache miss)
2481 silly packumentCache full:https://registry.npmjs.org/once set size:undefined disposed:false
2482 silly fetch manifest serve-static@^2.2.0
2483 silly packumentCache full:https://registry.npmjs.org/serve-static cache-miss
2484 http fetch GET 200 https://registry.npmjs.org/vary 54ms (cache miss)
2485 silly packumentCache full:https://registry.npmjs.org/vary set size:undefined disposed:false
2486 silly fetch manifest cookie-signature@^1.2.1
2487 silly packumentCache full:https://registry.npmjs.org/cookie-signature cache-miss
2488 http fetch GET 200 https://registry.npmjs.org/etag 55ms (cache miss)
2489 silly packumentCache full:https://registry.npmjs.org/etag set size:undefined disposed:false
2490 silly fetch manifest merge-descriptors@^2.0.0
2491 silly packumentCache full:https://registry.npmjs.org/merge-descriptors cache-miss
2492 http fetch GET 200 https://registry.npmjs.org/shebang-command 55ms (cache miss)
2493 silly packumentCache full:https://registry.npmjs.org/shebang-command set size:undefined disposed:false
2494 silly fetch manifest content-disposition@^1.0.0
2495 silly packumentCache full:https://registry.npmjs.org/content-disposition cache-miss
2496 http fetch GET 200 https://registry.npmjs.org/fresh 56ms (cache miss)
2497 silly packumentCache full:https://registry.npmjs.org/fresh set size:undefined disposed:false
2498 silly fetch manifest ip-address@^10.2.0
2499 silly packumentCache full:https://registry.npmjs.org/ip-address cache-miss
2500 http fetch GET 200 https://registry.npmjs.org/fast-deep-equal 58ms (cache miss)
2501 silly packumentCache full:https://registry.npmjs.org/fast-deep-equal set size:undefined disposed:false
2502 silly fetch manifest bytes@~3.1.2
2503 silly packumentCache full:https://registry.npmjs.org/bytes cache-miss
2504 http fetch GET 200 https://registry.npmjs.org/depd 58ms (cache miss)
2505 silly packumentCache full:https://registry.npmjs.org/depd set size:undefined disposed:false
2506 silly fetch manifest unpipe@~1.0.0
2507 silly packumentCache full:https://registry.npmjs.org/unpipe cache-miss
2508 http fetch GET 200 https://registry.npmjs.org/require-from-string 60ms (cache miss)
2509 silly packumentCache full:https://registry.npmjs.org/require-from-string set size:undefined disposed:false
2510 silly fetch manifest iconv-lite@~0.7.0
2511 silly packumentCache full:https://registry.npmjs.org/iconv-lite cache-miss
2512 http fetch GET 200 https://registry.npmjs.org/send 61ms (cache miss)
2513 silly packumentCache full:https://registry.npmjs.org/send set size:undefined disposed:false
2514 silly fetch manifest http-errors@~2.0.1
2515 silly packumentCache full:https://registry.npmjs.org/http-errors cache-miss
2516 http fetch GET 200 https://registry.npmjs.org/fast-uri 66ms (cache miss)
2517 silly packumentCache full:https://registry.npmjs.org/fast-uri set size:undefined disposed:false
2518 http fetch GET 200 https://registry.npmjs.org/ip-address 10ms (cache hit)
2519 silly packumentCache full:https://registry.npmjs.org/ip-address set size:213599 disposed:false
2520 http fetch GET 200 https://registry.npmjs.org/json-schema-traverse 69ms (cache miss)
2521 silly packumentCache full:https://registry.npmjs.org/json-schema-traverse set size:undefined disposed:false
2522 http fetch GET 200 https://registry.npmjs.org/qs 69ms (cache miss)
2523 silly packumentCache full:https://registry.npmjs.org/qs set size:undefined disposed:false
2524 http fetch GET 200 https://registry.npmjs.org/cookie 73ms (cache miss)
2525 silly packumentCache full:https://registry.npmjs.org/cookie set size:undefined disposed:false
2526 http fetch GET 200 https://registry.npmjs.org/accepts 82ms (cache miss)
2527 silly packumentCache full:https://registry.npmjs.org/accepts set size:undefined disposed:false
2528 http fetch GET 200 https://registry.npmjs.org/parseurl 83ms (cache miss)
2529 silly packumentCache full:https://registry.npmjs.org/parseurl set size:undefined disposed:false
2530 http fetch GET 200 https://registry.npmjs.org/encodeurl 86ms (cache miss)
2531 silly packumentCache full:https://registry.npmjs.org/encodeurl set size:undefined disposed:false
2532 http fetch GET 200 https://registry.npmjs.org/escape-html 78ms (cache miss)
2533 silly packumentCache full:https://registry.npmjs.org/escape-html set size:undefined disposed:false
2534 http fetch GET 200 https://registry.npmjs.org/proxy-addr 89ms (cache miss)
2535 silly packumentCache full:https://registry.npmjs.org/proxy-addr set size:undefined disposed:false
2536 http fetch GET 200 https://registry.npmjs.org/statuses 90ms (cache miss)
2537 silly packumentCache full:https://registry.npmjs.org/statuses set size:undefined disposed:false
2538 http fetch GET 200 https://registry.npmjs.org/type-is 92ms (cache miss)
2539 silly packumentCache full:https://registry.npmjs.org/type-is set size:undefined disposed:false
2540 http fetch GET 200 https://registry.npmjs.org/body-parser 94ms (cache miss)
2541 silly packumentCache full:https://registry.npmjs.org/body-parser set size:undefined disposed:false
2542 http fetch GET 200 https://registry.npmjs.org/mime-types 96ms (cache miss)
2543 silly packumentCache full:https://registry.npmjs.org/mime-types set size:undefined disposed:false
2544 http fetch GET 200 https://registry.npmjs.org/on-finished 58ms (cache miss)
2545 silly packumentCache full:https://registry.npmjs.org/on-finished set size:undefined disposed:false
2546 http fetch GET 200 https://registry.npmjs.org/http-errors 86ms (cache miss)
2547 silly packumentCache full:https://registry.npmjs.org/http-errors set size:undefined disposed:false
2548 http fetch GET 200 https://registry.npmjs.org/finalhandler 53ms (cache miss)
2549 silly packumentCache full:https://registry.npmjs.org/finalhandler set size:undefined disposed:false
2550 http fetch GET 200 https://registry.npmjs.org/serve-static 53ms (cache miss)
2551 silly packumentCache full:https://registry.npmjs.org/serve-static set size:undefined disposed:false
2552 http fetch GET 200 https://registry.npmjs.org/range-parser 58ms (cache miss)
2553 silly packumentCache full:https://registry.npmjs.org/range-parser set size:undefined disposed:false
2554 http fetch GET 200 https://registry.npmjs.org/cookie-signature 61ms (cache miss)
2555 silly packumentCache full:https://registry.npmjs.org/cookie-signature set size:undefined disposed:false
2556 http fetch GET 200 https://registry.npmjs.org/content-disposition 62ms (cache miss)
2557 silly packumentCache full:https://registry.npmjs.org/content-disposition set size:undefined disposed:false
2558 http fetch GET 200 https://registry.npmjs.org/merge-descriptors 64ms (cache miss)
2559 silly packumentCache full:https://registry.npmjs.org/merge-descriptors set size:undefined disposed:false
2560 http fetch GET 200 https://registry.npmjs.org/http-errors 62ms (cache miss)
2561 silly packumentCache full:https://registry.npmjs.org/http-errors set size:undefined disposed:false
2562 http fetch GET 200 https://registry.npmjs.org/unpipe 66ms (cache miss)
2563 silly packumentCache full:https://registry.npmjs.org/unpipe set size:undefined disposed:false
2564 http fetch GET 200 https://registry.npmjs.org/bytes 68ms (cache miss)
2565 silly packumentCache full:https://registry.npmjs.org/bytes set size:undefined disposed:false
2566 http fetch GET 200 https://registry.npmjs.org/iconv-lite 67ms (cache miss)
2567 silly packumentCache full:https://registry.npmjs.org/iconv-lite set size:undefined disposed:false
2568 http fetch GET 200 https://registry.npmjs.org/router 262ms (cache miss)
2569 silly packumentCache full:https://registry.npmjs.org/router set size:undefined disposed:false
2570 silly placeDep ROOT fast-deep-equal@3.1.3 OK for: ajv@8.20.0 want: ^3.1.3
2571 silly placeDep ROOT fast-uri@3.1.7 OK for: ajv@8.20.0 want: ^3.0.1
2572 silly placeDep ROOT json-schema-traverse@1.0.0 OK for: ajv@8.20.0 want: ^1.0.0
2573 silly placeDep ROOT require-from-string@2.0.2 OK for: ajv@8.20.0 want: ^2.0.2
2574 silly fetch manifest browserslist@>= 4.21.0
2575 silly packumentCache full:https://registry.npmjs.org/browserslist cache-miss
2576 http fetch GET 200 https://registry.npmjs.org/browserslist 4ms (cache hit)
2577 silly packumentCache full:https://registry.npmjs.org/browserslist set size:518659 disposed:false
2578 silly placeDep ROOT electron-to-chromium@1.5.420 OK for: browserslist@4.28.8 want: ^1.5.402
2579 silly placeDep ROOT node-releases@2.0.54 OK for: browserslist@4.28.8 want: ^2.0.53
2580 silly placeDep ROOT update-browserslist-db@1.3.2 OK for: browserslist@4.28.8 want: ^1.3.0
2581 silly fetch manifest escalade@^3.2.0
2582 silly packumentCache full:https://registry.npmjs.org/escalade cache-miss
2583 http fetch GET 200 https://registry.npmjs.org/escalade 41ms (cache miss)
2584 silly packumentCache full:https://registry.npmjs.org/escalade set size:undefined disposed:false
2585 silly placeDep node_modules/conf ajv-formats@2.1.1 OK for: conf@10.2.0 want: ^2.1.1
2586 silly placeDep ROOT atomically@1.7.0 OK for: conf@10.2.0 want: ^1.7.0
2587 silly placeDep ROOT debounce-fn@4.0.0 OK for: conf@10.2.0 want: ^4.0.0
2588 silly placeDep ROOT dot-prop@6.0.1 OK for: conf@10.2.0 want: ^6.0.1
2589 silly placeDep node_modules/conf json-schema-typed@7.0.3 OK for: conf@10.2.0 want: ^7.0.3
2590 silly placeDep ROOT onetime@5.1.2 OK for: conf@10.2.0 want: ^5.1.2
2591 silly placeDep ROOT pkg-up@3.1.0 OK for: conf@10.2.0 want: ^3.1.0
2592 silly placeDep node_modules/conf semver@7.8.5 OK for: conf@10.2.0 want: ^7.3.5
2593 silly fetch manifest mimic-fn@^3.0.0
2594 silly packumentCache full:https://registry.npmjs.org/mimic-fn cache-miss
2595 silly fetch manifest is-obj@^2.0.0
2596 silly packumentCache full:https://registry.npmjs.org/is-obj cache-miss
2597 silly fetch manifest mimic-fn@^2.1.0
2598 silly packumentCache full:https://registry.npmjs.org/mimic-fn cache-miss
2599 silly fetch manifest find-up@^3.0.0
2600 silly packumentCache full:https://registry.npmjs.org/find-up cache-miss
2601 http fetch GET 200 https://registry.npmjs.org/is-obj 4ms (cache hit)
2602 silly packumentCache full:https://registry.npmjs.org/is-obj set size:9560 disposed:false
2603 http fetch GET 200 https://registry.npmjs.org/mimic-fn 38ms (cache miss)
2604 silly packumentCache full:https://registry.npmjs.org/mimic-fn set size:undefined disposed:false
2605 http fetch GET 200 https://registry.npmjs.org/mimic-fn 44ms (cache miss)
2606 silly packumentCache full:https://registry.npmjs.org/mimic-fn set size:undefined disposed:false
2607 http fetch GET 200 https://registry.npmjs.org/find-up 46ms (cache miss)
2608 silly packumentCache full:https://registry.npmjs.org/find-up set size:undefined disposed:false
2609 silly placeDep ROOT object-assign@4.1.1 OK for: cors@2.8.6 want: ^4
2610 silly placeDep ROOT vary@1.1.2 OK for: cors@2.8.6 want: ^1
2611 silly placeDep ROOT import-fresh@3.3.1 OK for: cosmiconfig@9.0.2 want: ^3.3.0
2612 silly placeDep node_modules/cosmiconfig js-yaml@4.3.2 OK for: cosmiconfig@9.0.2 want: ^4.1.0
2613 silly placeDep ROOT parse-json@5.2.0 OK for: cosmiconfig@9.0.2 want: ^5.2.0
2614 silly fetch manifest resolve-from@^4.0.0
2615 silly packumentCache full:https://registry.npmjs.org/resolve-from cache-miss
2616 silly fetch manifest parent-module@^1.0.0
2617 silly packumentCache full:https://registry.npmjs.org/parent-module cache-miss
2618 silly fetch manifest argparse@^2.0.1
2619 silly packumentCache full:https://registry.npmjs.org/argparse cache-miss
2620 silly fetch manifest error-ex@^1.3.1
2621 silly packumentCache full:https://registry.npmjs.org/error-ex cache-miss
2622 silly fetch manifest lines-and-columns@^1.1.6
2623 silly packumentCache full:https://registry.npmjs.org/lines-and-columns cache-miss
2624 silly fetch manifest json-parse-even-better-errors@^2.3.0
2625 silly packumentCache full:https://registry.npmjs.org/json-parse-even-better-errors cache-miss
2626 http fetch GET 200 https://registry.npmjs.org/argparse 5ms (cache hit)
2627 silly packumentCache full:https://registry.npmjs.org/argparse set size:53174 disposed:false
2628 http fetch GET 200 https://registry.npmjs.org/parent-module 36ms (cache miss)
2629 silly packumentCache full:https://registry.npmjs.org/parent-module set size:undefined disposed:false
2630 http fetch GET 200 https://registry.npmjs.org/json-parse-even-better-errors 43ms (cache miss)
2631 silly packumentCache full:https://registry.npmjs.org/json-parse-even-better-errors set size:undefined disposed:false
2632 http fetch GET 200 https://registry.npmjs.org/lines-and-columns 45ms (cache miss)
2633 silly packumentCache full:https://registry.npmjs.org/lines-and-columns set size:undefined disposed:false
2634 http fetch GET 200 https://registry.npmjs.org/resolve-from 47ms (cache miss)
2635 silly packumentCache full:https://registry.npmjs.org/resolve-from set size:undefined disposed:false
2636 http fetch GET 200 https://registry.npmjs.org/error-ex 59ms (cache miss)
2637 silly packumentCache full:https://registry.npmjs.org/error-ex set size:undefined disposed:false
2638 silly placeDep ROOT path-key@3.1.1 OK for: cross-spawn@7.0.6 want: ^3.1.0
2639 silly placeDep ROOT shebang-command@2.0.0 OK for: cross-spawn@7.0.6 want: ^2.0.0
2640 silly placeDep node_modules/cross-spawn which@2.0.2 OK for: cross-spawn@7.0.6 want: ^2.0.1
2641 silly fetch manifest shebang-regex@^3.0.0
2642 silly packumentCache full:https://registry.npmjs.org/shebang-regex cache-miss
2643 silly fetch manifest isexe@^2.0.0
2644 silly packumentCache full:https://registry.npmjs.org/isexe cache-miss
2645 http fetch GET 200 https://registry.npmjs.org/isexe 2ms (cache hit)
2646 silly packumentCache full:https://registry.npmjs.org/isexe set size:31756 disposed:false
2647 http fetch GET 200 https://registry.npmjs.org/shebang-regex 42ms (cache miss)
2648 silly packumentCache full:https://registry.npmjs.org/shebang-regex set size:undefined disposed:false
2649 silly placeDep ROOT mimic-fn@3.1.0 OK for: debounce-fn@4.0.0 want: ^3.0.0
2650 silly placeDep ROOT is-obj@2.0.0 OK for: dot-prop@6.0.1 want: ^2.0.0
2651 silly placeDep ROOT ansi-colors@4.1.3 OK for: enquirer@2.4.1 want: ^4.1.1
2652 silly placeDep ROOT strip-ansi@6.0.1 OK for: enquirer@2.4.1 want: ^6.0.1
2653 silly fetch manifest ansi-regex@^5.0.1
2654 silly packumentCache full:https://registry.npmjs.org/ansi-regex cache-miss
2655 http fetch GET 200 https://registry.npmjs.org/ansi-regex 44ms (cache miss)
2656 silly packumentCache full:https://registry.npmjs.org/ansi-regex set size:undefined disposed:false
2657 silly placeDep ROOT @sindresorhus/merge-streams@4.0.0 OK for: execa@9.6.1 want: ^4.0.0
2658 silly placeDep ROOT figures@6.1.0 OK for: execa@9.6.1 want: ^6.1.0
2659 silly placeDep ROOT get-stream@9.0.1 OK for: execa@9.6.1 want: ^9.0.0
2660 silly placeDep ROOT human-signals@8.0.1 OK for: execa@9.6.1 want: ^8.0.1
2661 silly placeDep ROOT is-plain-obj@4.1.0 OK for: execa@9.6.1 want: ^4.1.0
2662 silly placeDep ROOT is-stream@4.0.1 OK for: execa@9.6.1 want: ^4.0.1
2663 silly placeDep ROOT npm-run-path@6.0.0 OK for: execa@9.6.1 want: ^6.0.0
2664 silly placeDep ROOT pretty-ms@9.3.1 OK for: execa@9.6.1 want: ^9.2.0
2665 silly placeDep ROOT signal-exit@4.1.0 OK for: execa@9.6.1 want: ^4.1.0
2666 silly placeDep ROOT strip-final-newline@4.0.0 OK for: execa@9.6.1 want: ^4.0.0
2667 silly placeDep ROOT yoctocolors@2.2.0 OK for: execa@9.6.1 want: ^2.1.1
2668 silly fetch manifest @sec-ant/readable-stream@^0.4.1
2669 silly packumentCache full:https://registry.npmjs.org/@sec-ant%2freadable-stream cache-miss
2670 silly fetch manifest path-key@^4.0.0
2671 silly packumentCache full:https://registry.npmjs.org/path-key cache-miss
2672 silly fetch manifest unicorn-magic@^0.3.0
2673 silly packumentCache full:https://registry.npmjs.org/unicorn-magic cache-miss
2674 silly fetch manifest parse-ms@^4.0.0
2675 silly packumentCache full:https://registry.npmjs.org/parse-ms cache-miss
2676 http fetch GET 200 https://registry.npmjs.org/path-key 6ms (cache hit)
2677 silly packumentCache full:https://registry.npmjs.org/path-key set size:16975 disposed:false
2678 http fetch GET 200 https://registry.npmjs.org/unicorn-magic 62ms (cache miss)
2679 silly packumentCache full:https://registry.npmjs.org/unicorn-magic set size:undefined disposed:false
2680 http fetch GET 200 https://registry.npmjs.org/parse-ms 62ms (cache miss)
2681 silly packumentCache full:https://registry.npmjs.org/parse-ms set size:undefined disposed:false
2682 http fetch GET 200 https://registry.npmjs.org/@sec-ant%2freadable-stream 76ms (cache miss)
2683 silly packumentCache full:https://registry.npmjs.org/@sec-ant%2freadable-stream set size:undefined disposed:false
2684 silly placeDep ROOT accepts@2.0.0 OK for: express@5.2.1 want: ^2.0.0
2685 silly placeDep ROOT body-parser@2.3.0 OK for: express@5.2.1 want: ^2.2.1
2686 silly placeDep ROOT content-disposition@1.1.0 OK for: express@5.2.1 want: ^1.0.0
2687 silly placeDep ROOT cookie@0.7.2 OK for: express@5.2.1 want: ^0.7.1
2688 silly placeDep ROOT cookie-signature@1.2.2 OK for: express@5.2.1 want: ^1.2.1
2689 silly placeDep ROOT depd@2.0.0 OK for: express@5.2.1 want: ^2.0.0
2690 silly placeDep ROOT encodeurl@2.0.0 OK for: express@5.2.1 want: ^2.0.0
2691 silly placeDep ROOT escape-html@1.0.3 OK for: express@5.2.1 want: ^1.0.3
2692 silly placeDep ROOT etag@1.8.1 OK for: express@5.2.1 want: ^1.8.1
2693 silly placeDep ROOT finalhandler@2.1.1 OK for: express@5.2.1 want: ^2.1.0
2694 silly placeDep ROOT fresh@2.0.0 OK for: express@5.2.1 want: ^2.0.0
2695 silly placeDep ROOT http-errors@2.0.1 OK for: express@5.2.1 want: ^2.0.0
2696 silly placeDep ROOT merge-descriptors@2.0.0 OK for: express@5.2.1 want: ^2.0.0
2697 silly placeDep ROOT mime-types@3.0.2 OK for: express@5.2.1 want: ^3.0.0
2698 silly placeDep ROOT on-finished@2.4.1 OK for: express@5.2.1 want: ^2.4.1
2699 silly placeDep ROOT once@1.4.0 OK for: express@5.2.1 want: ^1.4.0
2700 silly placeDep ROOT parseurl@1.3.3 OK for: express@5.2.1 want: ^1.3.3
2701 silly placeDep ROOT proxy-addr@2.0.7 OK for: express@5.2.1 want: ^2.0.7
2702 silly placeDep ROOT qs@6.16.0 OK for: express@5.2.1 want: ^6.14.0
2703 silly placeDep ROOT range-parser@1.3.0 OK for: express@5.2.1 want: ^1.2.1
2704 silly placeDep ROOT router@2.2.0 OK for: express@5.2.1 want: ^2.2.0
2705 silly placeDep ROOT send@1.2.1 OK for: express@5.2.1 want: ^1.1.0
2706 silly placeDep ROOT serve-static@2.2.1 OK for: express@5.2.1 want: ^2.2.0
2707 silly placeDep ROOT statuses@2.0.2 OK for: express@5.2.1 want: ^2.0.1
2708 silly placeDep ROOT type-is@2.1.0 OK for: express@5.2.1 want: ^2.0.1
2709 silly fetch manifest negotiator@^1.0.0
2710 silly packumentCache full:https://registry.npmjs.org/negotiator cache-miss
2711 silly fetch manifest qs@^6.15.2
2712 silly packumentCache full:https://registry.npmjs.org/qs cache-miss
2713 silly fetch manifest bytes@^3.1.2
2714 silly packumentCache full:https://registry.npmjs.org/bytes cache-miss
2715 silly fetch manifest type-is@^2.1.0
2716 silly packumentCache full:https://registry.npmjs.org/type-is cache-miss
2717 silly fetch manifest iconv-lite@^0.7.2
2718 silly packumentCache full:https://registry.npmjs.org/iconv-lite cache-miss
2719 silly fetch manifest http-errors@^2.0.1
2720 silly packumentCache full:https://registry.npmjs.org/http-errors cache-miss
2721 silly fetch manifest content-type@^2.0.0
2722 silly packumentCache full:https://registry.npmjs.org/content-type cache-miss
2723 silly fetch manifest inherits@~2.0.4
2724 silly packumentCache full:https://registry.npmjs.org/inherits cache-miss
2725 silly fetch manifest setprototypeof@~1.2.0
2726 silly packumentCache full:https://registry.npmjs.org/setprototypeof cache-miss
2727 silly fetch manifest statuses@~2.0.2
2728 silly packumentCache full:https://registry.npmjs.org/statuses cache-miss
2729 silly fetch manifest toidentifier@~1.0.1
2730 silly packumentCache full:https://registry.npmjs.org/toidentifier cache-miss
2731 silly fetch manifest mime-db@^1.54.0
2732 silly packumentCache full:https://registry.npmjs.org/mime-db cache-miss
2733 silly fetch manifest ee-first@1.1.1
2734 silly packumentCache full:https://registry.npmjs.org/ee-first cache-miss
2735 silly fetch manifest wrappy@1
2736 silly packumentCache full:https://registry.npmjs.org/wrappy cache-miss
2737 silly fetch manifest forwarded@0.2.0
2738 silly packumentCache full:https://registry.npmjs.org/forwarded cache-miss
2739 silly fetch manifest ipaddr.js@1.9.1
2740 silly packumentCache full:https://registry.npmjs.org/ipaddr.js cache-miss
2741 silly fetch manifest side-channel@^1.1.1
2742 silly packumentCache full:https://registry.npmjs.org/side-channel cache-miss
2743 silly fetch manifest es-define-property@^1.0.1
2744 silly packumentCache full:https://registry.npmjs.org/es-define-property cache-miss
2745 silly fetch manifest is-promise@^4.0.0
2746 silly packumentCache full:https://registry.npmjs.org/is-promise cache-miss
2747 silly fetch manifest path-to-regexp@^8.0.0
2748 silly packumentCache full:https://registry.npmjs.org/path-to-regexp cache-miss
2749 silly fetch manifest statuses@^2.0.2
2750 silly packumentCache full:https://registry.npmjs.org/statuses cache-miss
2751 silly fetch manifest content-type@^2.0.0
2752 silly packumentCache full:https://registry.npmjs.org/content-type cache-miss
2753 silly fetch manifest media-typer@^1.1.0
2754 silly packumentCache full:https://registry.npmjs.org/media-typer cache-miss
2755 http fetch GET 200 https://registry.npmjs.org/type-is 36ms (cache hit)
2756 silly packumentCache full:https://registry.npmjs.org/type-is set size:88614 disposed:false
2757 http fetch GET 200 https://registry.npmjs.org/http-errors 38ms (cache hit)
2758 silly packumentCache full:https://registry.npmjs.org/http-errors set size:71987 disposed:false
2759 http fetch GET 200 https://registry.npmjs.org/content-type 38ms (cache hit)
2760 silly packumentCache full:https://registry.npmjs.org/content-type set size:23936 disposed:false
2761 http fetch GET 200 https://registry.npmjs.org/qs 39ms (cache hit)
2762 silly packumentCache full:https://registry.npmjs.org/qs set size:365613 disposed:false
2763 http fetch GET 200 https://registry.npmjs.org/bytes 41ms (cache hit)
2764 silly packumentCache full:https://registry.npmjs.org/bytes set size:37018 disposed:false
2765 http fetch GET 200 https://registry.npmjs.org/iconv-lite 41ms (cache hit)
2766 silly packumentCache full:https://registry.npmjs.org/iconv-lite set size:126462 disposed:false
2767 http fetch GET 200 https://registry.npmjs.org/statuses 41ms (cache hit)
2768 silly packumentCache full:https://registry.npmjs.org/statuses set size:37117 disposed:false
2769 http fetch GET 200 https://registry.npmjs.org/statuses 45ms (cache hit)
2770 silly packumentCache full:https://registry.npmjs.org/statuses set size:37117 disposed:false
2771 silly packumentCache full:https://registry.npmjs.org/statuses dispose
2772 http fetch GET 200 https://registry.npmjs.org/content-type 48ms (cache hit)
2773 silly packumentCache full:https://registry.npmjs.org/content-type set size:23936 disposed:false
2774 silly packumentCache full:https://registry.npmjs.org/content-type dispose
2775 http fetch GET 200 https://registry.npmjs.org/ee-first 53ms (cache miss)
2776 silly packumentCache full:https://registry.npmjs.org/ee-first set size:undefined disposed:false
2777 http fetch GET 200 https://registry.npmjs.org/forwarded 54ms (cache miss)
2778 silly packumentCache full:https://registry.npmjs.org/forwarded set size:undefined disposed:false
2779 http fetch GET 200 https://registry.npmjs.org/wrappy 54ms (cache miss)
2780 silly packumentCache full:https://registry.npmjs.org/wrappy set size:undefined disposed:false
2781 http fetch GET 200 https://registry.npmjs.org/setprototypeof 55ms (cache miss)
2782 silly packumentCache full:https://registry.npmjs.org/setprototypeof set size:undefined disposed:false
2783 http fetch GET 200 https://registry.npmjs.org/es-define-property 55ms (cache miss)
2784 silly packumentCache full:https://registry.npmjs.org/es-define-property set size:undefined disposed:false
2785 http fetch GET 200 https://registry.npmjs.org/inherits 57ms (cache miss)
2786 silly packumentCache full:https://registry.npmjs.org/inherits set size:undefined disposed:false
2787 http fetch GET 200 https://registry.npmjs.org/toidentifier 57ms (cache miss)
2788 silly packumentCache full:https://registry.npmjs.org/toidentifier set size:undefined disposed:false
2789 http fetch GET 200 https://registry.npmjs.org/negotiator 59ms (cache miss)
2790 silly packumentCache full:https://registry.npmjs.org/negotiator set size:undefined disposed:false
2791 http fetch GET 200 https://registry.npmjs.org/is-promise 58ms (cache miss)
2792 silly packumentCache full:https://registry.npmjs.org/is-promise set size:undefined disposed:false
2793 http fetch GET 200 https://registry.npmjs.org/media-typer 58ms (cache miss)
2794 silly packumentCache full:https://registry.npmjs.org/media-typer set size:undefined disposed:false
2795 http fetch GET 200 https://registry.npmjs.org/mime-db 60ms (cache miss)
2796 silly packumentCache full:https://registry.npmjs.org/mime-db set size:undefined disposed:false
2797 http fetch GET 200 https://registry.npmjs.org/path-to-regexp 62ms (cache miss)
2798 silly packumentCache full:https://registry.npmjs.org/path-to-regexp set size:undefined disposed:false
2799 http fetch GET 200 https://registry.npmjs.org/side-channel 64ms (cache miss)
2800 silly packumentCache full:https://registry.npmjs.org/side-channel set size:undefined disposed:false
2801 http fetch GET 200 https://registry.npmjs.org/ipaddr.js 64ms (cache miss)
2802 silly packumentCache full:https://registry.npmjs.org/ipaddr.js set size:undefined disposed:false
2803 silly placeDep ROOT negotiator@1.1.0 OK for: accepts@2.0.0 want: ^1.0.0
2804 silly fetch manifest content-type@^2.1.0
2805 silly packumentCache full:https://registry.npmjs.org/content-type cache-hit
2806 silly placeDep ROOT bytes@3.1.2 OK for: body-parser@2.3.0 want: ^3.1.2
2807 silly placeDep node_modules/body-parser content-type@2.1.0 OK for: body-parser@2.3.0 want: ^2.0.0
2808 silly placeDep ROOT iconv-lite@0.7.3 OK for: body-parser@2.3.0 want: ^0.7.2
2809 silly fetch manifest safer-buffer@>= 2.1.2 < 3.0.0
2810 silly packumentCache full:https://registry.npmjs.org/safer-buffer cache-miss
2811 http fetch GET 200 https://registry.npmjs.org/safer-buffer 37ms (cache miss)
2812 silly packumentCache full:https://registry.npmjs.org/safer-buffer set size:undefined disposed:false
2813 silly placeDep ROOT ip-address@10.7.0 OK for: express-rate-limit@8.7.0 want: ^10.2.0
2814 silly placeDep ROOT @nodelib/fs.stat@2.0.5 OK for: fast-glob@3.3.3 want: ^2.0.2
2815 silly placeDep ROOT @nodelib/fs.walk@1.2.8 OK for: fast-glob@3.3.3 want: ^1.2.3
2816 silly placeDep ROOT glob-parent@5.1.2 OK for: fast-glob@3.3.3 want: ^5.1.2
2817 silly placeDep ROOT merge2@1.4.1 OK for: fast-glob@3.3.3 want: ^1.3.0
2818 silly placeDep ROOT micromatch@4.0.8 OK for: fast-glob@3.3.3 want: ^4.0.8
2819 silly fetch manifest fastq@^1.6.0
2820 silly packumentCache full:https://registry.npmjs.org/fastq cache-miss
2821 silly fetch manifest @nodelib/fs.scandir@2.1.5
2822 silly packumentCache full:https://registry.npmjs.org/@nodelib%2ffs.scandir cache-miss
2823 silly fetch manifest is-glob@^4.0.1
2824 silly packumentCache full:https://registry.npmjs.org/is-glob cache-miss
2825 silly fetch manifest braces@^3.0.3
2826 silly packumentCache full:https://registry.npmjs.org/braces cache-miss
2827 silly fetch manifest picomatch@^2.3.1
2828 silly packumentCache full:https://registry.npmjs.org/picomatch cache-miss
2829 http fetch GET 200 https://registry.npmjs.org/picomatch 4ms (cache hit)
2830 silly packumentCache full:https://registry.npmjs.org/picomatch set size:134451 disposed:false
2831 http fetch GET 200 https://registry.npmjs.org/fastq 37ms (cache miss)
2832 silly packumentCache full:https://registry.npmjs.org/fastq set size:undefined disposed:false
2833 http fetch GET 200 https://registry.npmjs.org/braces 41ms (cache miss)
2834 silly packumentCache full:https://registry.npmjs.org/braces set size:undefined disposed:false
2835 http fetch GET 200 https://registry.npmjs.org/is-glob 51ms (cache miss)
2836 silly packumentCache full:https://registry.npmjs.org/is-glob set size:undefined disposed:false
2837 http fetch GET 200 https://registry.npmjs.org/@nodelib%2ffs.scandir 52ms (cache miss)
2838 silly packumentCache full:https://registry.npmjs.org/@nodelib%2ffs.scandir set size:undefined disposed:false
2839 silly placeDep ROOT @nodelib/fs.scandir@2.1.5 OK for: @nodelib/fs.walk@1.2.8 want: 2.1.5
2840 silly placeDep ROOT fastq@1.20.3 OK for: @nodelib/fs.walk@1.2.8 want: ^1.6.0
2841 silly fetch manifest run-parallel@^1.1.9
2842 silly packumentCache full:https://registry.npmjs.org/run-parallel cache-miss
2843 silly fetch manifest reusify@^1.0.4
2844 silly packumentCache full:https://registry.npmjs.org/reusify cache-miss
2845 http fetch GET 200 https://registry.npmjs.org/run-parallel 39ms (cache miss)
2846 silly packumentCache full:https://registry.npmjs.org/run-parallel set size:undefined disposed:false
2847 http fetch GET 200 https://registry.npmjs.org/reusify 39ms (cache miss)
2848 silly packumentCache full:https://registry.npmjs.org/reusify set size:undefined disposed:false
2849 silly placeDep ROOT run-parallel@1.2.0 OK for: @nodelib/fs.scandir@2.1.5 want: ^1.1.9
2850 silly fetch manifest queue-microtask@^1.2.2
2851 silly packumentCache full:https://registry.npmjs.org/queue-microtask cache-miss
2852 http fetch GET 200 https://registry.npmjs.org/queue-microtask 43ms (cache miss)
2853 silly packumentCache full:https://registry.npmjs.org/queue-microtask set size:undefined disposed:false
2854 silly placeDep ROOT reusify@1.1.0 OK for: fastq@1.20.3 want: ^1.0.4
2855 silly placeDep ROOT is-unicode-supported@2.1.0 OK for: figures@6.1.0 want: ^2.0.0
2856 silly placeDep ROOT jsonfile@6.2.1 OK for: fs-extra@11.4.0 want: ^6.0.1
2857 silly placeDep ROOT universalify@2.0.1 OK for: fs-extra@11.4.0 want: ^2.0.0
2858 silly placeDep ROOT @sec-ant/readable-stream@0.4.1 OK for: get-stream@9.0.1 want: ^0.4.1
2859 silly placeDep ROOT is-glob@4.0.3 OK for: glob-parent@5.1.2 want: ^4.0.1
2860 silly fetch manifest is-extglob@^2.1.1
2861 silly packumentCache full:https://registry.npmjs.org/is-extglob cache-miss
2862 http fetch GET 200 https://registry.npmjs.org/is-extglob 43ms (cache miss)
2863 silly packumentCache full:https://registry.npmjs.org/is-extglob set size:undefined disposed:false
2864 silly placeDep ROOT inherits@2.0.4 OK for: http-errors@2.0.1 want: ~2.0.4
2865 silly placeDep ROOT setprototypeof@1.2.0 OK for: http-errors@2.0.1 want: ~1.2.0
2866 silly placeDep ROOT toidentifier@1.0.1 OK for: http-errors@2.0.1 want: ~1.0.1
2867 silly placeDep ROOT safer-buffer@2.1.2 OK for: iconv-lite@0.7.3 want: >= 2.1.2 < 3.0.0
2868 silly placeDep ROOT parent-module@1.0.1 OK for: import-fresh@3.3.1 want: ^1.0.0
2869 silly placeDep ROOT resolve-from@4.0.0 OK for: import-fresh@3.3.1 want: ^4.0.0
2870 silly fetch manifest callsites@^3.0.0
2871 silly packumentCache full:https://registry.npmjs.org/callsites cache-miss
2872 http fetch GET 200 https://registry.npmjs.org/callsites 39ms (cache miss)
2873 silly packumentCache full:https://registry.npmjs.org/callsites set size:undefined disposed:false
2874 silly placeDep ROOT is-extglob@2.1.1 OK for: is-glob@4.0.3 want: ^2.1.1
2875 silly placeDep ROOT yallist@3.1.1 OK for: lru-cache@5.1.1 want: ^3.0.2
2876 silly placeDep ROOT braces@3.0.3 OK for: micromatch@4.0.8 want: ^3.0.3
2877 silly placeDep node_modules/micromatch picomatch@2.3.2 OK for: micromatch@4.0.8 want: ^2.3.1
2878 silly fetch manifest fill-range@^7.1.1
2879 silly packumentCache full:https://registry.npmjs.org/fill-range cache-miss
2880 http fetch GET 200 https://registry.npmjs.org/fill-range 52ms (cache miss)
2881 silly packumentCache full:https://registry.npmjs.org/fill-range set size:undefined disposed:false
2882 silly placeDep ROOT fill-range@7.1.1 OK for: braces@3.0.3 want: ^7.1.1
2883 silly fetch manifest to-regex-range@^5.0.1
2884 silly packumentCache full:https://registry.npmjs.org/to-regex-range cache-miss
2885 http fetch GET 200 https://registry.npmjs.org/to-regex-range 42ms (cache miss)
2886 silly packumentCache full:https://registry.npmjs.org/to-regex-range set size:undefined disposed:false
2887 silly placeDep ROOT to-regex-range@5.0.1 OK for: fill-range@7.1.1 want: ^5.0.1
2888 silly fetch manifest is-number@^7.0.0
2889 silly packumentCache full:https://registry.npmjs.org/is-number cache-miss
2890 http fetch GET 200 https://registry.npmjs.org/is-number 40ms (cache miss)
2891 silly packumentCache full:https://registry.npmjs.org/is-number set size:undefined disposed:false
2892 silly placeDep ROOT mime-db@1.54.0 OK for: mime-types@3.0.2 want: ^1.54.0
2893 silly placeDep node_modules/negotiator content-type@2.1.0 OK for: negotiator@1.1.0 want: ^2.1.0
2894 silly placeDep node_modules/npm-run-path path-key@4.0.0 OK for: npm-run-path@6.0.0 want: ^4.0.0
2895 silly placeDep ROOT unicorn-magic@0.3.0 OK for: npm-run-path@6.0.0 want: ^0.3.0
2896 silly placeDep ROOT ee-first@1.1.1 OK for: on-finished@2.4.1 want: 1.1.1
2897 silly placeDep ROOT wrappy@1.0.2 OK for: once@1.4.0 want: 1
2898 silly placeDep node_modules/onetime mimic-fn@2.1.0 OK for: onetime@5.1.2 want: ^2.1.0
2899 silly placeDep ROOT default-browser@5.5.1 OK for: open@11.0.2 want: ^5.5.1
2900 silly placeDep ROOT define-lazy-prop@3.0.0 OK for: open@11.0.2 want: ^3.0.0
2901 silly placeDep ROOT is-in-ssh@1.0.0 OK for: open@11.0.2 want: ^1.0.0
2902 silly placeDep ROOT is-inside-container@1.0.0 OK for: open@11.0.2 want: ^1.0.0
2903 silly placeDep ROOT powershell-utils@0.2.1 OK for: open@11.0.2 want: ^0.2.1
2904 silly placeDep ROOT wsl-utils@1.0.0 OK for: open@11.0.2 want: ^1.0.0
2905 silly fetch manifest bundle-name@^4.1.0
2906 silly packumentCache full:https://registry.npmjs.org/bundle-name cache-miss
2907 silly fetch manifest default-browser-id@^5.0.0
2908 silly packumentCache full:https://registry.npmjs.org/default-browser-id cache-miss
2909 silly fetch manifest is-docker@^3.0.0
2910 silly packumentCache full:https://registry.npmjs.org/is-docker cache-miss
2911 silly fetch manifest is-wsl@^3.1.0
2912 silly packumentCache full:https://registry.npmjs.org/is-wsl cache-miss
2913 silly fetch manifest powershell-utils@^0.1.0
2914 silly packumentCache full:https://registry.npmjs.org/powershell-utils cache-miss
2915 http fetch GET 200 https://registry.npmjs.org/powershell-utils 4ms (cache hit)
2916 silly packumentCache full:https://registry.npmjs.org/powershell-utils set size:12045 disposed:false
2917 http fetch GET 200 https://registry.npmjs.org/is-wsl 5ms (cache hit)
2918 silly packumentCache full:https://registry.npmjs.org/is-wsl set size:20683 disposed:false
2919 http fetch GET 200 https://registry.npmjs.org/is-docker 5ms (cache hit)
2920 silly packumentCache full:https://registry.npmjs.org/is-docker set size:23690 disposed:false
2921 http fetch GET 200 https://registry.npmjs.org/bundle-name 51ms (cache miss)
2922 silly packumentCache full:https://registry.npmjs.org/bundle-name set size:undefined disposed:false
2923 http fetch GET 200 https://registry.npmjs.org/default-browser-id 55ms (cache miss)
2924 silly packumentCache full:https://registry.npmjs.org/default-browser-id set size:undefined disposed:false
2925 silly placeDep ROOT bundle-name@4.1.0 OK for: default-browser@5.5.1 want: ^4.1.0
2926 silly placeDep ROOT default-browser-id@5.0.1 OK for: default-browser@5.5.1 want: ^5.0.0
2927 silly fetch manifest run-applescript@^7.0.0
2928 silly packumentCache full:https://registry.npmjs.org/run-applescript cache-miss
2929 http fetch GET 200 https://registry.npmjs.org/run-applescript 72ms (cache miss)
2930 silly packumentCache full:https://registry.npmjs.org/run-applescript set size:undefined disposed:false
2931 silly placeDep ROOT run-applescript@7.1.0 OK for: bundle-name@4.1.0 want: ^7.0.0
2932 silly placeDep ROOT is-docker@3.0.0 OK for: is-inside-container@1.0.0 want: ^3.0.0
2933 silly placeDep ROOT chalk@5.6.2 OK for: ora@8.2.0 want: ^5.3.0
2934 silly placeDep ROOT cli-cursor@5.0.0 OK for: ora@8.2.0 want: ^5.0.0
2935 silly placeDep ROOT cli-spinners@2.9.2 OK for: ora@8.2.0 want: ^2.9.2
2936 silly placeDep ROOT is-interactive@2.0.0 OK for: ora@8.2.0 want: ^2.0.0
2937 silly placeDep ROOT log-symbols@6.0.0 OK for: ora@8.2.0 want: ^6.0.0
2938 silly placeDep ROOT stdin-discarder@0.2.2 OK for: ora@8.2.0 want: ^0.2.2
2939 silly placeDep ROOT string-width@7.2.0 OK for: ora@8.2.0 want: ^7.2.0
2940 silly placeDep node_modules/ora strip-ansi@7.2.0 OK for: ora@8.2.0 want: ^7.1.0
2941 silly fetch manifest restore-cursor@^5.0.0
2942 silly packumentCache full:https://registry.npmjs.org/restore-cursor cache-miss
2943 silly fetch manifest is-unicode-supported@^1.3.0
2944 silly packumentCache full:https://registry.npmjs.org/is-unicode-supported cache-miss
2945 silly fetch manifest emoji-regex@^10.3.0
2946 silly packumentCache full:https://registry.npmjs.org/emoji-regex cache-miss
2947 silly fetch manifest get-east-asian-width@^1.0.0
2948 silly packumentCache full:https://registry.npmjs.org/get-east-asian-width cache-miss
2949 silly fetch manifest ansi-regex@^6.2.2
2950 silly packumentCache full:https://registry.npmjs.org/ansi-regex cache-miss
2951 http fetch GET 200 https://registry.npmjs.org/is-unicode-supported 5ms (cache hit)
2952 silly packumentCache full:https://registry.npmjs.org/is-unicode-supported set size:19461 disposed:false
2953 http fetch GET 200 https://registry.npmjs.org/ansi-regex 5ms (cache hit)
2954 silly packumentCache full:https://registry.npmjs.org/ansi-regex set size:48203 disposed:false
2955 http fetch GET 200 https://registry.npmjs.org/get-east-asian-width 40ms (cache miss)
2956 silly packumentCache full:https://registry.npmjs.org/get-east-asian-width set size:undefined disposed:false
2957 http fetch GET 200 https://registry.npmjs.org/restore-cursor 42ms (cache miss)
2958 silly packumentCache full:https://registry.npmjs.org/restore-cursor set size:undefined disposed:false
2959 http fetch GET 200 https://registry.npmjs.org/emoji-regex 44ms (cache miss)
2960 silly packumentCache full:https://registry.npmjs.org/emoji-regex set size:undefined disposed:false
2961 silly placeDep ROOT restore-cursor@5.1.0 OK for: cli-cursor@5.0.0 want: ^5.0.0
2962 silly fetch manifest onetime@^7.0.0
2963 silly packumentCache full:https://registry.npmjs.org/onetime cache-miss
2964 http fetch GET 200 https://registry.npmjs.org/onetime 3ms (cache hit)
2965 silly packumentCache full:https://registry.npmjs.org/onetime set size:32314 disposed:false
2966 silly placeDep node_modules/log-symbols is-unicode-supported@1.3.0 OK for: log-symbols@6.0.0 want: ^1.3.0
2967 silly placeDep ROOT callsites@3.1.0 OK for: parent-module@1.0.1 want: ^3.0.0
2968 silly placeDep ROOT error-ex@1.3.4 OK for: parse-json@5.2.0 want: ^1.3.1
2969 silly placeDep ROOT json-parse-even-better-errors@2.3.1 OK for: parse-json@5.2.0 want: ^2.3.0
2970 silly placeDep ROOT lines-and-columns@1.2.4 OK for: parse-json@5.2.0 want: ^1.1.6
2971 silly fetch manifest is-arrayish@^0.2.1
2972 silly packumentCache full:https://registry.npmjs.org/is-arrayish cache-miss
2973 http fetch GET 200 https://registry.npmjs.org/is-arrayish 44ms (cache miss)
2974 silly packumentCache full:https://registry.npmjs.org/is-arrayish set size:undefined disposed:false
2975 silly placeDep ROOT is-arrayish@0.2.1 OK for: error-ex@1.3.4 want: ^0.2.1
2976 silly placeDep ROOT find-up@3.0.0 OK for: pkg-up@3.1.0 want: ^3.0.0
2977 silly fetch manifest locate-path@^3.0.0
2978 silly packumentCache full:https://registry.npmjs.org/locate-path cache-miss
2979 http fetch GET 200 https://registry.npmjs.org/locate-path 42ms (cache miss)
2980 silly packumentCache full:https://registry.npmjs.org/locate-path set size:undefined disposed:false
2981 silly placeDep ROOT locate-path@3.0.0 OK for: find-up@3.0.0 want: ^3.0.0
2982 silly fetch manifest p-locate@^3.0.0
2983 silly packumentCache full:https://registry.npmjs.org/p-locate cache-miss
2984 silly fetch manifest path-exists@^3.0.0
2985 silly packumentCache full:https://registry.npmjs.org/path-exists cache-miss
2986 http fetch GET 200 https://registry.npmjs.org/path-exists 42ms (cache miss)
2987 silly packumentCache full:https://registry.npmjs.org/path-exists set size:undefined disposed:false
2988 http fetch GET 200 https://registry.npmjs.org/p-locate 52ms (cache miss)
2989 silly packumentCache full:https://registry.npmjs.org/p-locate set size:undefined disposed:false
2990 silly placeDep ROOT p-locate@3.0.0 OK for: locate-path@3.0.0 want: ^3.0.0
2991 silly placeDep ROOT path-exists@3.0.0 OK for: locate-path@3.0.0 want: ^3.0.0
2992 silly fetch manifest p-limit@^2.0.0
2993 silly packumentCache full:https://registry.npmjs.org/p-limit cache-miss
2994 http fetch GET 200 https://registry.npmjs.org/p-limit 51ms (cache miss)
2995 silly packumentCache full:https://registry.npmjs.org/p-limit set size:undefined disposed:false
2996 silly placeDep ROOT p-limit@2.3.0 OK for: p-locate@3.0.0 want: ^2.0.0
2997 silly fetch manifest p-try@^2.0.0
2998 silly packumentCache full:https://registry.npmjs.org/p-try cache-miss
2999 http fetch GET 200 https://registry.npmjs.org/p-try 40ms (cache miss)
3000 silly packumentCache full:https://registry.npmjs.org/p-try set size:undefined disposed:false
3001 silly placeDep ROOT p-try@2.2.0 OK for: p-limit@2.3.0 want: ^2.0.0
3002 silly placeDep ROOT cssesc@3.0.0 OK for: postcss-selector-parser@7.1.6 want: ^3.0.0
3003 silly placeDep ROOT util-deprecate@1.0.2 OK for: postcss-selector-parser@7.1.6 want: ^1.0.2
3004 silly placeDep ROOT parse-ms@4.0.0 OK for: pretty-ms@9.3.1 want: ^4.0.0
3005 silly placeDep node_modules/prompts kleur@3.0.3 OK for: prompts@2.4.2 want: ^3.0.3
3006 silly placeDep ROOT sisteransi@1.0.5 OK for: prompts@2.4.2 want: ^1.0.5
3007 silly placeDep ROOT forwarded@0.2.0 OK for: proxy-addr@2.0.7 want: 0.2.0
3008 silly placeDep ROOT ipaddr.js@1.9.1 OK for: proxy-addr@2.0.7 want: 1.9.1
3009 silly placeDep ROOT es-define-property@1.0.1 OK for: qs@6.16.0 want: ^1.0.1
3010 silly placeDep ROOT side-channel@1.1.1 OK for: qs@6.16.0 want: ^1.1.1
3011 silly fetch manifest es-errors@^1.3.0
3012 silly packumentCache full:https://registry.npmjs.org/es-errors cache-miss
3013 silly fetch manifest object-inspect@^1.13.4
3014 silly packumentCache full:https://registry.npmjs.org/object-inspect cache-miss
3015 silly fetch manifest side-channel-list@^1.0.1
3016 silly packumentCache full:https://registry.npmjs.org/side-channel-list cache-miss
3017 silly fetch manifest side-channel-map@^1.0.1
3018 silly packumentCache full:https://registry.npmjs.org/side-channel-map cache-miss
3019 silly fetch manifest side-channel-weakmap@^1.0.2
3020 silly packumentCache full:https://registry.npmjs.org/side-channel-weakmap cache-miss
3021 http fetch GET 200 https://registry.npmjs.org/es-errors 44ms (cache miss)
3022 silly packumentCache full:https://registry.npmjs.org/es-errors set size:undefined disposed:false
3023 http fetch GET 200 https://registry.npmjs.org/side-channel-list 44ms (cache miss)
3024 silly packumentCache full:https://registry.npmjs.org/side-channel-list set size:undefined disposed:false
3025 http fetch GET 200 https://registry.npmjs.org/object-inspect 45ms (cache miss)
3026 silly packumentCache full:https://registry.npmjs.org/object-inspect set size:undefined disposed:false
3027 http fetch GET 200 https://registry.npmjs.org/side-channel-weakmap 47ms (cache miss)
3028 silly packumentCache full:https://registry.npmjs.org/side-channel-weakmap set size:undefined disposed:false
3029 http fetch GET 200 https://registry.npmjs.org/side-channel-map 51ms (cache miss)
3030 silly packumentCache full:https://registry.npmjs.org/side-channel-map set size:undefined disposed:false
3031 silly placeDep ROOT unpipe@1.0.0 OK for: raw-body@3.0.2 want: ~1.0.0
3032 silly placeDep ROOT ast-types@0.16.3 OK for: recast@0.23.21 want: ^0.16.1
3033 silly placeDep node_modules/recast source-map@0.6.1 OK for: recast@0.23.21 want: ~0.6.1
3034 silly placeDep ROOT tiny-invariant@1.3.3 OK for: recast@0.23.21 want: ^1.3.3
3035 silly placeDep node_modules/restore-cursor onetime@7.0.0 OK for: restore-cursor@5.1.0 want: ^7.0.0
3036 silly fetch manifest mimic-function@^5.0.0
3037 silly packumentCache full:https://registry.npmjs.org/mimic-function cache-miss
3038 http fetch GET 200 https://registry.npmjs.org/mimic-function 44ms (cache miss)
3039 silly packumentCache full:https://registry.npmjs.org/mimic-function set size:undefined disposed:false
3040 silly placeDep ROOT is-promise@4.0.0 OK for: router@2.2.0 want: ^4.0.0
3041 silly placeDep ROOT path-to-regexp@8.4.2 OK for: router@2.2.0 want: ^8.0.0
3042 silly placeDep ROOT queue-microtask@1.2.3 OK for: run-parallel@1.2.0 want: ^1.2.2
3043 silly placeDep ROOT @img/colour@1.1.0 OK for: sharp@0.35.4 want: ^1.1.0
3044 silly placeDep ROOT @img/sharp-darwin-arm64@0.35.4 OK for: sharp@0.35.4 want: 0.35.4
3045 silly placeDep ROOT @img/sharp-darwin-x64@0.35.4 OK for: sharp@0.35.4 want: 0.35.4
3046 silly placeDep ROOT @img/sharp-freebsd-wasm32@0.35.4 OK for: sharp@0.35.4 want: 0.35.4
3047 silly placeDep ROOT @img/sharp-libvips-darwin-arm64@1.3.3 OK for: sharp@0.35.4 want: 1.3.3
3048 silly placeDep ROOT @img/sharp-libvips-darwin-x64@1.3.3 OK for: sharp@0.35.4 want: 1.3.3
3049 silly placeDep ROOT @img/sharp-libvips-linux-arm@1.3.3 OK for: sharp@0.35.4 want: 1.3.3
3050 silly placeDep ROOT @img/sharp-libvips-linux-arm64@1.3.3 OK for: sharp@0.35.4 want: 1.3.3
3051 silly placeDep ROOT @img/sharp-libvips-linux-ppc64@1.3.3 OK for: sharp@0.35.4 want: 1.3.3
3052 silly placeDep ROOT @img/sharp-libvips-linux-riscv64@1.3.3 OK for: sharp@0.35.4 want: 1.3.3
3053 silly placeDep ROOT @img/sharp-libvips-linux-s390x@1.3.3 OK for: sharp@0.35.4 want: 1.3.3
3054 silly placeDep ROOT @img/sharp-libvips-linux-x64@1.3.3 OK for: sharp@0.35.4 want: 1.3.3
3055 silly placeDep ROOT @img/sharp-libvips-linuxmusl-arm64@1.3.3 OK for: sharp@0.35.4 want: 1.3.3
3056 silly placeDep ROOT @img/sharp-libvips-linuxmusl-x64@1.3.3 OK for: sharp@0.35.4 want: 1.3.3
3057 silly placeDep ROOT @img/sharp-linux-arm@0.35.4 OK for: sharp@0.35.4 want: 0.35.4
3058 silly placeDep ROOT @img/sharp-linux-arm64@0.35.4 OK for: sharp@0.35.4 want: 0.35.4
3059 silly placeDep ROOT @img/sharp-linux-ppc64@0.35.4 OK for: sharp@0.35.4 want: 0.35.4
3060 silly placeDep ROOT @img/sharp-linux-riscv64@0.35.4 OK for: sharp@0.35.4 want: 0.35.4
3061 silly placeDep ROOT @img/sharp-linux-s390x@0.35.4 OK for: sharp@0.35.4 want: 0.35.4
3062 silly placeDep ROOT @img/sharp-linux-x64@0.35.4 OK for: sharp@0.35.4 want: 0.35.4
3063 silly placeDep ROOT @img/sharp-linuxmusl-arm64@0.35.4 OK for: sharp@0.35.4 want: 0.35.4
3064 silly placeDep ROOT @img/sharp-linuxmusl-x64@0.35.4 OK for: sharp@0.35.4 want: 0.35.4
3065 silly placeDep ROOT @img/sharp-webcontainers-wasm32@0.35.4 OK for: sharp@0.35.4 want: 0.35.4
3066 silly placeDep ROOT @img/sharp-win32-arm64@0.35.4 OK for: sharp@0.35.4 want: 0.35.4
3067 silly placeDep ROOT @img/sharp-win32-ia32@0.35.4 OK for: sharp@0.35.4 want: 0.35.4
3068 silly placeDep ROOT @img/sharp-win32-x64@0.35.4 OK for: sharp@0.35.4 want: 0.35.4
3069 silly placeDep node_modules/sharp semver@7.8.5 OK for: sharp@0.35.4 want: ^7.8.5
3070 silly fetch manifest @img/sharp-wasm32@0.35.4
3071 silly packumentCache full:https://registry.npmjs.org/@img%2fsharp-wasm32 cache-miss
3072 silly fetch manifest @img/sharp-wasm32@0.35.4
3073 silly packumentCache full:https://registry.npmjs.org/@img%2fsharp-wasm32 cache-miss
3074 http fetch GET 200 https://registry.npmjs.org/@img%2fsharp-wasm32 46ms (cache miss)
3075 silly packumentCache full:https://registry.npmjs.org/@img%2fsharp-wasm32 set size:undefined disposed:false
3076 http fetch GET 200 https://registry.npmjs.org/@img%2fsharp-wasm32 53ms (cache miss)
3077 silly packumentCache full:https://registry.npmjs.org/@img%2fsharp-wasm32 set size:undefined disposed:false
3078 silly placeDep ROOT @img/sharp-wasm32@0.35.4 OK for: @img/sharp-freebsd-wasm32@0.35.4 want: 0.35.4
3079 silly fetch manifest @emnapi/runtime@^1.11.3
3080 silly packumentCache full:https://registry.npmjs.org/@emnapi%2fruntime cache-miss
3081 http fetch GET 200 https://registry.npmjs.org/@emnapi%2fruntime 61ms (cache miss)
3082 silly packumentCache full:https://registry.npmjs.org/@emnapi%2fruntime set size:undefined disposed:false
3083 silly placeDep ROOT @emnapi/runtime@1.11.3 OK for: @img/sharp-wasm32@0.35.4 want: ^1.11.3
3084 silly placeDep ROOT shebang-regex@3.0.0 OK for: shebang-command@2.0.0 want: ^3.0.0
3085 silly placeDep ROOT es-errors@1.3.0 OK for: side-channel@1.1.1 want: ^1.3.0
3086 silly placeDep ROOT object-inspect@1.13.4 OK for: side-channel@1.1.1 want: ^1.13.4
3087 silly placeDep ROOT side-channel-list@1.0.1 OK for: side-channel@1.1.1 want: ^1.0.1
3088 silly placeDep ROOT side-channel-map@1.0.1 OK for: side-channel@1.1.1 want: ^1.0.1
3089 silly placeDep ROOT side-channel-weakmap@1.0.2 OK for: side-channel@1.1.1 want: ^1.0.2
3090 silly fetch manifest call-bound@^1.0.2
3091 silly packumentCache full:https://registry.npmjs.org/call-bound cache-miss
3092 silly fetch manifest get-intrinsic@^1.2.5
3093 silly packumentCache full:https://registry.npmjs.org/get-intrinsic cache-miss
3094 silly fetch manifest call-bound@^1.0.2
3095 silly packumentCache full:https://registry.npmjs.org/call-bound cache-miss
3096 silly fetch manifest get-intrinsic@^1.2.5
3097 silly packumentCache full:https://registry.npmjs.org/get-intrinsic cache-miss
3098 http fetch GET 200 https://registry.npmjs.org/get-intrinsic 38ms (cache miss)
3099 silly packumentCache full:https://registry.npmjs.org/get-intrinsic set size:undefined disposed:false
3100 http fetch GET 200 https://registry.npmjs.org/get-intrinsic 42ms (cache miss)
3101 silly packumentCache full:https://registry.npmjs.org/get-intrinsic set size:undefined disposed:false
3102 http fetch GET 200 https://registry.npmjs.org/call-bound 43ms (cache miss)
3103 silly packumentCache full:https://registry.npmjs.org/call-bound set size:undefined disposed:false
3104 http fetch GET 200 https://registry.npmjs.org/call-bound 53ms (cache miss)
3105 silly packumentCache full:https://registry.npmjs.org/call-bound set size:undefined disposed:false
3106 silly placeDep ROOT call-bound@1.0.4 OK for: side-channel-map@1.0.1 want: ^1.0.2
3107 silly placeDep ROOT get-intrinsic@1.3.0 OK for: side-channel-map@1.0.1 want: ^1.2.5
3108 silly fetch manifest call-bind-apply-helpers@^1.0.2
3109 silly packumentCache full:https://registry.npmjs.org/call-bind-apply-helpers cache-miss
3110 silly fetch manifest get-intrinsic@^1.3.0
3111 silly packumentCache full:https://registry.npmjs.org/get-intrinsic cache-miss
3112 silly fetch manifest gopd@^1.2.0
3113 silly packumentCache full:https://registry.npmjs.org/gopd cache-miss
3114 silly fetch manifest hasown@^2.0.2
3115 silly packumentCache full:https://registry.npmjs.org/hasown cache-miss
3116 silly fetch manifest get-proto@^1.0.1
3117 silly packumentCache full:https://registry.npmjs.org/get-proto cache-miss
3118 silly fetch manifest has-symbols@^1.1.0
3119 silly packumentCache full:https://registry.npmjs.org/has-symbols cache-miss
3120 silly fetch manifest function-bind@^1.1.2
3121 silly packumentCache full:https://registry.npmjs.org/function-bind cache-miss
3122 silly fetch manifest es-object-atoms@^1.1.1
3123 silly packumentCache full:https://registry.npmjs.org/es-object-atoms cache-miss
3124 silly fetch manifest math-intrinsics@^1.1.0
3125 silly packumentCache full:https://registry.npmjs.org/math-intrinsics cache-miss
3126 silly fetch manifest call-bind-apply-helpers@^1.0.2
3127 silly packumentCache full:https://registry.npmjs.org/call-bind-apply-helpers cache-miss
3128 http fetch GET 200 https://registry.npmjs.org/get-intrinsic 7ms (cache hit)
3129 silly packumentCache full:https://registry.npmjs.org/get-intrinsic set size:60985 disposed:false
3130 http fetch GET 200 https://registry.npmjs.org/call-bind-apply-helpers 41ms (cache miss)
3131 silly packumentCache full:https://registry.npmjs.org/call-bind-apply-helpers set size:undefined disposed:false
3132 http fetch GET 200 https://registry.npmjs.org/math-intrinsics 42ms (cache miss)
3133 silly packumentCache full:https://registry.npmjs.org/math-intrinsics set size:undefined disposed:false
3134 http fetch GET 200 https://registry.npmjs.org/call-bind-apply-helpers 43ms (cache miss)
3135 silly packumentCache full:https://registry.npmjs.org/call-bind-apply-helpers set size:undefined disposed:false
3136 http fetch GET 200 https://registry.npmjs.org/get-proto 43ms (cache miss)
3137 silly packumentCache full:https://registry.npmjs.org/get-proto set size:undefined disposed:false
3138 http fetch GET 200 https://registry.npmjs.org/gopd 45ms (cache miss)
3139 silly packumentCache full:https://registry.npmjs.org/gopd set size:undefined disposed:false
3140 http fetch GET 200 https://registry.npmjs.org/hasown 48ms (cache miss)
3141 silly packumentCache full:https://registry.npmjs.org/hasown set size:undefined disposed:false
3142 http fetch GET 200 https://registry.npmjs.org/es-object-atoms 47ms (cache miss)
3143 silly packumentCache full:https://registry.npmjs.org/es-object-atoms set size:undefined disposed:false
3144 http fetch GET 200 https://registry.npmjs.org/function-bind 48ms (cache miss)
3145 silly packumentCache full:https://registry.npmjs.org/function-bind set size:undefined disposed:false
3146 http fetch GET 200 https://registry.npmjs.org/has-symbols 50ms (cache miss)
3147 silly packumentCache full:https://registry.npmjs.org/has-symbols set size:undefined disposed:false
3148 silly placeDep ROOT call-bind-apply-helpers@1.0.2 OK for: call-bound@1.0.4 want: ^1.0.2
3149 silly placeDep ROOT function-bind@1.1.2 OK for: call-bind-apply-helpers@1.0.2 want: ^1.1.2
3150 silly placeDep ROOT es-object-atoms@1.1.2 OK for: get-intrinsic@1.3.0 want: ^1.1.1
3151 silly placeDep ROOT get-proto@1.0.1 OK for: get-intrinsic@1.3.0 want: ^1.0.1
3152 silly placeDep ROOT gopd@1.2.0 OK for: get-intrinsic@1.3.0 want: ^1.2.0
3153 silly placeDep ROOT has-symbols@1.1.0 OK for: get-intrinsic@1.3.0 want: ^1.1.0
3154 silly placeDep ROOT hasown@2.0.4 OK for: get-intrinsic@1.3.0 want: ^2.0.2
3155 silly placeDep ROOT math-intrinsics@1.1.0 OK for: get-intrinsic@1.3.0 want: ^1.1.0
3156 silly fetch manifest dunder-proto@^1.0.1
3157 silly packumentCache full:https://registry.npmjs.org/dunder-proto cache-miss
3158 http fetch GET 200 https://registry.npmjs.org/dunder-proto 35ms (cache miss)
3159 silly packumentCache full:https://registry.npmjs.org/dunder-proto set size:undefined disposed:false
3160 silly placeDep ROOT dunder-proto@1.0.1 OK for: get-proto@1.0.1 want: ^1.0.1
3161 silly placeDep ROOT smart-buffer@4.2.0 OK for: socks@2.8.10 want: ^4.2.0
3162 silly placeDep ROOT emoji-regex@10.6.0 OK for: string-width@7.2.0 want: ^10.3.0
3163 silly placeDep ROOT get-east-asian-width@1.6.0 OK for: string-width@7.2.0 want: ^1.0.0
3164 silly placeDep node_modules/string-width strip-ansi@7.2.0 OK for: string-width@7.2.0 want: ^7.1.0
3165 silly placeDep ROOT character-entities-html4@2.1.0 OK for: stringify-entities@4.0.4 want: ^2.0.0
3166 silly placeDep ROOT get-own-enumerable-keys@1.0.0 OK for: stringify-object@5.0.0 want: ^1.0.0
3167 silly placeDep node_modules/stringify-object is-obj@3.0.0 OK for: stringify-object@5.0.0 want: ^3.0.0
3168 silly placeDep ROOT is-regexp@3.1.0 OK for: stringify-object@5.0.0 want: ^3.1.0
3169 silly placeDep ROOT ansi-regex@5.0.1 OK for: strip-ansi@6.0.1 want: ^5.0.1
3170 silly placeDep ROOT style-to-object@1.0.14 OK for: style-to-js@1.1.21 want: 1.0.14
3171 silly fetch manifest inline-style-parser@0.2.7
3172 silly packumentCache full:https://registry.npmjs.org/inline-style-parser cache-miss
3173 http fetch GET 200 https://registry.npmjs.org/inline-style-parser 38ms (cache miss)
3174 silly packumentCache full:https://registry.npmjs.org/inline-style-parser set size:undefined disposed:false
3175 silly placeDep ROOT inline-style-parser@0.2.7 OK for: style-to-object@1.0.14 want: 0.2.7
3176 silly placeDep ROOT client-only@0.0.1 OK for: styled-jsx@5.1.6 want: 0.0.1
3177 silly placeDep ROOT is-number@7.0.0 OK for: to-regex-range@5.0.1 want: ^7.0.0
3178 silly placeDep ROOT @ts-morph/common@0.27.0 OK for: ts-morph@26.0.0 want: ~0.27.0
3179 silly placeDep ROOT code-block-writer@13.0.3 OK for: ts-morph@26.0.0 want: ^13.0.3
3180 silly fetch manifest minimatch@^10.0.1
3181 silly packumentCache full:https://registry.npmjs.org/minimatch cache-miss
3182 silly fetch manifest path-browserify@^1.0.1
3183 silly packumentCache full:https://registry.npmjs.org/path-browserify cache-miss
3184 http fetch GET 200 https://registry.npmjs.org/path-browserify 40ms (cache miss)
3185 silly packumentCache full:https://registry.npmjs.org/path-browserify set size:undefined disposed:false
3186 http fetch GET 200 https://registry.npmjs.org/minimatch 50ms (cache miss)
3187 silly packumentCache full:https://registry.npmjs.org/minimatch set size:undefined disposed:false
3188 silly placeDep ROOT minimatch@10.2.6 OK for: @ts-morph/common@0.27.0 want: ^10.0.1
3189 silly placeDep ROOT path-browserify@1.0.1 OK for: @ts-morph/common@0.27.0 want: ^1.0.1
3190 silly fetch manifest brace-expansion@^5.0.8
3191 silly packumentCache full:https://registry.npmjs.org/brace-expansion cache-miss
3192 http fetch GET 200 https://registry.npmjs.org/brace-expansion 39ms (cache miss)
3193 silly packumentCache full:https://registry.npmjs.org/brace-expansion set size:undefined disposed:false
3194 silly placeDep ROOT brace-expansion@5.0.9 OK for: minimatch@10.2.6 want: ^5.0.8
3195 silly fetch manifest balanced-match@^4.0.2
3196 silly packumentCache full:https://registry.npmjs.org/balanced-match cache-miss
3197 http fetch GET 200 https://registry.npmjs.org/balanced-match 40ms (cache miss)
3198 silly packumentCache full:https://registry.npmjs.org/balanced-match set size:undefined disposed:false
3199 silly placeDep ROOT balanced-match@4.0.4 OK for: brace-expansion@5.0.9 want: ^4.0.2
3200 silly placeDep ROOT minimist@1.2.8 OK for: tsconfig-paths@4.2.0 want: ^1.2.6
3201 silly placeDep ROOT strip-bom@3.0.0 OK for: tsconfig-paths@4.2.0 want: ^3.0.0
3202 silly placeDep node_modules/type-is content-type@2.1.0 OK for: type-is@2.1.0 want: ^2.0.0
3203 silly placeDep ROOT media-typer@1.1.1 OK for: type-is@2.1.0 want: ^1.1.0
3204 silly placeDep ROOT bail@2.0.2 OK for: unified@11.0.5 want: ^2.0.0
3205 silly placeDep ROOT extend@3.0.2 OK for: unified@11.0.5 want: ^3.0.0
3206 silly placeDep ROOT trough@2.2.0 OK for: unified@11.0.5 want: ^2.0.0
3207 silly placeDep ROOT escalade@3.2.0 OK for: update-browserslist-db@1.3.2 want: ^3.2.0
3208 silly placeDep ROOT yaml@2.9.0 OK for: vfile-matter@5.0.1 want: ^2.0.0
3209 silly placeDep ROOT isexe@3.1.5 OK for: which@4.0.0 want: ^3.1.1
3210 silly placeDep ROOT is-wsl@3.1.1 OK for: wsl-utils@1.0.0 want: ^3.1.0
3211 silly placeDep node_modules/wsl-utils powershell-utils@0.1.0 OK for: wsl-utils@1.0.0 want: ^0.1.0
3212 silly placeDep node_modules/@dotenvx/dotenvx get-stream@6.0.1 OK for: execa@5.1.1 want: ^6.0.0
3213 silly placeDep node_modules/@dotenvx/dotenvx human-signals@2.1.0 OK for: execa@5.1.1 want: ^2.1.0
3214 silly placeDep node_modules/@dotenvx/dotenvx is-stream@2.0.1 OK for: execa@5.1.1 want: ^2.0.0
3215 silly placeDep ROOT merge-stream@2.0.0 OK for: execa@5.1.1 want: ^2.0.0
3216 silly placeDep node_modules/@dotenvx/dotenvx npm-run-path@4.0.1 OK for: execa@5.1.1 want: ^4.0.1
3217 silly placeDep node_modules/@dotenvx/dotenvx signal-exit@3.0.7 OK for: execa@5.1.1 want: ^3.0.3
3218 silly placeDep node_modules/@dotenvx/dotenvx strip-final-newline@2.0.0 OK for: execa@5.1.1 want: ^2.0.0
3219 silly placeDep node_modules/@dotenvx/dotenvx define-lazy-prop@2.0.0 OK for: open@8.4.2 want: ^2.0.0
3220 silly placeDep node_modules/@dotenvx/dotenvx is-docker@2.2.1 OK for: open@8.4.2 want: ^2.1.1
3221 silly placeDep node_modules/@dotenvx/dotenvx is-wsl@2.2.0 OK for: open@8.4.2 want: ^2.2.0
3222 silly placeDep node_modules/cosmiconfig argparse@2.0.1 OK for: js-yaml@4.3.2 want: ^2.0.1
3223 silly placeDep node_modules/cross-spawn isexe@2.0.0 OK for: which@2.0.2 want: ^2.0.0
3224 silly placeDep node_modules/ora ansi-regex@6.3.0 OK for: strip-ansi@7.2.0 want: ^6.2.2
3225 silly placeDep ROOT mimic-function@5.0.1 OK for: onetime@7.0.0 want: ^5.0.0
3226 silly placeDep node_modules/string-width ansi-regex@6.3.0 OK for: strip-ansi@7.2.0 want: ^6.2.2
3227 silly reify moves {}
3228 verbose reify failed optional dependency C:\Users\alfon\Desktop\LF SITE\node_modules\@tailwindcss\oxide-wasm32-wasi
3229 silly reify mark deleted [
3229 silly reify   'C:\\Users\\alfon\\Desktop\\LF SITE\\node_modules\\@tailwindcss\\oxide-wasm32-wasi'
3229 silly reify ]
3230 silly audit bulk request {
3230 silly audit   '@base-ui/react': [ '1.7.0' ],
3230 silly audit   react: [ '19.2.8' ],
3230 silly audit   'react-dom': [ '19.2.8' ],
3230 silly audit   '@tailwindcss/postcss': [ '4.3.3' ],
3230 silly audit   '@types/node': [ '24.13.3' ],
3230 silly audit   '@types/react': [ '19.2.18' ],
3230 silly audit   '@types/react-dom': [ '19.2.7' ],
3230 silly audit   '@vercel/analytics': [ '1.6.1' ],
3230 silly audit   'class-variance-authority': [ '0.7.1' ],
3230 silly audit   clsx: [ '2.1.1' ],
3230 silly audit   'gray-matter': [ '4.0.3' ],
3230 silly audit   'lucide-react': [ '1.40.0' ],
3230 silly audit   next: [ '16.3.3' ],
3230 silly audit   'next-mdx-remote': [ '6.0.0' ],
3230 silly audit   postcss: [ '8.5.28', '8.5.23' ],
3230 silly audit   'remark-gfm': [ '4.0.1' ],
3230 silly audit   shadcn: [ '4.20.1' ],
3230 silly audit   'tailwind-merge': [ '3.6.0' ],
3230 silly audit   tailwindcss: [ '4.3.3' ],
3230 silly audit   'tw-animate-css': [ '1.4.0' ],
3230 silly audit   typescript: [ '5.7.3' ],
3230 silly audit   '@babel/runtime': [ '7.29.7' ],
3230 silly audit   '@base-ui/utils': [ '0.3.2' ],
3230 silly audit   '@floating-ui/react-dom': [ '2.1.9' ],
3230 silly audit   '@floating-ui/utils': [ '0.2.12' ],
3230 silly audit   'use-sync-external-store': [ '1.6.0' ],
3230 silly audit   reselect: [ '5.3.0' ],
3230 silly audit   '@floating-ui/dom': [ '1.8.0' ],
3230 silly audit   '@floating-ui/core': [ '1.8.0' ],
3230 silly audit   '@alloc/quick-lru': [ '5.3.0' ],
3230 silly audit   '@tailwindcss/node': [ '4.3.3' ],
3230 silly audit   '@tailwindcss/oxide': [ '4.3.3' ],
3230 silly audit   '@jridgewell/remapping': [ '2.3.5' ],
3230 silly audit   'enhanced-resolve': [ '5.24.5' ],
3230 silly audit   jiti: [ '2.7.0' ],
3230 silly audit   lightningcss: [ '1.32.0' ],
3230 silly audit   'magic-string': [ '0.30.21' ],
3230 silly audit   'source-map-js': [ '1.2.1' ],
3230 silly audit   '@jridgewell/gen-mapping': [ '0.3.13' ],
3230 silly audit   '@jridgewell/trace-mapping': [ '0.3.31' ],
3230 silly audit   '@jridgewell/sourcemap-codec': [ '1.6.0' ],
3230 silly audit   '@jridgewell/resolve-uri': [ '3.1.2' ],
3230 silly audit   '@tailwindcss/oxide-android-arm64': [ '4.3.3' ],
3230 silly audit   '@tailwindcss/oxide-darwin-arm64': [ '4.3.3' ],
3230 silly audit   '@tailwindcss/oxide-darwin-x64': [ '4.3.3' ],
3230 silly audit   '@tailwindcss/oxide-freebsd-x64': [ '4.3.3' ],
3230 silly audit   '@tailwindcss/oxide-linux-arm-gnueabihf': [ '4.3.3' ],
3230 silly audit   '@tailwindcss/oxide-linux-arm64-gnu': [ '4.3.3' ],
3230 silly audit   '@tailwindcss/oxide-linux-arm64-musl': [ '4.3.3' ],
3230 silly audit   '@tailwindcss/oxide-linux-x64-gnu': [ '4.3.3' ],
3230 silly audit   '@tailwindcss/oxide-linux-x64-musl': [ '4.3.3' ],
3230 silly audit   '@tailwindcss/oxide-win32-arm64-msvc': [ '4.3.3' ],
3230 silly audit   '@tailwindcss/oxide-win32-x64-msvc': [ '4.3.3' ],
3230 silly audit   'undici-types': [ '7.18.2' ],
3230 silly audit   csstype: [ '3.2.3' ],
3230 silly audit   'graceful-fs': [ '4.2.11' ],
3230 silly audit   tapable: [ '2.3.3' ],
3230 silly audit   'js-yaml': [ '3.15.2', '4.3.2' ],
3230 silly audit   'kind-of': [ '6.0.3' ],
3230 silly audit   'section-matter': [ '1.0.0' ],
3230 silly audit   'strip-bom-string': [ '1.0.0' ],
3230 silly audit   argparse: [ '1.0.10', '2.0.1' ],
3230 silly audit   esprima: [ '4.0.1' ],
3230 silly audit   'sprintf-js': [ '1.0.3' ],
3230 silly audit   'detect-libc': [ '2.1.2' ],
3230 silly audit   'lightningcss-android-arm64': [ '1.32.0' ],
3230 silly audit   'lightningcss-darwin-arm64': [ '1.32.0' ],
3230 silly audit   'lightningcss-darwin-x64': [ '1.32.0' ],
3230 silly audit   'lightningcss-freebsd-x64': [ '1.32.0' ],
3230 silly audit   'lightningcss-linux-arm-gnueabihf': [ '1.32.0' ],
3230 silly audit   'lightningcss-linux-arm64-gnu': [ '1.32.0' ],
3230 silly audit   'lightningcss-linux-arm64-musl': [ '1.32.0' ],
3230 silly audit   'lightningcss-linux-x64-gnu': [ '1.32.0' ],
3230 silly audit   'lightningcss-linux-x64-musl': [ '1.32.0' ],
3230 silly audit   'lightningcss-win32-arm64-msvc': [ '1.32.0' ],
3230 silly audit   'lightningcss-win32-x64-msvc': [ '1.32.0' ],
3230 silly audit   '@next/env': [ '16.3.3' ],
3230 silly audit   '@next/swc-darwin-arm64': [ '16.3.3' ],
3230 silly audit   '@next/swc-darwin-x64': [ '16.3.3' ],
3230 silly audit   '@next/swc-linux-arm64-gnu': [ '16.3.3' ],
3230 silly audit   '@next/swc-linux-arm64-musl': [ '16.3.3' ],
3230 silly audit   '@next/swc-linux-x64-gnu': [ '16.3.3' ],
3230 silly audit   '@next/swc-linux-x64-musl': [ '16.3.3' ],
3230 silly audit   '@next/swc-win32-arm64-msvc': [ '16.3.3' ],
3230 silly audit   '@next/swc-win32-x64-msvc': [ '16.3.3' ],
3230 silly audit   '@swc/helpers': [ '0.5.23' ],
3230 silly audit   'baseline-browser-mapping': [ '2.11.20' ],
3230 silly audit   'caniuse-lite': [ '1.0.30001810' ],
3230 silly audit   sharp: [ '0.35.4' ],
3230 silly audit   'styled-jsx': [ '5.1.6' ],
3230 silly audit   tslib: [ '2.8.1' ],
3230 silly audit   '@babel/code-frame': [ '7.29.7' ],
3230 silly audit   '@mdx-js/mdx': [ '3.1.1' ],
3230 silly audit   '@mdx-js/react': [ '3.1.1' ],
3230 silly audit   'unist-util-remove': [ '4.0.0' ],
3230 silly audit   'unist-util-visit': [ '5.1.0' ],
3230 silly audit   vfile: [ '6.0.3' ],
3230 silly audit   'vfile-matter': [ '5.0.1' ],
3230 silly audit   '@babel/helper-validator-identifier': [ '7.29.7' ],
3230 silly audit   'js-tokens': [ '4.0.0' ],
3230 silly audit   picocolors: [ '1.1.1' ],
3230 silly audit   '@types/estree': [ '1.0.9' ],
3230 silly audit   '@types/estree-jsx': [ '1.0.5' ],
3230 silly audit   '@types/hast': [ '3.0.5' ],
3230 silly audit   '@types/mdx': [ '2.0.14' ],
3230 silly audit   acorn: [ '8.18.0' ],
3230 silly audit   'collapse-white-space': [ '2.1.0' ],
3230 silly audit   devlop: [ '1.1.0' ],
3230 silly audit   'estree-util-is-identifier-name': [ '3.0.0' ],
3230 silly audit   'estree-util-scope': [ '1.0.1' ],
3230 silly audit   'estree-walker': [ '3.0.3' ],
3230 silly audit   'hast-util-to-jsx-runtime': [ '2.3.6' ],
3230 silly audit   'markdown-extensions': [ '2.0.0' ],
3230 silly audit   'recma-build-jsx': [ '1.0.0' ],
3230 silly audit   'recma-jsx': [ '1.0.1' ],
3230 silly audit   'recma-stringify': [ '1.0.0' ],
3230 silly audit   'rehype-recma': [ '1.0.0' ],
3230 silly audit   'remark-mdx': [ '3.1.1' ],
3230 silly audit   'remark-parse': [ '11.0.0' ],
3230 silly audit   'remark-rehype': [ '11.1.2' ],
3230 silly audit   'source-map': [ '0.7.6', '0.6.1' ],
3230 silly audit   unified: [ '11.0.5' ],
3230 silly audit   'unist-util-position-from-estree': [ '2.0.0' ],
3230 silly audit   'unist-util-stringify-position': [ '4.0.0' ],
3230 silly audit   '@types/unist': [ '3.0.3', '2.0.11' ],
3230 silly audit   dequal: [ '2.0.3' ],
3230 silly audit   'comma-separated-tokens': [ '2.0.3' ],
3230 silly audit   'hast-util-whitespace': [ '3.0.0' ],
3230 silly audit   'mdast-util-mdx-expression': [ '2.0.1' ],
3230 silly audit   'mdast-util-mdx-jsx': [ '3.2.0' ],
3230 silly audit   'mdast-util-mdxjs-esm': [ '2.0.1' ],
3230 silly audit   'property-information': [ '7.2.0' ],
3230 silly audit   'space-separated-tokens': [ '2.0.2' ],
3230 silly audit   'style-to-js': [ '1.1.21' ],
3230 silly audit   'unist-util-position': [ '5.0.0' ],
3230 silly audit   'vfile-message': [ '4.0.3' ],
3230 silly audit   '@types/mdast': [ '4.0.4' ],
3230 silly audit   'mdast-util-from-markdown': [ '2.0.3' ],
3230 silly audit   'mdast-util-to-markdown': [ '2.1.2' ],
3230 silly audit   'decode-named-character-reference': [ '1.3.0' ],
3230 silly audit   'mdast-util-to-string': [ '4.0.0' ],
3230 silly audit   micromark: [ '4.0.2' ],
3230 silly audit   'micromark-util-decode-numeric-character-reference': [ '2.0.2' ],
3230 silly audit   'micromark-util-decode-string': [ '2.0.1' ],
3230 silly audit   'micromark-util-normalize-identifier': [ '2.0.1' ],
3230 silly audit   'micromark-util-symbol': [ '2.0.1' ],
3230 silly audit   'micromark-util-types': [ '2.0.2' ],
3230 silly audit   'character-entities': [ '2.0.2' ],
3230 silly audit   ccount: [ '2.0.1' ],
3230 silly audit   'parse-entities': [ '4.0.2' ],
3230 silly audit   'stringify-entities': [ '4.0.4' ],
3230 silly audit   'longest-streak': [ '3.1.0' ],
3230 silly audit   'mdast-util-phrasing': [ '4.1.0' ],
3230 silly audit   'micromark-util-classify-character': [ '2.0.1' ],
3230 silly audit   zwitch: [ '2.0.4' ],
3230 silly audit   'unist-util-is': [ '6.0.1' ],
3230 silly audit   '@types/debug': [ '4.1.13' ],
3230 silly audit   debug: [ '4.4.3' ],
3230 silly audit   'micromark-core-commonmark': [ '2.0.3' ],
3230 silly audit   'micromark-factory-space': [ '2.0.1' ],
3230 silly audit   'micromark-util-character': [ '2.1.1' ],
3230 silly audit   'micromark-util-chunked': [ '2.0.1' ],
3230 silly audit   'micromark-util-combine-extensions': [ '2.0.1' ],
3230 silly audit   'micromark-util-encode': [ '2.0.1' ],
3230 silly audit   'micromark-util-resolve-all': [ '2.0.1' ],
3230 silly audit   'micromark-util-sanitize-uri': [ '2.0.1' ],
3230 silly audit   'micromark-util-subtokenize': [ '2.1.0' ],
3230 silly audit   '@types/ms': [ '2.1.0' ],
3230 silly audit   ms: [ '2.1.3' ],
3230 silly audit   'micromark-factory-destination': [ '2.0.1' ],
3230 silly audit   'micromark-factory-label': [ '2.0.1' ],
3230 silly audit   'micromark-factory-title': [ '2.0.1' ],
3230 silly audit   'micromark-factory-whitespace': [ '2.0.1' ],
3230 silly audit   'micromark-util-html-tag-name': [ '2.0.1' ],
3230 silly audit   'character-entities-legacy': [ '3.0.0' ],
3230 silly audit   'character-reference-invalid': [ '2.0.1' ],
3230 silly audit   'is-alphanumerical': [ '2.0.1' ],
3230 silly audit   'is-decimal': [ '2.0.1' ],
3230 silly audit   'is-hexadecimal': [ '2.0.1' ],
3230 silly audit   'is-alphabetical': [ '2.0.1' ],
3230 silly audit   nanoid: [ '3.3.18' ],
3230 silly audit   scheduler: [ '0.27.0' ],
3230 silly audit   'estree-util-build-jsx': [ '3.0.1' ],
3230 silly audit   'acorn-jsx': [ '5.3.2' ],
3230 silly audit   'estree-util-to-js': [ '2.0.0' ],
3230 silly audit   'recma-parse': [ '1.0.0' ],
3230 silly audit   astring: [ '1.9.0' ],
3230 silly audit   'esast-util-from-js': [ '2.0.1' ],
3230 silly audit   'esast-util-from-estree': [ '2.0.0' ],
3230 silly audit   'estree-util-visit': [ '2.0.0' ],
3230 silly audit   'hast-util-to-estree': [ '3.1.3' ],
3230 silly audit   'estree-util-attach-comments': [ '3.0.0' ],
3230 silly audit   'mdast-util-gfm': [ '3.1.0' ],
3230 silly audit   'micromark-extension-gfm': [ '3.0.0' ],
3230 silly audit   'remark-stringify': [ '11.0.0' ],
3230 silly audit   'mdast-util-gfm-autolink-literal': [ '2.0.1' ],
3230 silly audit   'mdast-util-gfm-footnote': [ '2.1.0' ],
3230 silly audit   'mdast-util-gfm-strikethrough': [ '2.0.0' ],
3230 silly audit   'mdast-util-gfm-table': [ '2.0.0' ],
3230 silly audit   'mdast-util-gfm-task-list-item': [ '2.0.0' ],
3230 silly audit   'mdast-util-find-and-replace': [ '3.0.2' ],
3230 silly audit   'escape-string-regexp': [ '5.0.0' ],
3230 silly audit   'unist-util-visit-parents': [ '6.0.2' ],
3230 silly audit   'markdown-table': [ '3.0.4' ],
3230 silly audit   'micromark-extension-gfm-autolink-literal': [ '2.1.0' ],
3230 silly audit   'micromark-extension-gfm-footnote': [ '2.1.0' ],
3230 silly audit   'micromark-extension-gfm-strikethrough': [ '2.1.0' ],
3230 silly audit   'micromark-extension-gfm-table': [ '2.1.1' ],
3230 silly audit   'micromark-extension-gfm-tagfilter': [ '2.0.0' ],
3230 silly audit   'micromark-extension-gfm-task-list-item': [ '2.1.0' ],
3230 silly audit   'mdast-util-mdx': [ '3.0.0' ],
3230 silly audit   'micromark-extension-mdxjs': [ '3.0.0' ],
3230 silly audit   'micromark-extension-mdx-expression': [ '3.0.1' ],
3230 silly audit   'micromark-extension-mdx-jsx': [ '3.0.2' ],
3230 silly audit   'micromark-extension-mdx-md': [ '2.0.0' ],
3230 silly audit   'micromark-extension-mdxjs-esm': [ '3.0.0' ],
3230 silly audit   'micromark-factory-mdx-expression': [ '2.0.3' ],
3230 silly audit   'micromark-util-events-to-acorn': [ '2.0.3' ],
3230 silly audit   'mdast-util-to-hast': [ '13.2.1' ],
3230 silly audit   '@ungap/structured-clone': [ '1.4.0' ],
3230 silly audit   'trim-lines': [ '3.0.1' ],
3230 silly audit   'extend-shallow': [ '2.0.1' ],
3230 silly audit   'is-extendable': [ '0.1.1' ],
3230 silly audit   '@babel/core': [ '7.29.7' ],
3230 silly audit   '@babel/parser': [ '7.29.8' ],
3230 silly audit   '@babel/plugin-transform-typescript': [ '7.29.7' ],
3230 silly audit   '@babel/preset-typescript': [ '7.29.7' ],
3230 silly audit   '@dotenvx/dotenvx': [ '1.75.1' ],
3230 silly audit   '@modelcontextprotocol/sdk': [ '1.30.0' ],
3230 silly audit   '@types/validate-npm-package-name': [ '4.0.2' ],
3230 silly audit   browserslist: [ '4.28.8' ],
3230 silly audit   commander: [ '14.0.3', '11.1.0' ],
3230 silly audit   cosmiconfig: [ '9.0.2' ],
3230 silly audit   dedent: [ '1.7.2' ],
3230 silly audit   deepmerge: [ '4.3.1' ],
3230 silly audit   diff: [ '8.0.4' ],
3230 silly audit   execa: [ '9.6.1', '5.1.1' ],
3230 silly audit   'fast-glob': [ '3.3.3' ],
3230 silly audit   'fs-extra': [ '11.4.0' ],
3230 silly audit   fuzzysort: [ '3.1.0' ],
3230 silly audit   kleur: [ '4.1.5', '3.0.3' ],
3230 silly audit   open: [ '11.0.2', '8.4.2' ],
3230 silly audit   ora: [ '8.2.0' ],
3230 silly audit   'postcss-selector-parser': [ '7.1.6' ],
3230 silly audit   prompts: [ '2.4.2' ],
3230 silly audit   recast: [ '0.23.21' ],
3230 silly audit   socks: [ '2.8.10' ],
3230 silly audit   'stringify-object': [ '5.0.0' ],
3230 silly audit   'ts-morph': [ '26.0.0' ],
3230 silly audit   'tsconfig-paths': [ '4.2.0' ],
3230 silly audit   undici: [ '7.29.0' ],
3230 silly audit   'validate-npm-package-name': [ '7.0.2' ],
3230 silly audit   zod: [ '3.25.76' ],
3230 silly audit   'zod-to-json-schema': [ '3.25.2' ],
3230 silly audit   '@babel/generator': [ '7.29.8' ],
3230 silly audit   '@babel/helper-compilation-targets': [ '7.29.7' ],
3230 silly audit   '@babel/helper-module-transforms': [ '7.29.7' ],
3230 silly audit   '@babel/helpers': [ '7.29.7' ],
3230 silly audit   '@babel/template': [ '7.29.7' ],
3230 silly audit   '@babel/traverse': [ '7.29.8' ],
3230 silly audit   '@babel/types': [ '7.29.8' ],
3230 silly audit   'convert-source-map': [ '2.0.0' ],
3230 silly audit   gensync: [ '1.0.0-beta.2' ],
3230 silly audit   json5: [ '2.2.3' ],
3230 silly audit   semver: [ '6.3.1', '7.8.5' ],
3230 silly audit   jsesc: [ '3.1.0' ],
3230 silly audit   '@babel/compat-data': [ '7.29.7' ],
3230 silly audit   '@babel/helper-validator-option': [ '7.29.7' ],
3230 silly audit   'lru-cache': [ '5.1.1' ],
3230 silly audit   '@babel/helper-module-imports': [ '7.29.7' ],
3230 silly audit   '@babel/helper-annotate-as-pure': [ '7.29.7' ],
3230 silly audit   '@babel/helper-create-class-features-plugin': [ '7.29.7' ],
3230 silly audit   '@babel/helper-plugin-utils': [ '7.29.7' ],
3230 silly audit   '@babel/helper-skip-transparent-expression-wrappers': [ '7.29.7' ],
3230 silly audit   '@babel/plugin-syntax-typescript': [ '7.29.7' ],
3230 silly audit   '@babel/helper-member-expression-to-functions': [ '7.29.7' ],
3230 silly audit   '@babel/helper-optimise-call-expression': [ '7.29.7' ],
3230 silly audit   '@babel/helper-replace-supers': [ '7.29.7' ],
3230 silly audit   '@babel/plugin-syntax-jsx': [ '7.29.7' ],
3230 silly audit   '@babel/plugin-transform-modules-commonjs': [ '7.29.7' ],
3230 silly audit   '@babel/helper-globals': [ '7.29.7' ],
3230 silly audit   '@babel/helper-string-parser': [ '7.29.7' ],
3230 silly audit   '@dotenvx/primitives': [ '0.8.0' ],
3230 silly audit   conf: [ '10.2.0' ],
3230 silly audit   dotenv: [ '17.4.2' ],
3230 silly audit   enquirer: [ '2.4.1' ],
3230 silly audit   'env-paths': [ '2.2.1' ],
3230 silly audit   fdir: [ '6.5.0' ],
3230 silly audit   ignore: [ '5.3.2' ],
3230 silly audit   'object-treeify': [ '1.1.33' ],
3230 silly audit   picomatch: [ '4.0.7', '2.3.2' ],
3230 silly audit   systeminformation: [ '5.33.8' ],
3230 silly audit   which: [ '4.0.0', '2.0.2' ],
3230 silly audit   'yocto-spinner': [ '1.2.2' ],
3230 silly audit   '@hono/node-server': [ '2.1.1' ],
3230 silly audit   hono: [ '4.13.5' ],
3230 silly audit   ajv: [ '8.20.0' ],
3230 silly audit   'ajv-formats': [ '3.0.1', '2.1.1' ],
3230 silly audit   'content-type': [ '1.0.5', '2.1.0' ],
3230 silly audit   cors: [ '2.8.6' ],
3230 silly audit   'cross-spawn': [ '7.0.6' ],
3230 silly audit   eventsource: [ '3.0.7' ],
3230 silly audit   'eventsource-parser': [ '3.1.1' ],
3230 silly audit   express: [ '5.2.1' ],
3230 silly audit   'express-rate-limit': [ '8.7.0' ],
3230 silly audit   jose: [ '6.2.10' ],
3230 silly audit   'json-schema-typed': [ '8.0.2', '7.0.3' ],
3230 silly audit   'pkce-challenge': [ '5.0.1' ],
3230 silly audit   'raw-body': [ '3.0.2' ],
3230 silly audit   'fast-deep-equal': [ '3.1.3' ],
3230 silly audit   'fast-uri': [ '3.1.7' ],
3230 silly audit   'json-schema-traverse': [ '1.0.0' ],
3230 silly audit   'require-from-string': [ '2.0.2' ],
3230 silly audit   'electron-to-chromium': [ '1.5.420' ],
3230 silly audit   'node-releases': [ '2.0.54' ],
3230 silly audit   'update-browserslist-db': [ '1.3.2' ],
3230 silly audit   atomically: [ '1.7.0' ],
3230 silly audit   'debounce-fn': [ '4.0.0' ],
3230 silly audit   'dot-prop': [ '6.0.1' ],
3230 silly audit   onetime: [ '5.1.2', '7.0.0' ],
3230 silly audit   'pkg-up': [ '3.1.0' ],
3230 silly audit   'object-assign': [ '4.1.1' ],
3230 silly audit   vary: [ '1.1.2' ],
3230 silly audit   'import-fresh': [ '3.3.1' ],
3230 silly audit   'parse-json': [ '5.2.0' ],
3230 silly audit   'path-key': [ '3.1.1', '4.0.0' ],
3230 silly audit   'shebang-command': [ '2.0.0' ],
3230 silly audit   'mimic-fn': [ '3.1.0', '2.1.0' ],
3230 silly audit   'is-obj': [ '2.0.0', '3.0.0' ],
3230 silly audit   'ansi-colors': [ '4.1.3' ],
3230 silly audit   'strip-ansi': [ '6.0.1', '7.2.0' ],
3230 silly audit   '@sindresorhus/merge-streams': [ '4.0.0' ],
3230 silly audit   figures: [ '6.1.0' ],
3230 silly audit   'get-stream': [ '9.0.1', '6.0.1' ],
3230 silly audit   'human-signals': [ '8.0.1', '2.1.0' ],
3230 silly audit   'is-plain-obj': [ '4.1.0' ],
3230 silly audit   'is-stream': [ '4.0.1', '2.0.1' ],
3230 silly audit   'npm-run-path': [ '6.0.0', '4.0.1' ],
3230 silly audit   'pretty-ms': [ '9.3.1' ],
3230 silly audit   'signal-exit': [ '4.1.0', '3.0.7' ],
3230 silly audit   'strip-final-newline': [ '4.0.0', '2.0.0' ],
3230 silly audit   yoctocolors: [ '2.2.0' ],
3230 silly audit   accepts: [ '2.0.0' ],
3230 silly audit   'body-parser': [ '2.3.0' ],
3230 silly audit   'content-disposition': [ '1.1.0' ],
3230 silly audit   cookie: [ '0.7.2' ],
3230 silly audit   'cookie-signature': [ '1.2.2' ],
3230 silly audit   depd: [ '2.0.0' ],
3230 silly audit   encodeurl: [ '2.0.0' ],
3230 silly audit   'escape-html': [ '1.0.3' ],
3230 silly audit   etag: [ '1.8.1' ],
3230 silly audit   finalhandler: [ '2.1.1' ],
3230 silly audit   fresh: [ '2.0.0' ],
3230 silly audit   'http-errors': [ '2.0.1' ],
3230 silly audit   'merge-descriptors': [ '2.0.0' ],
3230 silly audit   'mime-types': [ '3.0.2' ],
3230 silly audit   'on-finished': [ '2.4.1' ],
3230 silly audit   once: [ '1.4.0' ],
3230 silly audit   parseurl: [ '1.3.3' ],
3230 silly audit   'proxy-addr': [ '2.0.7' ],
3230 silly audit   qs: [ '6.16.0' ],
3230 silly audit   'range-parser': [ '1.3.0' ],
3230 silly audit   router: [ '2.2.0' ],
3230 silly audit   send: [ '1.2.1' ],
3230 silly audit   'serve-static': [ '2.2.1' ],
3230 silly audit   statuses: [ '2.0.2' ],
3230 silly audit   'type-is': [ '2.1.0' ],
3230 silly audit   negotiator: [ '1.1.0' ],
3230 silly audit   bytes: [ '3.1.2' ],
3230 silly audit   'iconv-lite': [ '0.7.3' ],
3230 silly audit   'ip-address': [ '10.7.0' ],
3230 silly audit   '@nodelib/fs.stat': [ '2.0.5' ],
3230 silly audit   '@nodelib/fs.walk': [ '1.2.8' ],
3230 silly audit   'glob-parent': [ '5.1.2' ],
3230 silly audit   merge2: [ '1.4.1' ],
3230 silly audit   micromatch: [ '4.0.8' ],
3230 silly audit   '@nodelib/fs.scandir': [ '2.1.5' ],
3230 silly audit   fastq: [ '1.20.3' ],
3230 silly audit   'run-parallel': [ '1.2.0' ],
3230 silly audit   reusify: [ '1.1.0' ],
3230 silly audit   'is-unicode-supported': [ '2.1.0', '1.3.0' ],
3230 silly audit   jsonfile: [ '6.2.1' ],
3230 silly audit   universalify: [ '2.0.1' ],
3230 silly audit   '@sec-ant/readable-stream': [ '0.4.1' ],
3230 silly audit   'is-glob': [ '4.0.3' ],
3230 silly audit   inherits: [ '2.0.4' ],
3230 silly audit   setprototypeof: [ '1.2.0' ],
3230 silly audit   toidentifier: [ '1.0.1' ],
3230 silly audit   'safer-buffer': [ '2.1.2' ],
3230 silly audit   'parent-module': [ '1.0.1' ],
3230 silly audit   'resolve-from': [ '4.0.0' ],
3230 silly audit   'is-extglob': [ '2.1.1' ],
3230 silly audit   yallist: [ '3.1.1' ],
3230 silly audit   braces: [ '3.0.3' ],
3230 silly audit   'fill-range': [ '7.1.1' ],
3230 silly audit   'to-regex-range': [ '5.0.1' ],
3230 silly audit   'mime-db': [ '1.54.0' ],
3230 silly audit   'unicorn-magic': [ '0.3.0' ],
3230 silly audit   'ee-first': [ '1.1.1' ],
3230 silly audit   wrappy: [ '1.0.2' ],
3230 silly audit   'default-browser': [ '5.5.1' ],
3230 silly audit   'define-lazy-prop': [ '3.0.0', '2.0.0' ],
3230 silly audit   'is-in-ssh': [ '1.0.0' ],
3230 silly audit   'is-inside-container': [ '1.0.0' ],
3230 silly audit   'powershell-utils': [ '0.2.1', '0.1.0' ],
3230 silly audit   'wsl-utils': [ '1.0.0' ],
3230 silly audit   'bundle-name': [ '4.1.0' ],
3230 silly audit   'default-browser-id': [ '5.0.1' ],
3230 silly audit   'run-applescript': [ '7.1.0' ],
3230 silly audit   'is-docker': [ '3.0.0', '2.2.1' ],
3230 silly audit   chalk: [ '5.6.2' ],
3230 silly audit   'cli-cursor': [ '5.0.0' ],
3230 silly audit   'cli-spinners': [ '2.9.2' ],
3230 silly audit   'is-interactive': [ '2.0.0' ],
3230 silly audit   'log-symbols': [ '6.0.0' ],
3230 silly audit   'stdin-discarder': [ '0.2.2' ],
3230 silly audit   'string-width': [ '7.2.0' ],
3230 silly audit   'restore-cursor': [ '5.1.0' ],
3230 silly audit   callsites: [ '3.1.0' ],
3230 silly audit   'error-ex': [ '1.3.4' ],
3230 silly audit   'json-parse-even-better-errors': [ '2.3.1' ],
3230 silly audit   'lines-and-columns': [ '1.2.4' ],
3230 silly audit   'is-arrayish': [ '0.2.1' ],
3230 silly audit   'find-up': [ '3.0.0' ],
3230 silly audit   'locate-path': [ '3.0.0' ],
3230 silly audit   'p-locate': [ '3.0.0' ],
3230 silly audit   'path-exists': [ '3.0.0' ],
3230 silly audit   'p-limit': [ '2.3.0' ],
3230 silly audit   'p-try': [ '2.2.0' ],
3230 silly audit   cssesc: [ '3.0.0' ],
3230 silly audit   'util-deprecate': [ '1.0.2' ],
3230 silly audit   'parse-ms': [ '4.0.0' ],
3230 silly audit   sisteransi: [ '1.0.5' ],
3230 silly audit   forwarded: [ '0.2.0' ],
3230 silly audit   'ipaddr.js': [ '1.9.1' ],
3230 silly audit   'es-define-property': [ '1.0.1' ],
3230 silly audit   'side-channel': [ '1.1.1' ],
3230 silly audit   unpipe: [ '1.0.0' ],
3230 silly audit   'ast-types': [ '0.16.3' ],
3230 silly audit   'tiny-invariant': [ '1.3.3' ],
3230 silly audit   'is-promise': [ '4.0.0' ],
3230 silly audit   'path-to-regexp': [ '8.4.2' ],
3230 silly audit   'queue-microtask': [ '1.2.3' ],
3230 silly audit   '@img/colour': [ '1.1.0' ],
3230 silly audit   '@img/sharp-darwin-arm64': [ '0.35.4' ],
3230 silly audit   '@img/sharp-darwin-x64': [ '0.35.4' ],
3230 silly audit   '@img/sharp-freebsd-wasm32': [ '0.35.4' ],
3230 silly audit   '@img/sharp-libvips-darwin-arm64': [ '1.3.3' ],
3230 silly audit   '@img/sharp-libvips-darwin-x64': [ '1.3.3' ],
3230 silly audit   '@img/sharp-libvips-linux-arm': [ '1.3.3' ],
3230 silly audit   '@img/sharp-libvips-linux-arm64': [ '1.3.3' ],
3230 silly audit   '@img/sharp-libvips-linux-ppc64': [ '1.3.3' ],
3230 silly audit   '@img/sharp-libvips-linux-riscv64': [ '1.3.3' ],
3230 silly audit   '@img/sharp-libvips-linux-s390x': [ '1.3.3' ],
3230 silly audit   '@img/sharp-libvips-linux-x64': [ '1.3.3' ],
3230 silly audit   '@img/sharp-libvips-linuxmusl-arm64': [ '1.3.3' ],
3230 silly audit   '@img/sharp-libvips-linuxmusl-x64': [ '1.3.3' ],
3230 silly audit   '@img/sharp-linux-arm': [ '0.35.4' ],
3230 silly audit   '@img/sharp-linux-arm64': [ '0.35.4' ],
3230 silly audit   '@img/sharp-linux-ppc64': [ '0.35.4' ],
3230 silly audit   '@img/sharp-linux-riscv64': [ '0.35.4' ],
3230 silly audit   '@img/sharp-linux-s390x': [ '0.35.4' ],
3230 silly audit   '@img/sharp-linux-x64': [ '0.35.4' ],
3230 silly audit   '@img/sharp-linuxmusl-arm64': [ '0.35.4' ],
3230 silly audit   '@img/sharp-linuxmusl-x64': [ '0.35.4' ],
3230 silly audit   '@img/sharp-webcontainers-wasm32': [ '0.35.4' ],
3230 silly audit   '@img/sharp-win32-arm64': [ '0.35.4' ],
3230 silly audit   '@img/sharp-win32-ia32': [ '0.35.4' ],
3230 silly audit   '@img/sharp-win32-x64': [ '0.35.4' ],
3230 silly audit   '@img/sharp-wasm32': [ '0.35.4' ],
3230 silly audit   '@emnapi/runtime': [ '1.11.3' ],
3230 silly audit   'shebang-regex': [ '3.0.0' ],
3230 silly audit   'es-errors': [ '1.3.0' ],
3230 silly audit   'object-inspect': [ '1.13.4' ],
3230 silly audit   'side-channel-list': [ '1.0.1' ],
3230 silly audit   'side-channel-map': [ '1.0.1' ],
3230 silly audit   'side-channel-weakmap': [ '1.0.2' ],
3230 silly audit   'call-bound': [ '1.0.4' ],
3230 silly audit   'get-intrinsic': [ '1.3.0' ],
3230 silly audit   'call-bind-apply-helpers': [ '1.0.2' ],
3230 silly audit   'function-bind': [ '1.1.2' ],
3230 silly audit   'es-object-atoms': [ '1.1.2' ],
3230 silly audit   'get-proto': [ '1.0.1' ],
3230 silly audit   gopd: [ '1.2.0' ],
3230 silly audit   'has-symbols': [ '1.1.0' ],
3230 silly audit   hasown: [ '2.0.4' ],
3230 silly audit   'math-intrinsics': [ '1.1.0' ],
3230 silly audit   'dunder-proto': [ '1.0.1' ],
3230 silly audit   'smart-buffer': [ '4.2.0' ],
3230 silly audit   'emoji-regex': [ '10.6.0' ],
3230 silly audit   'get-east-asian-width': [ '1.6.0' ],
3230 silly audit   'character-entities-html4': [ '2.1.0' ],
3230 silly audit   'get-own-enumerable-keys': [ '1.0.0' ],
3230 silly audit   'is-regexp': [ '3.1.0' ],
3230 silly audit   'ansi-regex': [ '5.0.1', '6.3.0' ],
3230 silly audit   'style-to-object': [ '1.0.14' ],
3230 silly audit   'inline-style-parser': [ '0.2.7' ],
3230 silly audit   'client-only': [ '0.0.1' ],
3230 silly audit   'is-number': [ '7.0.0' ],
3230 silly audit   '@ts-morph/common': [ '0.27.0' ],
3230 silly audit   'code-block-writer': [ '13.0.3' ],
3230 silly audit   minimatch: [ '10.2.6' ],
3230 silly audit   'path-browserify': [ '1.0.1' ],
3230 silly audit   'brace-expansion': [ '5.0.9' ],
3230 silly audit   'balanced-match': [ '4.0.4' ],
3230 silly audit   minimist: [ '1.2.8' ],
3230 silly audit   'strip-bom': [ '3.0.0' ],
3230 silly audit   'media-typer': [ '1.1.1' ],
3230 silly audit   bail: [ '2.0.2' ],
3230 silly audit   extend: [ '3.0.2' ],
3230 silly audit   trough: [ '2.2.0' ],
3230 silly audit   escalade: [ '3.2.0' ],
3230 silly audit   yaml: [ '2.9.0' ],
3230 silly audit   isexe: [ '3.1.5', '2.0.0' ],
3230 silly audit   'is-wsl': [ '3.1.1', '2.2.0' ],
3230 silly audit   'merge-stream': [ '2.0.0' ],
3230 silly audit   'mimic-function': [ '5.0.1' ],
3230 silly audit   '@tailwindcss/oxide-wasm32-wasi': [ '4.3.3' ]
3230 silly audit }
3231 verbose reify failed optional dependency C:\Users\alfon\Desktop\LF SITE\node_modules\@img\sharp-win32-ia32
3232 silly reify mark deleted [
3232 silly reify   'C:\\Users\\alfon\\Desktop\\LF SITE\\node_modules\\@img\\sharp-win32-ia32'
3232 silly reify ]
3233 verbose reify failed optional dependency C:\Users\alfon\Desktop\LF SITE\node_modules\@img\sharp-win32-arm64
3234 silly reify mark deleted [
3234 silly reify   'C:\\Users\\alfon\\Desktop\\LF SITE\\node_modules\\@img\\sharp-win32-arm64'
3234 silly reify ]
3235 verbose reify failed optional dependency C:\Users\alfon\Desktop\LF SITE\node_modules\@img\sharp-webcontainers-wasm32
3236 silly reify mark deleted [
3236 silly reify   'C:\\Users\\alfon\\Desktop\\LF SITE\\node_modules\\@img\\sharp-webcontainers-wasm32'
3236 silly reify ]
3237 verbose reify failed optional dependency C:\Users\alfon\Desktop\LF SITE\node_modules\@img\sharp-linuxmusl-x64
3238 silly reify mark deleted [
3238 silly reify   'C:\\Users\\alfon\\Desktop\\LF SITE\\node_modules\\@img\\sharp-linuxmusl-x64'
3238 silly reify ]
3239 verbose reify failed optional dependency C:\Users\alfon\Desktop\LF SITE\node_modules\@img\sharp-linuxmusl-arm64
3240 silly reify mark deleted [
3240 silly reify   'C:\\Users\\alfon\\Desktop\\LF SITE\\node_modules\\@img\\sharp-linuxmusl-arm64'
3240 silly reify ]
3241 verbose reify failed optional dependency C:\Users\alfon\Desktop\LF SITE\node_modules\@img\sharp-linux-x64
3242 silly reify mark deleted [
3242 silly reify   'C:\\Users\\alfon\\Desktop\\LF SITE\\node_modules\\@img\\sharp-linux-x64'
3242 silly reify ]
3243 verbose reify failed optional dependency C:\Users\alfon\Desktop\LF SITE\node_modules\@img\sharp-linux-s390x
3244 silly reify mark deleted [
3244 silly reify   'C:\\Users\\alfon\\Desktop\\LF SITE\\node_modules\\@img\\sharp-linux-s390x'
3244 silly reify ]
3245 verbose reify failed optional dependency C:\Users\alfon\Desktop\LF SITE\node_modules\@img\sharp-linux-riscv64
3246 silly reify mark deleted [
3246 silly reify   'C:\\Users\\alfon\\Desktop\\LF SITE\\node_modules\\@img\\sharp-linux-riscv64'
3246 silly reify ]
3247 verbose reify failed optional dependency C:\Users\alfon\Desktop\LF SITE\node_modules\@img\sharp-linux-ppc64
3248 silly reify mark deleted [
3248 silly reify   'C:\\Users\\alfon\\Desktop\\LF SITE\\node_modules\\@img\\sharp-linux-ppc64'
3248 silly reify ]
3249 verbose reify failed optional dependency C:\Users\alfon\Desktop\LF SITE\node_modules\@img\sharp-linux-arm64
3250 silly reify mark deleted [
3250 silly reify   'C:\\Users\\alfon\\Desktop\\LF SITE\\node_modules\\@img\\sharp-linux-arm64'
3250 silly reify ]
3251 verbose reify failed optional dependency C:\Users\alfon\Desktop\LF SITE\node_modules\@img\sharp-linux-arm
3252 silly reify mark deleted [
3252 silly reify   'C:\\Users\\alfon\\Desktop\\LF SITE\\node_modules\\@img\\sharp-linux-arm'
3252 silly reify ]
3253 verbose reify failed optional dependency C:\Users\alfon\Desktop\LF SITE\node_modules\@img\sharp-libvips-linuxmusl-x64
3254 silly reify mark deleted [
3254 silly reify   'C:\\Users\\alfon\\Desktop\\LF SITE\\node_modules\\@img\\sharp-libvips-linuxmusl-x64'
3254 silly reify ]
3255 verbose reify failed optional dependency C:\Users\alfon\Desktop\LF SITE\node_modules\@img\sharp-libvips-linuxmusl-arm64
3256 silly reify mark deleted [
3256 silly reify   'C:\\Users\\alfon\\Desktop\\LF SITE\\node_modules\\@img\\sharp-libvips-linuxmusl-arm64'
3256 silly reify ]
3257 verbose reify failed optional dependency C:\Users\alfon\Desktop\LF SITE\node_modules\@img\sharp-libvips-linux-x64
3258 silly reify mark deleted [
3258 silly reify   'C:\\Users\\alfon\\Desktop\\LF SITE\\node_modules\\@img\\sharp-libvips-linux-x64'
3258 silly reify ]
3259 verbose reify failed optional dependency C:\Users\alfon\Desktop\LF SITE\node_modules\@img\sharp-libvips-linux-s390x
3260 silly reify mark deleted [
3260 silly reify   'C:\\Users\\alfon\\Desktop\\LF SITE\\node_modules\\@img\\sharp-libvips-linux-s390x'
3260 silly reify ]
3261 verbose reify failed optional dependency C:\Users\alfon\Desktop\LF SITE\node_modules\@img\sharp-libvips-linux-riscv64
3262 silly reify mark deleted [
3262 silly reify   'C:\\Users\\alfon\\Desktop\\LF SITE\\node_modules\\@img\\sharp-libvips-linux-riscv64'
3262 silly reify ]
3263 verbose reify failed optional dependency C:\Users\alfon\Desktop\LF SITE\node_modules\@img\sharp-libvips-linux-ppc64
3264 silly reify mark deleted [
3264 silly reify   'C:\\Users\\alfon\\Desktop\\LF SITE\\node_modules\\@img\\sharp-libvips-linux-ppc64'
3264 silly reify ]
3265 verbose reify failed optional dependency C:\Users\alfon\Desktop\LF SITE\node_modules\@img\sharp-libvips-linux-arm64
3266 silly reify mark deleted [
3266 silly reify   'C:\\Users\\alfon\\Desktop\\LF SITE\\node_modules\\@img\\sharp-libvips-linux-arm64'
3266 silly reify ]
3267 verbose reify failed optional dependency C:\Users\alfon\Desktop\LF SITE\node_modules\@img\sharp-libvips-linux-arm
3268 silly reify mark deleted [
3268 silly reify   'C:\\Users\\alfon\\Desktop\\LF SITE\\node_modules\\@img\\sharp-libvips-linux-arm'
3268 silly reify ]
3269 verbose reify failed optional dependency C:\Users\alfon\Desktop\LF SITE\node_modules\@img\sharp-libvips-darwin-x64
3270 silly reify mark deleted [
3270 silly reify   'C:\\Users\\alfon\\Desktop\\LF SITE\\node_modules\\@img\\sharp-libvips-darwin-x64'
3270 silly reify ]
3271 verbose reify failed optional dependency C:\Users\alfon\Desktop\LF SITE\node_modules\@img\sharp-libvips-darwin-arm64
3272 silly reify mark deleted [
3272 silly reify   'C:\\Users\\alfon\\Desktop\\LF SITE\\node_modules\\@img\\sharp-libvips-darwin-arm64'
3272 silly reify ]
3273 verbose reify failed optional dependency C:\Users\alfon\Desktop\LF SITE\node_modules\@img\sharp-freebsd-wasm32
3274 silly reify mark deleted [
3274 silly reify   'C:\\Users\\alfon\\Desktop\\LF SITE\\node_modules\\@img\\sharp-freebsd-wasm32'
3274 silly reify ]
3275 verbose reify failed optional dependency C:\Users\alfon\Desktop\LF SITE\node_modules\@img\sharp-darwin-x64
3276 silly reify mark deleted [
3276 silly reify   'C:\\Users\\alfon\\Desktop\\LF SITE\\node_modules\\@img\\sharp-darwin-x64'
3276 silly reify ]
3277 verbose reify failed optional dependency C:\Users\alfon\Desktop\LF SITE\node_modules\@img\sharp-darwin-arm64
3278 silly reify mark deleted [
3278 silly reify   'C:\\Users\\alfon\\Desktop\\LF SITE\\node_modules\\@img\\sharp-darwin-arm64'
3278 silly reify ]
3279 verbose reify failed optional dependency C:\Users\alfon\Desktop\LF SITE\node_modules\@next\swc-win32-arm64-msvc
3280 silly reify mark deleted [
3280 silly reify   'C:\\Users\\alfon\\Desktop\\LF SITE\\node_modules\\@next\\swc-win32-arm64-msvc'
3280 silly reify ]
3281 verbose reify failed optional dependency C:\Users\alfon\Desktop\LF SITE\node_modules\@next\swc-linux-x64-musl
3282 silly reify mark deleted [
3282 silly reify   'C:\\Users\\alfon\\Desktop\\LF SITE\\node_modules\\@next\\swc-linux-x64-musl'
3282 silly reify ]
3283 verbose reify failed optional dependency C:\Users\alfon\Desktop\LF SITE\node_modules\@next\swc-linux-x64-gnu
3284 silly reify mark deleted [
3284 silly reify   'C:\\Users\\alfon\\Desktop\\LF SITE\\node_modules\\@next\\swc-linux-x64-gnu'
3284 silly reify ]
3285 verbose reify failed optional dependency C:\Users\alfon\Desktop\LF SITE\node_modules\@next\swc-linux-arm64-musl
3286 silly reify mark deleted [
3286 silly reify   'C:\\Users\\alfon\\Desktop\\LF SITE\\node_modules\\@next\\swc-linux-arm64-musl'
3286 silly reify ]
3287 verbose reify failed optional dependency C:\Users\alfon\Desktop\LF SITE\node_modules\@next\swc-linux-arm64-gnu
3288 silly reify mark deleted [
3288 silly reify   'C:\\Users\\alfon\\Desktop\\LF SITE\\node_modules\\@next\\swc-linux-arm64-gnu'
3288 silly reify ]
3289 verbose reify failed optional dependency C:\Users\alfon\Desktop\LF SITE\node_modules\@next\swc-darwin-x64
3290 silly reify mark deleted [
3290 silly reify   'C:\\Users\\alfon\\Desktop\\LF SITE\\node_modules\\@next\\swc-darwin-x64'
3290 silly reify ]
3291 verbose reify failed optional dependency C:\Users\alfon\Desktop\LF SITE\node_modules\@next\swc-darwin-arm64
3292 silly reify mark deleted [
3292 silly reify   'C:\\Users\\alfon\\Desktop\\LF SITE\\node_modules\\@next\\swc-darwin-arm64'
3292 silly reify ]
3293 verbose reify failed optional dependency C:\Users\alfon\Desktop\LF SITE\node_modules\lightningcss-win32-arm64-msvc
3294 silly reify mark deleted [
3294 silly reify   'C:\\Users\\alfon\\Desktop\\LF SITE\\node_modules\\lightningcss-win32-arm64-msvc'
3294 silly reify ]
3295 verbose reify failed optional dependency C:\Users\alfon\Desktop\LF SITE\node_modules\lightningcss-linux-x64-musl
3296 silly reify mark deleted [
3296 silly reify   'C:\\Users\\alfon\\Desktop\\LF SITE\\node_modules\\lightningcss-linux-x64-musl'
3296 silly reify ]
3297 verbose reify failed optional dependency C:\Users\alfon\Desktop\LF SITE\node_modules\lightningcss-linux-x64-gnu
3298 silly reify mark deleted [
3298 silly reify   'C:\\Users\\alfon\\Desktop\\LF SITE\\node_modules\\lightningcss-linux-x64-gnu'
3298 silly reify ]
3299 verbose reify failed optional dependency C:\Users\alfon\Desktop\LF SITE\node_modules\lightningcss-linux-arm64-musl
3300 silly reify mark deleted [
3300 silly reify   'C:\\Users\\alfon\\Desktop\\LF SITE\\node_modules\\lightningcss-linux-arm64-musl'
3300 silly reify ]
3301 verbose reify failed optional dependency C:\Users\alfon\Desktop\LF SITE\node_modules\lightningcss-linux-arm64-gnu
3302 silly reify mark deleted [
3302 silly reify   'C:\\Users\\alfon\\Desktop\\LF SITE\\node_modules\\lightningcss-linux-arm64-gnu'
3302 silly reify ]
3303 verbose reify failed optional dependency C:\Users\alfon\Desktop\LF SITE\node_modules\lightningcss-linux-arm-gnueabihf
3304 silly reify mark deleted [
3304 silly reify   'C:\\Users\\alfon\\Desktop\\LF SITE\\node_modules\\lightningcss-linux-arm-gnueabihf'
3304 silly reify ]
3305 verbose reify failed optional dependency C:\Users\alfon\Desktop\LF SITE\node_modules\lightningcss-freebsd-x64
3306 silly reify mark deleted [
3306 silly reify   'C:\\Users\\alfon\\Desktop\\LF SITE\\node_modules\\lightningcss-freebsd-x64'
3306 silly reify ]
3307 verbose reify failed optional dependency C:\Users\alfon\Desktop\LF SITE\node_modules\lightningcss-darwin-x64
3308 silly reify mark deleted [
3308 silly reify   'C:\\Users\\alfon\\Desktop\\LF SITE\\node_modules\\lightningcss-darwin-x64'
3308 silly reify ]
3309 verbose reify failed optional dependency C:\Users\alfon\Desktop\LF SITE\node_modules\lightningcss-darwin-arm64
3310 silly reify mark deleted [
3310 silly reify   'C:\\Users\\alfon\\Desktop\\LF SITE\\node_modules\\lightningcss-darwin-arm64'
3310 silly reify ]
3311 verbose reify failed optional dependency C:\Users\alfon\Desktop\LF SITE\node_modules\lightningcss-android-arm64
3312 silly reify mark deleted [
3312 silly reify   'C:\\Users\\alfon\\Desktop\\LF SITE\\node_modules\\lightningcss-android-arm64'
3312 silly reify ]
3313 verbose reify failed optional dependency C:\Users\alfon\Desktop\LF SITE\node_modules\@tailwindcss\oxide-win32-arm64-msvc
3314 silly reify mark deleted [
3314 silly reify   'C:\\Users\\alfon\\Desktop\\LF SITE\\node_modules\\@tailwindcss\\oxide-win32-arm64-msvc'
3314 silly reify ]
3315 verbose reify failed optional dependency C:\Users\alfon\Desktop\LF SITE\node_modules\@tailwindcss\oxide-linux-x64-musl
3316 silly reify mark deleted [
3316 silly reify   'C:\\Users\\alfon\\Desktop\\LF SITE\\node_modules\\@tailwindcss\\oxide-linux-x64-musl'
3316 silly reify ]
3317 verbose reify failed optional dependency C:\Users\alfon\Desktop\LF SITE\node_modules\@tailwindcss\oxide-linux-x64-gnu
3318 silly reify mark deleted [
3318 silly reify   'C:\\Users\\alfon\\Desktop\\LF SITE\\node_modules\\@tailwindcss\\oxide-linux-x64-gnu'
3318 silly reify ]
3319 verbose reify failed optional dependency C:\Users\alfon\Desktop\LF SITE\node_modules\@tailwindcss\oxide-linux-arm64-musl
3320 silly reify mark deleted [
3320 silly reify   'C:\\Users\\alfon\\Desktop\\LF SITE\\node_modules\\@tailwindcss\\oxide-linux-arm64-musl'
3320 silly reify ]
3321 verbose reify failed optional dependency C:\Users\alfon\Desktop\LF SITE\node_modules\@tailwindcss\oxide-linux-arm64-gnu
3322 silly reify mark deleted [
3322 silly reify   'C:\\Users\\alfon\\Desktop\\LF SITE\\node_modules\\@tailwindcss\\oxide-linux-arm64-gnu'
3322 silly reify ]
3323 verbose reify failed optional dependency C:\Users\alfon\Desktop\LF SITE\node_modules\@tailwindcss\oxide-linux-arm-gnueabihf
3324 silly reify mark deleted [
3324 silly reify   'C:\\Users\\alfon\\Desktop\\LF SITE\\node_modules\\@tailwindcss\\oxide-linux-arm-gnueabihf'
3324 silly reify ]
3325 verbose reify failed optional dependency C:\Users\alfon\Desktop\LF SITE\node_modules\@tailwindcss\oxide-freebsd-x64
3326 silly reify mark deleted [
3326 silly reify   'C:\\Users\\alfon\\Desktop\\LF SITE\\node_modules\\@tailwindcss\\oxide-freebsd-x64'
3326 silly reify ]
3327 verbose reify failed optional dependency C:\Users\alfon\Desktop\LF SITE\node_modules\@tailwindcss\oxide-darwin-x64
3328 silly reify mark deleted [
3328 silly reify   'C:\\Users\\alfon\\Desktop\\LF SITE\\node_modules\\@tailwindcss\\oxide-darwin-x64'
3328 silly reify ]
3329 verbose reify failed optional dependency C:\Users\alfon\Desktop\LF SITE\node_modules\@tailwindcss\oxide-darwin-arm64
3330 silly reify mark deleted [
3330 silly reify   'C:\\Users\\alfon\\Desktop\\LF SITE\\node_modules\\@tailwindcss\\oxide-darwin-arm64'
3330 silly reify ]
3331 verbose reify failed optional dependency C:\Users\alfon\Desktop\LF SITE\node_modules\@tailwindcss\oxide-android-arm64
3332 silly reify mark deleted [
3332 silly reify   'C:\\Users\\alfon\\Desktop\\LF SITE\\node_modules\\@tailwindcss\\oxide-android-arm64'
3332 silly reify ]
3333 silly tarball no local data for mimic-function@https://registry.npmjs.org/mimic-function/-/mimic-function-5.0.1.tgz. Extracting by manifest.
3334 silly tarball no local data for merge-stream@https://registry.npmjs.org/merge-stream/-/merge-stream-2.0.0.tgz. Extracting by manifest.
3335 silly tarball no local data for yaml@https://registry.npmjs.org/yaml/-/yaml-2.9.0.tgz. Extracting by manifest.
3336 silly tarball no local data for is-wsl@https://registry.npmjs.org/is-wsl/-/is-wsl-3.1.1.tgz. Extracting by manifest.
3337 silly tarball no local data for escalade@https://registry.npmjs.org/escalade/-/escalade-3.2.0.tgz. Extracting by manifest.
3338 silly tarball no local data for trough@https://registry.npmjs.org/trough/-/trough-2.2.0.tgz. Extracting by manifest.
3339 silly tarball no local data for extend@https://registry.npmjs.org/extend/-/extend-3.0.2.tgz. Extracting by manifest.
3340 silly tarball no local data for bail@https://registry.npmjs.org/bail/-/bail-2.0.2.tgz. Extracting by manifest.
3341 silly tarball no local data for media-typer@https://registry.npmjs.org/media-typer/-/media-typer-1.1.1.tgz. Extracting by manifest.
3342 silly tarball no local data for balanced-match@https://registry.npmjs.org/balanced-match/-/balanced-match-4.0.4.tgz. Extracting by manifest.
3343 silly tarball no local data for strip-bom@https://registry.npmjs.org/strip-bom/-/strip-bom-3.0.0.tgz. Extracting by manifest.
3344 silly tarball no local data for @ts-morph/common@https://registry.npmjs.org/@ts-morph/common/-/common-0.27.0.tgz. Extracting by manifest.
3345 silly tarball no local data for minimist@https://registry.npmjs.org/minimist/-/minimist-1.2.8.tgz. Extracting by manifest.
3346 silly tarball no local data for minimatch@https://registry.npmjs.org/minimatch/-/minimatch-10.2.6.tgz. Extracting by manifest.
3347 silly tarball no local data for brace-expansion@https://registry.npmjs.org/brace-expansion/-/brace-expansion-5.0.9.tgz. Extracting by manifest.
3348 silly tarball no local data for path-browserify@https://registry.npmjs.org/path-browserify/-/path-browserify-1.0.1.tgz. Extracting by manifest.
3349 silly tarball no local data for isexe@https://registry.npmjs.org/isexe/-/isexe-3.1.5.tgz. Extracting by manifest.
3350 silly tarball no local data for is-number@https://registry.npmjs.org/is-number/-/is-number-7.0.0.tgz. Extracting by manifest.
3351 silly tarball no local data for client-only@https://registry.npmjs.org/client-only/-/client-only-0.0.1.tgz. Extracting by manifest.
3352 silly tarball no local data for code-block-writer@https://registry.npmjs.org/code-block-writer/-/code-block-writer-13.0.3.tgz. Extracting by manifest.
3353 silly tarball no local data for is-regexp@https://registry.npmjs.org/is-regexp/-/is-regexp-3.1.0.tgz. Extracting by manifest.
3354 silly tarball no local data for inline-style-parser@https://registry.npmjs.org/inline-style-parser/-/inline-style-parser-0.2.7.tgz. Extracting by manifest.
3355 silly tarball no local data for ansi-regex@https://registry.npmjs.org/ansi-regex/-/ansi-regex-5.0.1.tgz. Extracting by manifest.
3356 silly tarball no local data for style-to-object@https://registry.npmjs.org/style-to-object/-/style-to-object-1.0.14.tgz. Extracting by manifest.
3357 silly tarball no local data for get-east-asian-width@https://registry.npmjs.org/get-east-asian-width/-/get-east-asian-width-1.6.0.tgz. Extracting by manifest.
3358 silly tarball no local data for character-entities-html4@https://registry.npmjs.org/character-entities-html4/-/character-entities-html4-2.1.0.tgz. Extracting by manifest.
3359 silly tarball no local data for dunder-proto@https://registry.npmjs.org/dunder-proto/-/dunder-proto-1.0.1.tgz. Extracting by manifest.
3360 silly tarball no local data for smart-buffer@https://registry.npmjs.org/smart-buffer/-/smart-buffer-4.2.0.tgz. Extracting by manifest.
3361 silly tarball no local data for emoji-regex@https://registry.npmjs.org/emoji-regex/-/emoji-regex-10.6.0.tgz. Extracting by manifest.
3362 silly tarball no local data for get-own-enumerable-keys@https://registry.npmjs.org/get-own-enumerable-keys/-/get-own-enumerable-keys-1.0.0.tgz. Extracting by manifest.
3363 silly tarball no local data for hasown@https://registry.npmjs.org/hasown/-/hasown-2.0.4.tgz. Extracting by manifest.
3364 silly tarball no local data for gopd@https://registry.npmjs.org/gopd/-/gopd-1.2.0.tgz. Extracting by manifest.
3365 silly tarball no local data for es-object-atoms@https://registry.npmjs.org/es-object-atoms/-/es-object-atoms-1.1.2.tgz. Extracting by manifest.
3366 silly tarball no local data for call-bind-apply-helpers@https://registry.npmjs.org/call-bind-apply-helpers/-/call-bind-apply-helpers-1.0.2.tgz. Extracting by manifest.
3367 silly tarball no local data for math-intrinsics@https://registry.npmjs.org/math-intrinsics/-/math-intrinsics-1.1.0.tgz. Extracting by manifest.
3368 silly tarball no local data for function-bind@https://registry.npmjs.org/function-bind/-/function-bind-1.1.2.tgz. Extracting by manifest.
3369 silly tarball no local data for get-intrinsic@https://registry.npmjs.org/get-intrinsic/-/get-intrinsic-1.3.0.tgz. Extracting by manifest.
3370 silly tarball no local data for call-bound@https://registry.npmjs.org/call-bound/-/call-bound-1.0.4.tgz. Extracting by manifest.
3371 silly tarball no local data for side-channel-weakmap@https://registry.npmjs.org/side-channel-weakmap/-/side-channel-weakmap-1.0.2.tgz. Extracting by manifest.
3372 silly tarball no local data for side-channel-map@https://registry.npmjs.org/side-channel-map/-/side-channel-map-1.0.1.tgz. Extracting by manifest.
3373 silly tarball no local data for get-proto@https://registry.npmjs.org/get-proto/-/get-proto-1.0.1.tgz. Extracting by manifest.
3374 silly tarball no local data for has-symbols@https://registry.npmjs.org/has-symbols/-/has-symbols-1.1.0.tgz. Extracting by manifest.
3375 silly tarball no local data for object-inspect@https://registry.npmjs.org/object-inspect/-/object-inspect-1.13.4.tgz. Extracting by manifest.
3376 silly tarball no local data for @img/colour@https://registry.npmjs.org/@img/colour/-/colour-1.1.0.tgz. Extracting by manifest.
3377 silly tarball no local data for es-errors@https://registry.npmjs.org/es-errors/-/es-errors-1.3.0.tgz. Extracting by manifest.
3378 silly tarball no local data for @img/sharp-wasm32@https://registry.npmjs.org/@img/sharp-wasm32/-/sharp-wasm32-0.35.4.tgz. Extracting by manifest.
3379 silly tarball no local data for shebang-regex@https://registry.npmjs.org/shebang-regex/-/shebang-regex-3.0.0.tgz. Extracting by manifest.
3380 silly tarball no local data for @img/sharp-win32-x64@https://registry.npmjs.org/@img/sharp-win32-x64/-/sharp-win32-x64-0.35.4.tgz. Extracting by manifest.
3381 silly tarball no local data for queue-microtask@https://registry.npmjs.org/queue-microtask/-/queue-microtask-1.2.3.tgz. Extracting by manifest.
3382 silly tarball no local data for path-to-regexp@https://registry.npmjs.org/path-to-regexp/-/path-to-regexp-8.4.2.tgz. Extracting by manifest.
3383 silly tarball no local data for is-promise@https://registry.npmjs.org/is-promise/-/is-promise-4.0.0.tgz. Extracting by manifest.
3384 silly tarball no local data for tiny-invariant@https://registry.npmjs.org/tiny-invariant/-/tiny-invariant-1.3.3.tgz. Extracting by manifest.
3385 silly tarball no local data for unpipe@https://registry.npmjs.org/unpipe/-/unpipe-1.0.0.tgz. Extracting by manifest.
3386 silly tarball no local data for @emnapi/runtime@https://registry.npmjs.org/@emnapi/runtime/-/runtime-1.11.3.tgz. Extracting by manifest.
3387 silly tarball no local data for side-channel-list@https://registry.npmjs.org/side-channel-list/-/side-channel-list-1.0.1.tgz. Extracting by manifest.
3388 silly tarball no local data for side-channel@https://registry.npmjs.org/side-channel/-/side-channel-1.1.1.tgz. Extracting by manifest.
3389 silly tarball no local data for ast-types@https://registry.npmjs.org/ast-types/-/ast-types-0.16.3.tgz. Extracting by manifest.
3390 silly tarball no local data for forwarded@https://registry.npmjs.org/forwarded/-/forwarded-0.2.0.tgz. Extracting by manifest.
3391 silly tarball no local data for sisteransi@https://registry.npmjs.org/sisteransi/-/sisteransi-1.0.5.tgz. Extracting by manifest.
3392 silly tarball no local data for parse-ms@https://registry.npmjs.org/parse-ms/-/parse-ms-4.0.0.tgz. Extracting by manifest.
3393 silly tarball no local data for es-define-property@https://registry.npmjs.org/es-define-property/-/es-define-property-1.0.1.tgz. Extracting by manifest.
3394 silly tarball no local data for cssesc@https://registry.npmjs.org/cssesc/-/cssesc-3.0.0.tgz. Extracting by manifest.
3395 silly tarball no local data for util-deprecate@https://registry.npmjs.org/util-deprecate/-/util-deprecate-1.0.2.tgz. Extracting by manifest.
3396 silly tarball no local data for p-try@https://registry.npmjs.org/p-try/-/p-try-2.2.0.tgz. Extracting by manifest.
3397 silly tarball no local data for ipaddr.js@https://registry.npmjs.org/ipaddr.js/-/ipaddr.js-1.9.1.tgz. Extracting by manifest.
3398 silly tarball no local data for p-limit@https://registry.npmjs.org/p-limit/-/p-limit-2.3.0.tgz. Extracting by manifest.
3399 silly tarball no local data for path-exists@https://registry.npmjs.org/path-exists/-/path-exists-3.0.0.tgz. Extracting by manifest.
3400 silly tarball no local data for p-locate@https://registry.npmjs.org/p-locate/-/p-locate-3.0.0.tgz. Extracting by manifest.
3401 silly tarball no local data for find-up@https://registry.npmjs.org/find-up/-/find-up-3.0.0.tgz. Extracting by manifest.
3402 silly tarball no local data for is-arrayish@https://registry.npmjs.org/is-arrayish/-/is-arrayish-0.2.1.tgz. Extracting by manifest.
3403 silly tarball no local data for error-ex@https://registry.npmjs.org/error-ex/-/error-ex-1.3.4.tgz. Extracting by manifest.
3404 silly tarball no local data for json-parse-even-better-errors@https://registry.npmjs.org/json-parse-even-better-errors/-/json-parse-even-better-errors-2.3.1.tgz. Extracting by manifest.
3405 silly tarball no local data for locate-path@https://registry.npmjs.org/locate-path/-/locate-path-3.0.0.tgz. Extracting by manifest.
3406 silly tarball no local data for lines-and-columns@https://registry.npmjs.org/lines-and-columns/-/lines-and-columns-1.2.4.tgz. Extracting by manifest.
3407 silly tarball no local data for restore-cursor@https://registry.npmjs.org/restore-cursor/-/restore-cursor-5.1.0.tgz. Extracting by manifest.
3408 silly tarball no local data for stdin-discarder@https://registry.npmjs.org/stdin-discarder/-/stdin-discarder-0.2.2.tgz. Extracting by manifest.
3409 silly tarball no local data for string-width@https://registry.npmjs.org/string-width/-/string-width-7.2.0.tgz. Extracting by manifest.
3410 silly tarball no local data for callsites@https://registry.npmjs.org/callsites/-/callsites-3.1.0.tgz. Extracting by manifest.
3411 silly tarball no local data for log-symbols@https://registry.npmjs.org/log-symbols/-/log-symbols-6.0.0.tgz. Extracting by manifest.
3412 silly tarball no local data for is-interactive@https://registry.npmjs.org/is-interactive/-/is-interactive-2.0.0.tgz. Extracting by manifest.
3413 silly tarball no local data for cli-spinners@https://registry.npmjs.org/cli-spinners/-/cli-spinners-2.9.2.tgz. Extracting by manifest.
3414 silly tarball no local data for chalk@https://registry.npmjs.org/chalk/-/chalk-5.6.2.tgz. Extracting by manifest.
3415 silly tarball no local data for run-applescript@https://registry.npmjs.org/run-applescript/-/run-applescript-7.1.0.tgz. Extracting by manifest.
3416 silly tarball no local data for is-docker@https://registry.npmjs.org/is-docker/-/is-docker-3.0.0.tgz. Extracting by manifest.
3417 silly tarball no local data for default-browser-id@https://registry.npmjs.org/default-browser-id/-/default-browser-id-5.0.1.tgz. Extracting by manifest.
3418 silly tarball no local data for wsl-utils@https://registry.npmjs.org/wsl-utils/-/wsl-utils-1.0.0.tgz. Extracting by manifest.
3419 silly tarball no local data for define-lazy-prop@https://registry.npmjs.org/define-lazy-prop/-/define-lazy-prop-3.0.0.tgz. Extracting by manifest.
3420 silly tarball no local data for bundle-name@https://registry.npmjs.org/bundle-name/-/bundle-name-4.1.0.tgz. Extracting by manifest.
3421 silly tarball no local data for cli-cursor@https://registry.npmjs.org/cli-cursor/-/cli-cursor-5.0.0.tgz. Extracting by manifest.
3422 silly tarball no local data for default-browser@https://registry.npmjs.org/default-browser/-/default-browser-5.5.1.tgz. Extracting by manifest.
3423 silly tarball no local data for is-inside-container@https://registry.npmjs.org/is-inside-container/-/is-inside-container-1.0.0.tgz. Extracting by manifest.
3424 silly tarball no local data for wrappy@https://registry.npmjs.org/wrappy/-/wrappy-1.0.2.tgz. Extracting by manifest.
3425 silly tarball no local data for unicorn-magic@https://registry.npmjs.org/unicorn-magic/-/unicorn-magic-0.3.0.tgz. Extracting by manifest.
3426 silly tarball no local data for ee-first@https://registry.npmjs.org/ee-first/-/ee-first-1.1.1.tgz. Extracting by manifest.
3427 silly tarball no local data for is-in-ssh@https://registry.npmjs.org/is-in-ssh/-/is-in-ssh-1.0.0.tgz. Extracting by manifest.
3428 silly tarball no local data for mime-db@https://registry.npmjs.org/mime-db/-/mime-db-1.54.0.tgz. Extracting by manifest.
3429 silly tarball no local data for yallist@https://registry.npmjs.org/yallist/-/yallist-3.1.1.tgz. Extracting by manifest.
3430 silly tarball no local data for braces@https://registry.npmjs.org/braces/-/braces-3.0.3.tgz. Extracting by manifest.
3431 silly tarball no local data for powershell-utils@https://registry.npmjs.org/powershell-utils/-/powershell-utils-0.2.1.tgz. Extracting by manifest.
3432 silly tarball no local data for resolve-from@https://registry.npmjs.org/resolve-from/-/resolve-from-4.0.0.tgz. Extracting by manifest.
3433 silly tarball no local data for is-extglob@https://registry.npmjs.org/is-extglob/-/is-extglob-2.1.1.tgz. Extracting by manifest.
3434 silly tarball no local data for to-regex-range@https://registry.npmjs.org/to-regex-range/-/to-regex-range-5.0.1.tgz. Extracting by manifest.
3435 silly tarball no local data for fill-range@https://registry.npmjs.org/fill-range/-/fill-range-7.1.1.tgz. Extracting by manifest.
3436 silly tarball no local data for setprototypeof@https://registry.npmjs.org/setprototypeof/-/setprototypeof-1.2.0.tgz. Extracting by manifest.
3437 silly tarball no local data for safer-buffer@https://registry.npmjs.org/safer-buffer/-/safer-buffer-2.1.2.tgz. Extracting by manifest.
3438 silly tarball no local data for parent-module@https://registry.npmjs.org/parent-module/-/parent-module-1.0.1.tgz. Extracting by manifest.
3439 silly tarball no local data for toidentifier@https://registry.npmjs.org/toidentifier/-/toidentifier-1.0.1.tgz. Extracting by manifest.
3440 silly tarball no local data for inherits@https://registry.npmjs.org/inherits/-/inherits-2.0.4.tgz. Extracting by manifest.
3441 silly tarball no local data for @sec-ant/readable-stream@https://registry.npmjs.org/@sec-ant/readable-stream/-/readable-stream-0.4.1.tgz. Extracting by manifest.
3442 silly tarball no local data for is-glob@https://registry.npmjs.org/is-glob/-/is-glob-4.0.3.tgz. Extracting by manifest.
3443 silly tarball no local data for universalify@https://registry.npmjs.org/universalify/-/universalify-2.0.1.tgz. Extracting by manifest.
3444 silly tarball no local data for jsonfile@https://registry.npmjs.org/jsonfile/-/jsonfile-6.2.1.tgz. Extracting by manifest.
3445 silly tarball no local data for is-unicode-supported@https://registry.npmjs.org/is-unicode-supported/-/is-unicode-supported-2.1.0.tgz. Extracting by manifest.
3446 silly tarball no local data for run-parallel@https://registry.npmjs.org/run-parallel/-/run-parallel-1.2.0.tgz. Extracting by manifest.
3447 silly tarball no local data for @nodelib/fs.scandir@https://registry.npmjs.org/@nodelib/fs.scandir/-/fs.scandir-2.1.5.tgz. Extracting by manifest.
3448 silly tarball no local data for fastq@https://registry.npmjs.org/fastq/-/fastq-1.20.3.tgz. Extracting by manifest.
3449 silly tarball no local data for reusify@https://registry.npmjs.org/reusify/-/reusify-1.1.0.tgz. Extracting by manifest.
3450 silly tarball no local data for micromatch@https://registry.npmjs.org/micromatch/-/micromatch-4.0.8.tgz. Extracting by manifest.
3451 silly tarball no local data for glob-parent@https://registry.npmjs.org/glob-parent/-/glob-parent-5.1.2.tgz. Extracting by manifest.
3452 silly tarball no local data for merge2@https://registry.npmjs.org/merge2/-/merge2-1.4.1.tgz. Extracting by manifest.
3453 silly tarball no local data for ip-address@https://registry.npmjs.org/ip-address/-/ip-address-10.7.0.tgz. Extracting by manifest.
3454 silly tarball no local data for @nodelib/fs.walk@https://registry.npmjs.org/@nodelib/fs.walk/-/fs.walk-1.2.8.tgz. Extracting by manifest.
3455 silly tarball no local data for iconv-lite@https://registry.npmjs.org/iconv-lite/-/iconv-lite-0.7.3.tgz. Extracting by manifest.
3456 silly tarball no local data for @nodelib/fs.stat@https://registry.npmjs.org/@nodelib/fs.stat/-/fs.stat-2.0.5.tgz. Extracting by manifest.
3457 silly tarball no local data for type-is@https://registry.npmjs.org/type-is/-/type-is-2.1.0.tgz. Extracting by manifest.
3458 silly tarball no local data for bytes@https://registry.npmjs.org/bytes/-/bytes-3.1.2.tgz. Extracting by manifest.
3459 silly tarball no local data for negotiator@https://registry.npmjs.org/negotiator/-/negotiator-1.1.0.tgz. Extracting by manifest.
3460 silly tarball no local data for statuses@https://registry.npmjs.org/statuses/-/statuses-2.0.2.tgz. Extracting by manifest.
3461 silly tarball no local data for serve-static@https://registry.npmjs.org/serve-static/-/serve-static-2.2.1.tgz. Extracting by manifest.
3462 silly tarball no local data for send@https://registry.npmjs.org/send/-/send-1.2.1.tgz. Extracting by manifest.
3463 silly tarball no local data for router@https://registry.npmjs.org/router/-/router-2.2.0.tgz. Extracting by manifest.
3464 silly tarball no local data for range-parser@https://registry.npmjs.org/range-parser/-/range-parser-1.3.0.tgz. Extracting by manifest.
3465 silly tarball no local data for parseurl@https://registry.npmjs.org/parseurl/-/parseurl-1.3.3.tgz. Extracting by manifest.
3466 silly tarball no local data for proxy-addr@https://registry.npmjs.org/proxy-addr/-/proxy-addr-2.0.7.tgz. Extracting by manifest.
3467 silly tarball no local data for once@https://registry.npmjs.org/once/-/once-1.4.0.tgz. Extracting by manifest.
3468 silly tarball no local data for qs@https://registry.npmjs.org/qs/-/qs-6.16.0.tgz. Extracting by manifest.
3469 silly tarball no local data for on-finished@https://registry.npmjs.org/on-finished/-/on-finished-2.4.1.tgz. Extracting by manifest.
3470 silly tarball no local data for mime-types@https://registry.npmjs.org/mime-types/-/mime-types-3.0.2.tgz. Extracting by manifest.
3471 silly tarball no local data for merge-descriptors@https://registry.npmjs.org/merge-descriptors/-/merge-descriptors-2.0.0.tgz. Extracting by manifest.
3472 silly tarball no local data for fresh@https://registry.npmjs.org/fresh/-/fresh-2.0.0.tgz. Extracting by manifest.
3473 silly tarball no local data for etag@https://registry.npmjs.org/etag/-/etag-1.8.1.tgz. Extracting by manifest.
3474 silly tarball no local data for http-errors@https://registry.npmjs.org/http-errors/-/http-errors-2.0.1.tgz. Extracting by manifest.
3475 silly tarball no local data for finalhandler@https://registry.npmjs.org/finalhandler/-/finalhandler-2.1.1.tgz. Extracting by manifest.
3476 silly tarball no local data for escape-html@https://registry.npmjs.org/escape-html/-/escape-html-1.0.3.tgz. Extracting by manifest.
3477 silly tarball no local data for cookie-signature@https://registry.npmjs.org/cookie-signature/-/cookie-signature-1.2.2.tgz. Extracting by manifest.
3478 silly tarball no local data for encodeurl@https://registry.npmjs.org/encodeurl/-/encodeurl-2.0.0.tgz. Extracting by manifest.
3479 silly tarball no local data for depd@https://registry.npmjs.org/depd/-/depd-2.0.0.tgz. Extracting by manifest.
3480 silly tarball no local data for cookie@https://registry.npmjs.org/cookie/-/cookie-0.7.2.tgz. Extracting by manifest.
3481 silly tarball no local data for body-parser@https://registry.npmjs.org/body-parser/-/body-parser-2.3.0.tgz. Extracting by manifest.
3482 silly tarball no local data for content-disposition@https://registry.npmjs.org/content-disposition/-/content-disposition-1.1.0.tgz. Extracting by manifest.
3483 silly tarball no local data for yoctocolors@https://registry.npmjs.org/yoctocolors/-/yoctocolors-2.2.0.tgz. Extracting by manifest.
3484 silly tarball no local data for accepts@https://registry.npmjs.org/accepts/-/accepts-2.0.0.tgz. Extracting by manifest.
3485 silly tarball no local data for strip-final-newline@https://registry.npmjs.org/strip-final-newline/-/strip-final-newline-4.0.0.tgz. Extracting by manifest.
3486 silly tarball no local data for pretty-ms@https://registry.npmjs.org/pretty-ms/-/pretty-ms-9.3.1.tgz. Extracting by manifest.
3487 silly tarball no local data for signal-exit@https://registry.npmjs.org/signal-exit/-/signal-exit-4.1.0.tgz. Extracting by manifest.
3488 silly tarball no local data for npm-run-path@https://registry.npmjs.org/npm-run-path/-/npm-run-path-6.0.0.tgz. Extracting by manifest.
3489 silly tarball no local data for is-stream@https://registry.npmjs.org/is-stream/-/is-stream-4.0.1.tgz. Extracting by manifest.
3490 silly tarball no local data for human-signals@https://registry.npmjs.org/human-signals/-/human-signals-8.0.1.tgz. Extracting by manifest.
3491 silly tarball no local data for figures@https://registry.npmjs.org/figures/-/figures-6.1.0.tgz. Extracting by manifest.
3492 silly tarball no local data for is-plain-obj@https://registry.npmjs.org/is-plain-obj/-/is-plain-obj-4.1.0.tgz. Extracting by manifest.
3493 silly tarball no local data for get-stream@https://registry.npmjs.org/get-stream/-/get-stream-9.0.1.tgz. Extracting by manifest.
3494 silly tarball no local data for @sindresorhus/merge-streams@https://registry.npmjs.org/@sindresorhus/merge-streams/-/merge-streams-4.0.0.tgz. Extracting by manifest.
3495 silly tarball no local data for ansi-colors@https://registry.npmjs.org/ansi-colors/-/ansi-colors-4.1.3.tgz. Extracting by manifest.
3496 silly tarball no local data for is-obj@https://registry.npmjs.org/is-obj/-/is-obj-2.0.0.tgz. Extracting by manifest.
3497 silly tarball no local data for strip-ansi@https://registry.npmjs.org/strip-ansi/-/strip-ansi-6.0.1.tgz. Extracting by manifest.
3498 silly tarball no local data for shebang-command@https://registry.npmjs.org/shebang-command/-/shebang-command-2.0.0.tgz. Extracting by manifest.
3499 silly tarball no local data for path-key@https://registry.npmjs.org/path-key/-/path-key-3.1.1.tgz. Extracting by manifest.
3500 silly tarball no local data for parse-json@https://registry.npmjs.org/parse-json/-/parse-json-5.2.0.tgz. Extracting by manifest.
3501 silly tarball no local data for mimic-fn@https://registry.npmjs.org/mimic-fn/-/mimic-fn-3.1.0.tgz. Extracting by manifest.
3502 silly tarball no local data for vary@https://registry.npmjs.org/vary/-/vary-1.1.2.tgz. Extracting by manifest.
3503 silly tarball no local data for import-fresh@https://registry.npmjs.org/import-fresh/-/import-fresh-3.3.1.tgz. Extracting by manifest.
3504 silly tarball no local data for object-assign@https://registry.npmjs.org/object-assign/-/object-assign-4.1.1.tgz. Extracting by manifest.
3505 silly tarball no local data for onetime@https://registry.npmjs.org/onetime/-/onetime-5.1.2.tgz. Extracting by manifest.
3506 silly tarball no local data for dot-prop@https://registry.npmjs.org/dot-prop/-/dot-prop-6.0.1.tgz. Extracting by manifest.
3507 silly tarball no local data for debounce-fn@https://registry.npmjs.org/debounce-fn/-/debounce-fn-4.0.0.tgz. Extracting by manifest.
3508 silly tarball no local data for pkg-up@https://registry.npmjs.org/pkg-up/-/pkg-up-3.1.0.tgz. Extracting by manifest.
3509 silly tarball no local data for atomically@https://registry.npmjs.org/atomically/-/atomically-1.7.0.tgz. Extracting by manifest.
3510 silly tarball no local data for update-browserslist-db@https://registry.npmjs.org/update-browserslist-db/-/update-browserslist-db-1.3.2.tgz. Extracting by manifest.
3511 silly tarball no local data for node-releases@https://registry.npmjs.org/node-releases/-/node-releases-2.0.54.tgz. Extracting by manifest.
3512 silly tarball no local data for require-from-string@https://registry.npmjs.org/require-from-string/-/require-from-string-2.0.2.tgz. Extracting by manifest.
3513 silly tarball no local data for fast-uri@https://registry.npmjs.org/fast-uri/-/fast-uri-3.1.7.tgz. Extracting by manifest.
3514 silly tarball no local data for json-schema-traverse@https://registry.npmjs.org/json-schema-traverse/-/json-schema-traverse-1.0.0.tgz. Extracting by manifest.
3515 silly tarball no local data for raw-body@https://registry.npmjs.org/raw-body/-/raw-body-3.0.2.tgz. Extracting by manifest.
3516 silly tarball no local data for electron-to-chromium@https://registry.npmjs.org/electron-to-chromium/-/electron-to-chromium-1.5.420.tgz. Extracting by manifest.
3517 silly tarball no local data for fast-deep-equal@https://registry.npmjs.org/fast-deep-equal/-/fast-deep-equal-3.1.3.tgz. Extracting by manifest.
3518 silly tarball no local data for json-schema-typed@https://registry.npmjs.org/json-schema-typed/-/json-schema-typed-8.0.2.tgz. Extracting by manifest.
3519 silly tarball no local data for pkce-challenge@https://registry.npmjs.org/pkce-challenge/-/pkce-challenge-5.0.1.tgz. Extracting by manifest.
3520 silly tarball no local data for jose@https://registry.npmjs.org/jose/-/jose-6.2.10.tgz. Extracting by manifest.
3521 silly tarball no local data for express-rate-limit@https://registry.npmjs.org/express-rate-limit/-/express-rate-limit-8.7.0.tgz. Extracting by manifest.
3522 silly tarball no local data for express@https://registry.npmjs.org/express/-/express-5.2.1.tgz. Extracting by manifest.
3523 silly tarball no local data for eventsource@https://registry.npmjs.org/eventsource/-/eventsource-3.0.7.tgz. Extracting by manifest.
3524 silly tarball no local data for eventsource-parser@https://registry.npmjs.org/eventsource-parser/-/eventsource-parser-3.1.1.tgz. Extracting by manifest.
3525 silly tarball no local data for cors@https://registry.npmjs.org/cors/-/cors-2.8.6.tgz. Extracting by manifest.
3526 silly tarball no local data for cross-spawn@https://registry.npmjs.org/cross-spawn/-/cross-spawn-7.0.6.tgz. Extracting by manifest.
3527 silly tarball no local data for content-type@https://registry.npmjs.org/content-type/-/content-type-1.0.5.tgz. Extracting by manifest.
3528 silly tarball no local data for ajv-formats@https://registry.npmjs.org/ajv-formats/-/ajv-formats-3.0.1.tgz. Extracting by manifest.
3529 silly tarball no local data for @hono/node-server@https://registry.npmjs.org/@hono/node-server/-/node-server-2.1.1.tgz. Extracting by manifest.
3530 silly tarball no local data for ajv@https://registry.npmjs.org/ajv/-/ajv-8.20.0.tgz. Extracting by manifest.
3531 silly tarball no local data for yocto-spinner@https://registry.npmjs.org/yocto-spinner/-/yocto-spinner-1.2.2.tgz. Extracting by manifest.
3532 silly tarball no local data for which@https://registry.npmjs.org/which/-/which-4.0.0.tgz. Extracting by manifest.
3533 silly tarball no local data for hono@https://registry.npmjs.org/hono/-/hono-4.13.5.tgz. Extracting by manifest.
3534 silly tarball no local data for systeminformation@https://registry.npmjs.org/systeminformation/-/systeminformation-5.33.8.tgz. Extracting by manifest.
3535 silly tarball no local data for object-treeify@https://registry.npmjs.org/object-treeify/-/object-treeify-1.1.33.tgz. Extracting by manifest.
3536 silly tarball no local data for picomatch@https://registry.npmjs.org/picomatch/-/picomatch-4.0.7.tgz. Extracting by manifest.
3537 silly tarball no local data for fdir@https://registry.npmjs.org/fdir/-/fdir-6.5.0.tgz. Extracting by manifest.
3538 silly tarball no local data for env-paths@https://registry.npmjs.org/env-paths/-/env-paths-2.2.1.tgz. Extracting by manifest.
3539 silly tarball no local data for @dotenvx/primitives@https://registry.npmjs.org/@dotenvx/primitives/-/primitives-0.8.0.tgz. Extracting by manifest.
3540 silly tarball no local data for ignore@https://registry.npmjs.org/ignore/-/ignore-5.3.2.tgz. Extracting by manifest.
3541 silly tarball no local data for enquirer@https://registry.npmjs.org/enquirer/-/enquirer-2.4.1.tgz. Extracting by manifest.
3542 silly tarball no local data for dotenv@https://registry.npmjs.org/dotenv/-/dotenv-17.4.2.tgz. Extracting by manifest.
3543 silly tarball no local data for conf@https://registry.npmjs.org/conf/-/conf-10.2.0.tgz. Extracting by manifest.
3544 silly tarball no local data for @babel/helper-string-parser@https://registry.npmjs.org/@babel/helper-string-parser/-/helper-string-parser-7.29.7.tgz. Extracting by manifest.
3545 silly tarball no local data for @babel/helper-globals@https://registry.npmjs.org/@babel/helper-globals/-/helper-globals-7.29.7.tgz. Extracting by manifest.
3546 silly tarball no local data for @babel/plugin-transform-modules-commonjs@https://registry.npmjs.org/@babel/plugin-transform-modules-commonjs/-/plugin-transform-modules-commonjs-7.29.7.tgz. Extracting by manifest.
3547 silly tarball no local data for @babel/plugin-syntax-jsx@https://registry.npmjs.org/@babel/plugin-syntax-jsx/-/plugin-syntax-jsx-7.29.7.tgz. Extracting by manifest.
3548 silly tarball no local data for @babel/helper-optimise-call-expression@https://registry.npmjs.org/@babel/helper-optimise-call-expression/-/helper-optimise-call-expression-7.29.7.tgz. Extracting by manifest.
3549 silly tarball no local data for @babel/helper-replace-supers@https://registry.npmjs.org/@babel/helper-replace-supers/-/helper-replace-supers-7.29.7.tgz. Extracting by manifest.
3550 silly tarball no local data for @babel/plugin-syntax-typescript@https://registry.npmjs.org/@babel/plugin-syntax-typescript/-/plugin-syntax-typescript-7.29.7.tgz. Extracting by manifest.
3551 silly tarball no local data for @babel/helper-plugin-utils@https://registry.npmjs.org/@babel/helper-plugin-utils/-/helper-plugin-utils-7.29.7.tgz. Extracting by manifest.
3552 silly tarball no local data for @babel/helper-member-expression-to-functions@https://registry.npmjs.org/@babel/helper-member-expression-to-functions/-/helper-member-expression-to-functions-7.29.7.tgz. Extracting by manifest.
3553 silly tarball no local data for @babel/helper-skip-transparent-expression-wrappers@https://registry.npmjs.org/@babel/helper-skip-transparent-expression-wrappers/-/helper-skip-transparent-expression-wrappers-7.29.7.tgz. Extracting by manifest.
3554 silly tarball no local data for lru-cache@https://registry.npmjs.org/lru-cache/-/lru-cache-5.1.1.tgz. Extracting by manifest.
3555 silly tarball no local data for @babel/helper-create-class-features-plugin@https://registry.npmjs.org/@babel/helper-create-class-features-plugin/-/helper-create-class-features-plugin-7.29.7.tgz. Extracting by manifest.
3556 silly tarball no local data for @babel/helper-annotate-as-pure@https://registry.npmjs.org/@babel/helper-annotate-as-pure/-/helper-annotate-as-pure-7.29.7.tgz. Extracting by manifest.
3557 silly tarball no local data for @babel/helper-module-imports@https://registry.npmjs.org/@babel/helper-module-imports/-/helper-module-imports-7.29.7.tgz. Extracting by manifest.
3558 silly tarball no local data for jsesc@https://registry.npmjs.org/jsesc/-/jsesc-3.1.0.tgz. Extracting by manifest.
3559 silly tarball no local data for @babel/compat-data@https://registry.npmjs.org/@babel/compat-data/-/compat-data-7.29.7.tgz. Extracting by manifest.
3560 silly tarball no local data for @babel/helper-validator-option@https://registry.npmjs.org/@babel/helper-validator-option/-/helper-validator-option-7.29.7.tgz. Extracting by manifest.
3561 silly tarball no local data for semver@https://registry.npmjs.org/semver/-/semver-6.3.1.tgz. Extracting by manifest.
3562 silly tarball no local data for @babel/types@https://registry.npmjs.org/@babel/types/-/types-7.29.8.tgz. Extracting by manifest.
3563 silly tarball no local data for @babel/traverse@https://registry.npmjs.org/@babel/traverse/-/traverse-7.29.8.tgz. Extracting by manifest.
3564 silly tarball no local data for json5@https://registry.npmjs.org/json5/-/json5-2.2.3.tgz. Extracting by manifest.
3565 silly tarball no local data for gensync@https://registry.npmjs.org/gensync/-/gensync-1.0.0-beta.2.tgz. Extracting by manifest.
3566 silly tarball no local data for convert-source-map@https://registry.npmjs.org/convert-source-map/-/convert-source-map-2.0.0.tgz. Extracting by manifest.
3567 silly tarball no local data for @babel/template@https://registry.npmjs.org/@babel/template/-/template-7.29.7.tgz. Extracting by manifest.
3568 silly tarball no local data for @babel/helpers@https://registry.npmjs.org/@babel/helpers/-/helpers-7.29.7.tgz. Extracting by manifest.
3569 silly tarball no local data for @babel/helper-compilation-targets@https://registry.npmjs.org/@babel/helper-compilation-targets/-/helper-compilation-targets-7.29.7.tgz. Extracting by manifest.
3570 silly tarball no local data for @babel/helper-module-transforms@https://registry.npmjs.org/@babel/helper-module-transforms/-/helper-module-transforms-7.29.7.tgz. Extracting by manifest.
3571 silly tarball no local data for zod-to-json-schema@https://registry.npmjs.org/zod-to-json-schema/-/zod-to-json-schema-3.25.2.tgz. Extracting by manifest.
3572 silly tarball no local data for zod@https://registry.npmjs.org/zod/-/zod-3.25.76.tgz. Extracting by manifest.
3573 silly tarball no local data for @babel/generator@https://registry.npmjs.org/@babel/generator/-/generator-7.29.8.tgz. Extracting by manifest.
3574 silly tarball no local data for validate-npm-package-name@https://registry.npmjs.org/validate-npm-package-name/-/validate-npm-package-name-7.0.2.tgz. Extracting by manifest.
3575 silly tarball no local data for undici@https://registry.npmjs.org/undici/-/undici-7.29.0.tgz. Extracting by manifest.
3576 silly tarball no local data for tsconfig-paths@https://registry.npmjs.org/tsconfig-paths/-/tsconfig-paths-4.2.0.tgz. Extracting by manifest.
3577 silly tarball no local data for ts-morph@https://registry.npmjs.org/ts-morph/-/ts-morph-26.0.0.tgz. Extracting by manifest.
3578 silly tarball no local data for stringify-object@https://registry.npmjs.org/stringify-object/-/stringify-object-5.0.0.tgz. Extracting by manifest.
3579 silly tarball no local data for socks@https://registry.npmjs.org/socks/-/socks-2.8.10.tgz. Extracting by manifest.
3580 silly tarball no local data for recast@https://registry.npmjs.org/recast/-/recast-0.23.21.tgz. Extracting by manifest.
3581 silly tarball no local data for prompts@https://registry.npmjs.org/prompts/-/prompts-2.4.2.tgz. Extracting by manifest.
3582 silly tarball no local data for ora@https://registry.npmjs.org/ora/-/ora-8.2.0.tgz. Extracting by manifest.
3583 silly tarball no local data for postcss-selector-parser@https://registry.npmjs.org/postcss-selector-parser/-/postcss-selector-parser-7.1.6.tgz. Extracting by manifest.
3584 silly tarball no local data for kleur@https://registry.npmjs.org/kleur/-/kleur-4.1.5.tgz. Extracting by manifest.
3585 silly tarball no local data for fuzzysort@https://registry.npmjs.org/fuzzysort/-/fuzzysort-3.1.0.tgz. Extracting by manifest.
3586 silly tarball no local data for fs-extra@https://registry.npmjs.org/fs-extra/-/fs-extra-11.4.0.tgz. Extracting by manifest.
3587 silly tarball no local data for fast-glob@https://registry.npmjs.org/fast-glob/-/fast-glob-3.3.3.tgz. Extracting by manifest.
3588 silly tarball no local data for open@https://registry.npmjs.org/open/-/open-11.0.2.tgz. Extracting by manifest.
3589 silly tarball no local data for deepmerge@https://registry.npmjs.org/deepmerge/-/deepmerge-4.3.1.tgz. Extracting by manifest.
3590 silly tarball no local data for @dotenvx/dotenvx@https://registry.npmjs.org/@dotenvx/dotenvx/-/dotenvx-1.75.1.tgz. Extracting by manifest.
3591 silly tarball no local data for execa@https://registry.npmjs.org/execa/-/execa-9.6.1.tgz. Extracting by manifest.
3592 silly tarball no local data for @types/validate-npm-package-name@https://registry.npmjs.org/@types/validate-npm-package-name/-/validate-npm-package-name-4.0.2.tgz. Extracting by manifest.
3593 silly tarball no local data for diff@https://registry.npmjs.org/diff/-/diff-8.0.4.tgz. Extracting by manifest.
3594 silly tarball no local data for @babel/plugin-transform-typescript@https://registry.npmjs.org/@babel/plugin-transform-typescript/-/plugin-transform-typescript-7.29.7.tgz. Extracting by manifest.
3595 silly tarball no local data for dedent@https://registry.npmjs.org/dedent/-/dedent-1.7.2.tgz. Extracting by manifest.
3596 silly tarball no local data for cosmiconfig@https://registry.npmjs.org/cosmiconfig/-/cosmiconfig-9.0.2.tgz. Extracting by manifest.
3597 silly tarball no local data for commander@https://registry.npmjs.org/commander/-/commander-14.0.3.tgz. Extracting by manifest.
3598 silly tarball no local data for browserslist@https://registry.npmjs.org/browserslist/-/browserslist-4.28.8.tgz. Extracting by manifest.
3599 silly tarball no local data for @babel/preset-typescript@https://registry.npmjs.org/@babel/preset-typescript/-/preset-typescript-7.29.7.tgz. Extracting by manifest.
3600 silly tarball no local data for is-extendable@https://registry.npmjs.org/is-extendable/-/is-extendable-0.1.1.tgz. Extracting by manifest.
3601 silly tarball no local data for @babel/parser@https://registry.npmjs.org/@babel/parser/-/parser-7.29.8.tgz. Extracting by manifest.
3602 silly tarball no local data for @modelcontextprotocol/sdk@https://registry.npmjs.org/@modelcontextprotocol/sdk/-/sdk-1.30.0.tgz. Extracting by manifest.
3603 silly tarball no local data for @babel/core@https://registry.npmjs.org/@babel/core/-/core-7.29.7.tgz. Extracting by manifest.
3604 silly tarball no local data for extend-shallow@https://registry.npmjs.org/extend-shallow/-/extend-shallow-2.0.1.tgz. Extracting by manifest.
3605 silly tarball no local data for micromark-util-events-to-acorn@https://registry.npmjs.org/micromark-util-events-to-acorn/-/micromark-util-events-to-acorn-2.0.3.tgz. Extracting by manifest.
3606 silly tarball no local data for @ungap/structured-clone@https://registry.npmjs.org/@ungap/structured-clone/-/structured-clone-1.4.0.tgz. Extracting by manifest.
3607 silly tarball no local data for trim-lines@https://registry.npmjs.org/trim-lines/-/trim-lines-3.0.1.tgz. Extracting by manifest.
3608 silly tarball no local data for mdast-util-to-hast@https://registry.npmjs.org/mdast-util-to-hast/-/mdast-util-to-hast-13.2.1.tgz. Extracting by manifest.
3609 silly tarball no local data for micromark-extension-mdxjs-esm@https://registry.npmjs.org/micromark-extension-mdxjs-esm/-/micromark-extension-mdxjs-esm-3.0.0.tgz. Extracting by manifest.
3610 silly tarball no local data for micromark-factory-mdx-expression@https://registry.npmjs.org/micromark-factory-mdx-expression/-/micromark-factory-mdx-expression-2.0.3.tgz. Extracting by manifest.
3611 silly tarball no local data for micromark-extension-mdx-md@https://registry.npmjs.org/micromark-extension-mdx-md/-/micromark-extension-mdx-md-2.0.0.tgz. Extracting by manifest.
3612 silly tarball no local data for micromark-extension-mdx-expression@https://registry.npmjs.org/micromark-extension-mdx-expression/-/micromark-extension-mdx-expression-3.0.1.tgz. Extracting by manifest.
3613 silly tarball no local data for micromark-extension-mdxjs@https://registry.npmjs.org/micromark-extension-mdxjs/-/micromark-extension-mdxjs-3.0.0.tgz. Extracting by manifest.
3614 silly tarball no local data for mdast-util-mdx@https://registry.npmjs.org/mdast-util-mdx/-/mdast-util-mdx-3.0.0.tgz. Extracting by manifest.
3615 silly tarball no local data for micromark-extension-gfm-task-list-item@https://registry.npmjs.org/micromark-extension-gfm-task-list-item/-/micromark-extension-gfm-task-list-item-2.1.0.tgz. Extracting by manifest.
3616 silly tarball no local data for micromark-extension-gfm-tagfilter@https://registry.npmjs.org/micromark-extension-gfm-tagfilter/-/micromark-extension-gfm-tagfilter-2.0.0.tgz. Extracting by manifest.
3617 silly tarball no local data for micromark-extension-gfm-strikethrough@https://registry.npmjs.org/micromark-extension-gfm-strikethrough/-/micromark-extension-gfm-strikethrough-2.1.0.tgz. Extracting by manifest.
3618 silly tarball no local data for micromark-extension-mdx-jsx@https://registry.npmjs.org/micromark-extension-mdx-jsx/-/micromark-extension-mdx-jsx-3.0.2.tgz. Extracting by manifest.
3619 silly tarball no local data for micromark-extension-gfm-footnote@https://registry.npmjs.org/micromark-extension-gfm-footnote/-/micromark-extension-gfm-footnote-2.1.0.tgz. Extracting by manifest.
3620 silly tarball no local data for micromark-extension-gfm-autolink-literal@https://registry.npmjs.org/micromark-extension-gfm-autolink-literal/-/micromark-extension-gfm-autolink-literal-2.1.0.tgz. Extracting by manifest.
3621 silly tarball no local data for markdown-table@https://registry.npmjs.org/markdown-table/-/markdown-table-3.0.4.tgz. Extracting by manifest.
3622 silly tarball no local data for micromark-extension-gfm-table@https://registry.npmjs.org/micromark-extension-gfm-table/-/micromark-extension-gfm-table-2.1.1.tgz. Extracting by manifest.
3623 silly tarball no local data for unist-util-visit-parents@https://registry.npmjs.org/unist-util-visit-parents/-/unist-util-visit-parents-6.0.2.tgz. Extracting by manifest.
3624 silly tarball no local data for mdast-util-gfm-task-list-item@https://registry.npmjs.org/mdast-util-gfm-task-list-item/-/mdast-util-gfm-task-list-item-2.0.0.tgz. Extracting by manifest.
3625 silly tarball no local data for escape-string-regexp@https://registry.npmjs.org/escape-string-regexp/-/escape-string-regexp-5.0.0.tgz. Extracting by manifest.
3626 silly tarball no local data for mdast-util-gfm-table@https://registry.npmjs.org/mdast-util-gfm-table/-/mdast-util-gfm-table-2.0.0.tgz. Extracting by manifest.
3627 silly tarball no local data for mdast-util-gfm-footnote@https://registry.npmjs.org/mdast-util-gfm-footnote/-/mdast-util-gfm-footnote-2.1.0.tgz. Extracting by manifest.
3628 silly tarball no local data for mdast-util-gfm-autolink-literal@https://registry.npmjs.org/mdast-util-gfm-autolink-literal/-/mdast-util-gfm-autolink-literal-2.0.1.tgz. Extracting by manifest.
3629 silly tarball no local data for mdast-util-gfm-strikethrough@https://registry.npmjs.org/mdast-util-gfm-strikethrough/-/mdast-util-gfm-strikethrough-2.0.0.tgz. Extracting by manifest.
3630 silly tarball no local data for remark-stringify@https://registry.npmjs.org/remark-stringify/-/remark-stringify-11.0.0.tgz. Extracting by manifest.
3631 silly tarball no local data for mdast-util-find-and-replace@https://registry.npmjs.org/mdast-util-find-and-replace/-/mdast-util-find-and-replace-3.0.2.tgz. Extracting by manifest.
3632 silly tarball no local data for micromark-extension-gfm@https://registry.npmjs.org/micromark-extension-gfm/-/micromark-extension-gfm-3.0.0.tgz. Extracting by manifest.
3633 silly tarball no local data for mdast-util-gfm@https://registry.npmjs.org/mdast-util-gfm/-/mdast-util-gfm-3.1.0.tgz. Extracting by manifest.
3634 silly tarball no local data for estree-util-attach-comments@https://registry.npmjs.org/estree-util-attach-comments/-/estree-util-attach-comments-3.0.0.tgz. Extracting by manifest.
3635 silly tarball no local data for esast-util-from-estree@https://registry.npmjs.org/esast-util-from-estree/-/esast-util-from-estree-2.0.0.tgz. Extracting by manifest.
3636 silly tarball no local data for estree-util-visit@https://registry.npmjs.org/estree-util-visit/-/estree-util-visit-2.0.0.tgz. Extracting by manifest.
3637 silly tarball no local data for esast-util-from-js@https://registry.npmjs.org/esast-util-from-js/-/esast-util-from-js-2.0.1.tgz. Extracting by manifest.
3638 silly tarball no local data for estree-util-to-js@https://registry.npmjs.org/estree-util-to-js/-/estree-util-to-js-2.0.0.tgz. Extracting by manifest.
3639 silly tarball no local data for astring@https://registry.npmjs.org/astring/-/astring-1.9.0.tgz. Extracting by manifest.
3640 silly tarball no local data for hast-util-to-estree@https://registry.npmjs.org/hast-util-to-estree/-/hast-util-to-estree-3.1.3.tgz. Extracting by manifest.
3641 silly tarball no local data for recma-parse@https://registry.npmjs.org/recma-parse/-/recma-parse-1.0.0.tgz. Extracting by manifest.
3642 silly tarball no local data for estree-util-build-jsx@https://registry.npmjs.org/estree-util-build-jsx/-/estree-util-build-jsx-3.0.1.tgz. Extracting by manifest.
3643 silly tarball no local data for is-alphabetical@https://registry.npmjs.org/is-alphabetical/-/is-alphabetical-2.0.1.tgz. Extracting by manifest.
3644 silly tarball no local data for acorn-jsx@https://registry.npmjs.org/acorn-jsx/-/acorn-jsx-5.3.2.tgz. Extracting by manifest.
3645 silly tarball no local data for is-hexadecimal@https://registry.npmjs.org/is-hexadecimal/-/is-hexadecimal-2.0.1.tgz. Extracting by manifest.
3646 silly tarball no local data for nanoid@https://registry.npmjs.org/nanoid/-/nanoid-3.3.18.tgz. Extracting by manifest.
3647 silly tarball no local data for scheduler@https://registry.npmjs.org/scheduler/-/scheduler-0.27.0.tgz. Extracting by manifest.
3648 silly tarball no local data for is-alphanumerical@https://registry.npmjs.org/is-alphanumerical/-/is-alphanumerical-2.0.1.tgz. Extracting by manifest.
3649 silly tarball no local data for is-decimal@https://registry.npmjs.org/is-decimal/-/is-decimal-2.0.1.tgz. Extracting by manifest.
3650 silly tarball no local data for micromark-factory-label@https://registry.npmjs.org/micromark-factory-label/-/micromark-factory-label-2.0.1.tgz. Extracting by manifest.
3651 silly tarball no local data for micromark-util-html-tag-name@https://registry.npmjs.org/micromark-util-html-tag-name/-/micromark-util-html-tag-name-2.0.1.tgz. Extracting by manifest.
3652 silly tarball no local data for character-reference-invalid@https://registry.npmjs.org/character-reference-invalid/-/character-reference-invalid-2.0.1.tgz. Extracting by manifest.
3653 silly tarball no local data for character-entities-legacy@https://registry.npmjs.org/character-entities-legacy/-/character-entities-legacy-3.0.0.tgz. Extracting by manifest.
3654 silly tarball no local data for micromark-factory-whitespace@https://registry.npmjs.org/micromark-factory-whitespace/-/micromark-factory-whitespace-2.0.1.tgz. Extracting by manifest.
3655 silly tarball no local data for micromark-factory-title@https://registry.npmjs.org/micromark-factory-title/-/micromark-factory-title-2.0.1.tgz. Extracting by manifest.
3656 silly tarball no local data for ms@https://registry.npmjs.org/ms/-/ms-2.1.3.tgz. Extracting by manifest.
3657 silly tarball no local data for micromark-factory-destination@https://registry.npmjs.org/micromark-factory-destination/-/micromark-factory-destination-2.0.1.tgz. Extracting by manifest.
3658 silly tarball no local data for micromark-util-subtokenize@https://registry.npmjs.org/micromark-util-subtokenize/-/micromark-util-subtokenize-2.1.0.tgz. Extracting by manifest.
3659 silly tarball no local data for @types/ms@https://registry.npmjs.org/@types/ms/-/ms-2.1.0.tgz. Extracting by manifest.
3660 silly tarball no local data for micromark-util-sanitize-uri@https://registry.npmjs.org/micromark-util-sanitize-uri/-/micromark-util-sanitize-uri-2.0.1.tgz. Extracting by manifest.
3661 silly tarball no local data for micromark-util-combine-extensions@https://registry.npmjs.org/micromark-util-combine-extensions/-/micromark-util-combine-extensions-2.0.1.tgz. Extracting by manifest.
3662 silly tarball no local data for micromark-util-resolve-all@https://registry.npmjs.org/micromark-util-resolve-all/-/micromark-util-resolve-all-2.0.1.tgz. Extracting by manifest.
3663 silly tarball no local data for micromark-util-chunked@https://registry.npmjs.org/micromark-util-chunked/-/micromark-util-chunked-2.0.1.tgz. Extracting by manifest.
3664 silly tarball no local data for micromark-util-encode@https://registry.npmjs.org/micromark-util-encode/-/micromark-util-encode-2.0.1.tgz. Extracting by manifest.
3665 silly tarball no local data for micromark-util-character@https://registry.npmjs.org/micromark-util-character/-/micromark-util-character-2.1.1.tgz. Extracting by manifest.
3666 silly tarball no local data for micromark-factory-space@https://registry.npmjs.org/micromark-factory-space/-/micromark-factory-space-2.0.1.tgz. Extracting by manifest.
3667 silly tarball no local data for micromark-core-commonmark@https://registry.npmjs.org/micromark-core-commonmark/-/micromark-core-commonmark-2.0.3.tgz. Extracting by manifest.
3668 silly tarball no local data for unist-util-is@https://registry.npmjs.org/unist-util-is/-/unist-util-is-6.0.1.tgz. Extracting by manifest.
3669 silly tarball no local data for debug@https://registry.npmjs.org/debug/-/debug-4.4.3.tgz. Extracting by manifest.
3670 silly tarball no local data for micromark-util-classify-character@https://registry.npmjs.org/micromark-util-classify-character/-/micromark-util-classify-character-2.0.1.tgz. Extracting by manifest.
3671 silly tarball no local data for @types/debug@https://registry.npmjs.org/@types/debug/-/debug-4.1.13.tgz. Extracting by manifest.
3672 silly tarball no local data for mdast-util-phrasing@https://registry.npmjs.org/mdast-util-phrasing/-/mdast-util-phrasing-4.1.0.tgz. Extracting by manifest.
3673 silly tarball no local data for zwitch@https://registry.npmjs.org/zwitch/-/zwitch-2.0.4.tgz. Extracting by manifest.
3674 silly tarball no local data for stringify-entities@https://registry.npmjs.org/stringify-entities/-/stringify-entities-4.0.4.tgz. Extracting by manifest.
3675 silly tarball no local data for parse-entities@https://registry.npmjs.org/parse-entities/-/parse-entities-4.0.2.tgz. Extracting by manifest.
3676 silly tarball no local data for ccount@https://registry.npmjs.org/ccount/-/ccount-2.0.1.tgz. Extracting by manifest.
3677 silly tarball no local data for character-entities@https://registry.npmjs.org/character-entities/-/character-entities-2.0.2.tgz. Extracting by manifest.
3678 silly tarball no local data for micromark-util-types@https://registry.npmjs.org/micromark-util-types/-/micromark-util-types-2.0.2.tgz. Extracting by manifest.
3679 silly tarball no local data for micromark-util-normalize-identifier@https://registry.npmjs.org/micromark-util-normalize-identifier/-/micromark-util-normalize-identifier-2.0.1.tgz. Extracting by manifest.
3680 silly tarball no local data for longest-streak@https://registry.npmjs.org/longest-streak/-/longest-streak-3.1.0.tgz. Extracting by manifest.
3681 silly tarball no local data for micromark-util-symbol@https://registry.npmjs.org/micromark-util-symbol/-/micromark-util-symbol-2.0.1.tgz. Extracting by manifest.
3682 silly tarball no local data for micromark-util-decode-string@https://registry.npmjs.org/micromark-util-decode-string/-/micromark-util-decode-string-2.0.1.tgz. Extracting by manifest.
3683 silly tarball no local data for micromark-util-decode-numeric-character-reference@https://registry.npmjs.org/micromark-util-decode-numeric-character-reference/-/micromark-util-decode-numeric-character-reference-2.0.2.tgz. Extracting by manifest.
3684 silly tarball no local data for @types/mdast@https://registry.npmjs.org/@types/mdast/-/mdast-4.0.4.tgz. Extracting by manifest.
3685 silly tarball no local data for mdast-util-to-string@https://registry.npmjs.org/mdast-util-to-string/-/mdast-util-to-string-4.0.0.tgz. Extracting by manifest.
3686 silly tarball no local data for micromark@https://registry.npmjs.org/micromark/-/micromark-4.0.2.tgz. Extracting by manifest.
3687 silly tarball no local data for decode-named-character-reference@https://registry.npmjs.org/decode-named-character-reference/-/decode-named-character-reference-1.3.0.tgz. Extracting by manifest.
3688 silly tarball no local data for mdast-util-to-markdown@https://registry.npmjs.org/mdast-util-to-markdown/-/mdast-util-to-markdown-2.1.2.tgz. Extracting by manifest.
3689 silly tarball no local data for vfile-message@https://registry.npmjs.org/vfile-message/-/vfile-message-4.0.3.tgz. Extracting by manifest.
3690 silly tarball no local data for unist-util-position@https://registry.npmjs.org/unist-util-position/-/unist-util-position-5.0.0.tgz. Extracting by manifest.
3691 silly tarball no local data for style-to-js@https://registry.npmjs.org/style-to-js/-/style-to-js-1.1.21.tgz. Extracting by manifest.
3692 silly tarball no local data for mdast-util-mdx-jsx@https://registry.npmjs.org/mdast-util-mdx-jsx/-/mdast-util-mdx-jsx-3.2.0.tgz. Extracting by manifest.
3693 silly tarball no local data for property-information@https://registry.npmjs.org/property-information/-/property-information-7.2.0.tgz. Extracting by manifest.
3694 silly tarball no local data for space-separated-tokens@https://registry.npmjs.org/space-separated-tokens/-/space-separated-tokens-2.0.2.tgz. Extracting by manifest.
3695 silly tarball no local data for mdast-util-from-markdown@https://registry.npmjs.org/mdast-util-from-markdown/-/mdast-util-from-markdown-2.0.3.tgz. Extracting by manifest.
3696 silly tarball no local data for mdast-util-mdxjs-esm@https://registry.npmjs.org/mdast-util-mdxjs-esm/-/mdast-util-mdxjs-esm-2.0.1.tgz. Extracting by manifest.
3697 silly tarball no local data for @types/unist@https://registry.npmjs.org/@types/unist/-/unist-3.0.3.tgz. Extracting by manifest.
3698 silly tarball no local data for dequal@https://registry.npmjs.org/dequal/-/dequal-2.0.3.tgz. Extracting by manifest.
3699 silly tarball no local data for mdast-util-mdx-expression@https://registry.npmjs.org/mdast-util-mdx-expression/-/mdast-util-mdx-expression-2.0.1.tgz. Extracting by manifest.
3700 silly tarball no local data for unist-util-stringify-position@https://registry.npmjs.org/unist-util-stringify-position/-/unist-util-stringify-position-4.0.0.tgz. Extracting by manifest.
3701 silly tarball no local data for comma-separated-tokens@https://registry.npmjs.org/comma-separated-tokens/-/comma-separated-tokens-2.0.3.tgz. Extracting by manifest.
3702 silly tarball no local data for hast-util-whitespace@https://registry.npmjs.org/hast-util-whitespace/-/hast-util-whitespace-3.0.0.tgz. Extracting by manifest.
3703 silly tarball no local data for unist-util-position-from-estree@https://registry.npmjs.org/unist-util-position-from-estree/-/unist-util-position-from-estree-2.0.0.tgz. Extracting by manifest.
3704 silly tarball no local data for source-map@https://registry.npmjs.org/source-map/-/source-map-0.7.6.tgz. Extracting by manifest.
3705 silly tarball no local data for remark-parse@https://registry.npmjs.org/remark-parse/-/remark-parse-11.0.0.tgz. Extracting by manifest.
3706 silly tarball no local data for unified@https://registry.npmjs.org/unified/-/unified-11.0.5.tgz. Extracting by manifest.
3707 silly tarball no local data for remark-rehype@https://registry.npmjs.org/remark-rehype/-/remark-rehype-11.1.2.tgz. Extracting by manifest.
3708 silly tarball no local data for remark-mdx@https://registry.npmjs.org/remark-mdx/-/remark-mdx-3.1.1.tgz. Extracting by manifest.
3709 silly tarball no local data for rehype-recma@https://registry.npmjs.org/rehype-recma/-/rehype-recma-1.0.0.tgz. Extracting by manifest.
3710 silly tarball no local data for recma-jsx@https://registry.npmjs.org/recma-jsx/-/recma-jsx-1.0.1.tgz. Extracting by manifest.
3711 silly tarball no local data for markdown-extensions@https://registry.npmjs.org/markdown-extensions/-/markdown-extensions-2.0.0.tgz. Extracting by manifest.
3712 silly tarball no local data for recma-stringify@https://registry.npmjs.org/recma-stringify/-/recma-stringify-1.0.0.tgz. Extracting by manifest.
3713 silly tarball no local data for estree-walker@https://registry.npmjs.org/estree-walker/-/estree-walker-3.0.3.tgz. Extracting by manifest.
3714 silly tarball no local data for @types/mdx@https://registry.npmjs.org/@types/mdx/-/mdx-2.0.14.tgz. Extracting by manifest.
3715 silly tarball no local data for recma-build-jsx@https://registry.npmjs.org/recma-build-jsx/-/recma-build-jsx-1.0.0.tgz. Extracting by manifest.
3716 silly tarball no local data for estree-util-is-identifier-name@https://registry.npmjs.org/estree-util-is-identifier-name/-/estree-util-is-identifier-name-3.0.0.tgz. Extracting by manifest.
3717 silly tarball no local data for @types/hast@https://registry.npmjs.org/@types/hast/-/hast-3.0.5.tgz. Extracting by manifest.
3718 silly tarball no local data for hast-util-to-jsx-runtime@https://registry.npmjs.org/hast-util-to-jsx-runtime/-/hast-util-to-jsx-runtime-2.3.6.tgz. Extracting by manifest.
3719 silly tarball no local data for estree-util-scope@https://registry.npmjs.org/estree-util-scope/-/estree-util-scope-1.0.1.tgz. Extracting by manifest.
3720 silly tarball no local data for devlop@https://registry.npmjs.org/devlop/-/devlop-1.1.0.tgz. Extracting by manifest.
3721 silly tarball no local data for @types/estree-jsx@https://registry.npmjs.org/@types/estree-jsx/-/estree-jsx-1.0.5.tgz. Extracting by manifest.
3722 silly tarball no local data for @types/estree@https://registry.npmjs.org/@types/estree/-/estree-1.0.9.tgz. Extracting by manifest.
3723 silly tarball no local data for collapse-white-space@https://registry.npmjs.org/collapse-white-space/-/collapse-white-space-2.1.0.tgz. Extracting by manifest.
3724 silly tarball no local data for picocolors@https://registry.npmjs.org/picocolors/-/picocolors-1.1.1.tgz. Extracting by manifest.
3725 silly tarball no local data for acorn@https://registry.npmjs.org/acorn/-/acorn-8.18.0.tgz. Extracting by manifest.
3726 silly tarball no local data for @babel/helper-validator-identifier@https://registry.npmjs.org/@babel/helper-validator-identifier/-/helper-validator-identifier-7.29.7.tgz. Extracting by manifest.
3727 silly tarball no local data for js-tokens@https://registry.npmjs.org/js-tokens/-/js-tokens-4.0.0.tgz. Extracting by manifest.
3728 silly tarball no local data for vfile-matter@https://registry.npmjs.org/vfile-matter/-/vfile-matter-5.0.1.tgz. Extracting by manifest.
3729 silly tarball no local data for unist-util-visit@https://registry.npmjs.org/unist-util-visit/-/unist-util-visit-5.1.0.tgz. Extracting by manifest.
3730 silly tarball no local data for @mdx-js/react@https://registry.npmjs.org/@mdx-js/react/-/react-3.1.1.tgz. Extracting by manifest.
3731 silly tarball no local data for unist-util-remove@https://registry.npmjs.org/unist-util-remove/-/unist-util-remove-4.0.0.tgz. Extracting by manifest.
3732 silly tarball no local data for vfile@https://registry.npmjs.org/vfile/-/vfile-6.0.3.tgz. Extracting by manifest.
3733 silly tarball no local data for @babel/code-frame@https://registry.npmjs.org/@babel/code-frame/-/code-frame-7.29.7.tgz. Extracting by manifest.
3734 silly tarball no local data for tslib@https://registry.npmjs.org/tslib/-/tslib-2.8.1.tgz. Extracting by manifest.
3735 silly tarball no local data for baseline-browser-mapping@https://registry.npmjs.org/baseline-browser-mapping/-/baseline-browser-mapping-2.11.20.tgz. Extracting by manifest.
3736 silly tarball no local data for @mdx-js/mdx@https://registry.npmjs.org/@mdx-js/mdx/-/mdx-3.1.1.tgz. Extracting by manifest.
3737 silly tarball no local data for styled-jsx@https://registry.npmjs.org/styled-jsx/-/styled-jsx-5.1.6.tgz. Extracting by manifest.
3738 silly tarball no local data for sharp@https://registry.npmjs.org/sharp/-/sharp-0.35.4.tgz. Extracting by manifest.
3739 silly tarball no local data for caniuse-lite@https://registry.npmjs.org/caniuse-lite/-/caniuse-lite-1.0.30001810.tgz. Extracting by manifest.
3740 silly tarball no local data for @next/env@https://registry.npmjs.org/@next/env/-/env-16.3.3.tgz. Extracting by manifest.
3741 silly tarball no local data for @next/swc-win32-x64-msvc@https://registry.npmjs.org/@next/swc-win32-x64-msvc/-/swc-win32-x64-msvc-16.3.3.tgz. Extracting by manifest.
3742 silly tarball no local data for @swc/helpers@https://registry.npmjs.org/@swc/helpers/-/helpers-0.5.23.tgz. Extracting by manifest.
3743 silly tarball no local data for lightningcss-win32-x64-msvc@https://registry.npmjs.org/lightningcss-win32-x64-msvc/-/lightningcss-win32-x64-msvc-1.32.0.tgz. Extracting by manifest.
3744 silly tarball no local data for detect-libc@https://registry.npmjs.org/detect-libc/-/detect-libc-2.1.2.tgz. Extracting by manifest.
3745 silly tarball no local data for sprintf-js@https://registry.npmjs.org/sprintf-js/-/sprintf-js-1.0.3.tgz. Extracting by manifest.
3746 silly tarball no local data for esprima@https://registry.npmjs.org/esprima/-/esprima-4.0.1.tgz. Extracting by manifest.
3747 silly tarball no local data for kind-of@https://registry.npmjs.org/kind-of/-/kind-of-6.0.3.tgz. Extracting by manifest.
3748 silly tarball no local data for section-matter@https://registry.npmjs.org/section-matter/-/section-matter-1.0.0.tgz. Extracting by manifest.
3749 silly tarball no local data for argparse@https://registry.npmjs.org/argparse/-/argparse-1.0.10.tgz. Extracting by manifest.
3750 silly tarball no local data for strip-bom-string@https://registry.npmjs.org/strip-bom-string/-/strip-bom-string-1.0.0.tgz. Extracting by manifest.
3751 silly tarball no local data for js-yaml@https://registry.npmjs.org/js-yaml/-/js-yaml-3.15.2.tgz. Extracting by manifest.
3752 silly tarball no local data for graceful-fs@https://registry.npmjs.org/graceful-fs/-/graceful-fs-4.2.11.tgz. Extracting by manifest.
3753 silly tarball no local data for tapable@https://registry.npmjs.org/tapable/-/tapable-2.3.3.tgz. Extracting by manifest.
3754 silly tarball no local data for @tailwindcss/oxide-win32-x64-msvc@https://registry.npmjs.org/@tailwindcss/oxide-win32-x64-msvc/-/oxide-win32-x64-msvc-4.3.3.tgz. Extracting by manifest.
3755 silly tarball no local data for csstype@https://registry.npmjs.org/csstype/-/csstype-3.2.3.tgz. Extracting by manifest.
3756 silly tarball no local data for undici-types@https://registry.npmjs.org/undici-types/-/undici-types-7.18.2.tgz. Extracting by manifest.
3757 silly tarball no local data for @jridgewell/sourcemap-codec@https://registry.npmjs.org/@jridgewell/sourcemap-codec/-/sourcemap-codec-1.6.0.tgz. Extracting by manifest.
3758 silly tarball no local data for @jridgewell/resolve-uri@https://registry.npmjs.org/@jridgewell/resolve-uri/-/resolve-uri-3.1.2.tgz. Extracting by manifest.
3759 silly tarball no local data for @jridgewell/gen-mapping@https://registry.npmjs.org/@jridgewell/gen-mapping/-/gen-mapping-0.3.13.tgz. Extracting by manifest.
3760 silly tarball no local data for source-map-js@https://registry.npmjs.org/source-map-js/-/source-map-js-1.2.1.tgz. Extracting by manifest.
3761 silly tarball no local data for magic-string@https://registry.npmjs.org/magic-string/-/magic-string-0.30.21.tgz. Extracting by manifest.
3762 silly tarball no local data for @jridgewell/trace-mapping@https://registry.npmjs.org/@jridgewell/trace-mapping/-/trace-mapping-0.3.31.tgz. Extracting by manifest.
3763 silly tarball no local data for lightningcss@https://registry.npmjs.org/lightningcss/-/lightningcss-1.32.0.tgz. Extracting by manifest.
3764 silly tarball no local data for enhanced-resolve@https://registry.npmjs.org/enhanced-resolve/-/enhanced-resolve-5.24.5.tgz. Extracting by manifest.
3765 silly tarball no local data for jiti@https://registry.npmjs.org/jiti/-/jiti-2.7.0.tgz. Extracting by manifest.
3766 silly tarball no local data for @tailwindcss/oxide@https://registry.npmjs.org/@tailwindcss/oxide/-/oxide-4.3.3.tgz. Extracting by manifest.
3767 silly tarball no local data for @jridgewell/remapping@https://registry.npmjs.org/@jridgewell/remapping/-/remapping-2.3.5.tgz. Extracting by manifest.
3768 silly tarball no local data for @alloc/quick-lru@https://registry.npmjs.org/@alloc/quick-lru/-/quick-lru-5.3.0.tgz. Extracting by manifest.
3769 silly tarball no local data for @tailwindcss/node@https://registry.npmjs.org/@tailwindcss/node/-/node-4.3.3.tgz. Extracting by manifest.
3770 silly tarball no local data for @floating-ui/core@https://registry.npmjs.org/@floating-ui/core/-/core-1.8.0.tgz. Extracting by manifest.
3771 silly tarball no local data for use-sync-external-store@https://registry.npmjs.org/use-sync-external-store/-/use-sync-external-store-1.6.0.tgz. Extracting by manifest.
3772 silly tarball no local data for reselect@https://registry.npmjs.org/reselect/-/reselect-5.3.0.tgz. Extracting by manifest.
3773 silly tarball no local data for @floating-ui/dom@https://registry.npmjs.org/@floating-ui/dom/-/dom-1.8.0.tgz. Extracting by manifest.
3774 silly tarball no local data for @floating-ui/utils@https://registry.npmjs.org/@floating-ui/utils/-/utils-0.2.12.tgz. Extracting by manifest.
3775 silly tarball no local data for @floating-ui/react-dom@https://registry.npmjs.org/@floating-ui/react-dom/-/react-dom-2.1.9.tgz. Extracting by manifest.
3776 silly tarball no local data for @base-ui/utils@https://registry.npmjs.org/@base-ui/utils/-/utils-0.3.2.tgz. Extracting by manifest.
3777 silly tarball no local data for @babel/runtime@https://registry.npmjs.org/@babel/runtime/-/runtime-7.29.7.tgz. Extracting by manifest.
3778 silly tarball no local data for tw-animate-css@https://registry.npmjs.org/tw-animate-css/-/tw-animate-css-1.4.0.tgz. Extracting by manifest.
3779 silly tarball no local data for tailwindcss@https://registry.npmjs.org/tailwindcss/-/tailwindcss-4.3.3.tgz. Extracting by manifest.
3780 silly tarball no local data for typescript@https://registry.npmjs.org/typescript/-/typescript-5.7.3.tgz. Extracting by manifest.
3781 silly tarball no local data for remark-gfm@https://registry.npmjs.org/remark-gfm/-/remark-gfm-4.0.1.tgz. Extracting by manifest.
3782 silly tarball no local data for shadcn@https://registry.npmjs.org/shadcn/-/shadcn-4.20.1.tgz. Extracting by manifest.
3783 silly tarball no local data for tailwind-merge@https://registry.npmjs.org/tailwind-merge/-/tailwind-merge-3.6.0.tgz. Extracting by manifest.
3784 silly tarball no local data for postcss@https://registry.npmjs.org/postcss/-/postcss-8.5.28.tgz. Extracting by manifest.
3785 silly tarball no local data for next-mdx-remote@https://registry.npmjs.org/next-mdx-remote/-/next-mdx-remote-6.0.0.tgz. Extracting by manifest.
3786 silly tarball no local data for next@https://registry.npmjs.org/next/-/next-16.3.3.tgz. Extracting by manifest.
3787 silly tarball no local data for @vercel/analytics@https://registry.npmjs.org/@vercel/analytics/-/analytics-1.6.1.tgz. Extracting by manifest.
3788 silly tarball no local data for @types/react-dom@https://registry.npmjs.org/@types/react-dom/-/react-dom-19.2.7.tgz. Extracting by manifest.
3789 silly tarball no local data for lucide-react@https://registry.npmjs.org/lucide-react/-/lucide-react-1.40.0.tgz. Extracting by manifest.
3790 silly tarball no local data for class-variance-authority@https://registry.npmjs.org/class-variance-authority/-/class-variance-authority-0.7.1.tgz. Extracting by manifest.
3791 silly tarball no local data for gray-matter@https://registry.npmjs.org/gray-matter/-/gray-matter-4.0.3.tgz. Extracting by manifest.
3792 silly tarball no local data for clsx@https://registry.npmjs.org/clsx/-/clsx-2.1.1.tgz. Extracting by manifest.
3793 silly tarball no local data for @types/node@https://registry.npmjs.org/@types/node/-/node-24.13.3.tgz. Extracting by manifest.
3794 silly tarball no local data for @types/react@https://registry.npmjs.org/@types/react/-/react-19.2.18.tgz. Extracting by manifest.
3795 silly tarball no local data for @tailwindcss/postcss@https://registry.npmjs.org/@tailwindcss/postcss/-/postcss-4.3.3.tgz. Extracting by manifest.
3796 silly tarball no local data for react-dom@https://registry.npmjs.org/react-dom/-/react-dom-19.2.8.tgz. Extracting by manifest.
3797 silly tarball no local data for @base-ui/react@https://registry.npmjs.org/@base-ui/react/-/react-1.7.0.tgz. Extracting by manifest.
3798 silly tarball no local data for is-unicode-supported@https://registry.npmjs.org/is-unicode-supported/-/is-unicode-supported-1.3.0.tgz. Extracting by manifest.
3799 silly tarball no local data for react@https://registry.npmjs.org/react/-/react-19.2.8.tgz. Extracting by manifest.
3800 silly tarball no local data for onetime@https://registry.npmjs.org/onetime/-/onetime-7.0.0.tgz. Extracting by manifest.
3801 silly tarball no local data for ansi-regex@https://registry.npmjs.org/ansi-regex/-/ansi-regex-6.3.0.tgz. Extracting by manifest.
3802 silly tarball no local data for powershell-utils@https://registry.npmjs.org/powershell-utils/-/powershell-utils-0.1.0.tgz. Extracting by manifest.
3803 silly tarball no local data for strip-ansi@https://registry.npmjs.org/strip-ansi/-/strip-ansi-7.2.0.tgz. Extracting by manifest.
3804 silly tarball no local data for picomatch@https://registry.npmjs.org/picomatch/-/picomatch-2.3.2.tgz. Extracting by manifest.
3805 silly tarball no local data for content-type@https://registry.npmjs.org/content-type/-/content-type-2.1.0.tgz. Extracting by manifest.
3806 silly tarball no local data for content-type@https://registry.npmjs.org/content-type/-/content-type-2.1.0.tgz. Extracting by manifest.
3807 silly tarball no local data for content-type@https://registry.npmjs.org/content-type/-/content-type-2.1.0.tgz. Extracting by manifest.
3808 silly tarball no local data for mimic-fn@https://registry.npmjs.org/mimic-fn/-/mimic-fn-2.1.0.tgz. Extracting by manifest.
3809 silly tarball no local data for path-key@https://registry.npmjs.org/path-key/-/path-key-4.0.0.tgz. Extracting by manifest.
3810 silly tarball no local data for isexe@https://registry.npmjs.org/isexe/-/isexe-2.0.0.tgz. Extracting by manifest.
3811 silly tarball no local data for which@https://registry.npmjs.org/which/-/which-2.0.2.tgz. Extracting by manifest.
3812 silly tarball no local data for semver@https://registry.npmjs.org/semver/-/semver-7.8.5.tgz. Extracting by manifest.
3813 silly tarball no local data for is-obj@https://registry.npmjs.org/is-obj/-/is-obj-3.0.0.tgz. Extracting by manifest.
3814 silly tarball no local data for json-schema-typed@https://registry.npmjs.org/json-schema-typed/-/json-schema-typed-7.0.3.tgz. Extracting by manifest.
3815 silly tarball no local data for ajv-formats@https://registry.npmjs.org/ajv-formats/-/ajv-formats-2.1.1.tgz. Extracting by manifest.
3816 silly tarball no local data for source-map@https://registry.npmjs.org/source-map/-/source-map-0.6.1.tgz. Extracting by manifest.
3817 silly tarball no local data for kleur@https://registry.npmjs.org/kleur/-/kleur-3.0.3.tgz. Extracting by manifest.
3818 silly tarball no local data for strip-ansi@https://registry.npmjs.org/strip-ansi/-/strip-ansi-7.2.0.tgz. Extracting by manifest.
3819 silly tarball no local data for is-wsl@https://registry.npmjs.org/is-wsl/-/is-wsl-2.2.0.tgz. Extracting by manifest.
3820 silly tarball no local data for strip-final-newline@https://registry.npmjs.org/strip-final-newline/-/strip-final-newline-2.0.0.tgz. Extracting by manifest.
3821 silly tarball no local data for js-yaml@https://registry.npmjs.org/js-yaml/-/js-yaml-4.3.2.tgz. Extracting by manifest.
3822 silly tarball no local data for argparse@https://registry.npmjs.org/argparse/-/argparse-2.0.1.tgz. Extracting by manifest.
3823 silly tarball no local data for ansi-regex@https://registry.npmjs.org/ansi-regex/-/ansi-regex-6.3.0.tgz. Extracting by manifest.
3824 silly tarball no local data for signal-exit@https://registry.npmjs.org/signal-exit/-/signal-exit-3.0.7.tgz. Extracting by manifest.
3825 silly tarball no local data for define-lazy-prop@https://registry.npmjs.org/define-lazy-prop/-/define-lazy-prop-2.0.0.tgz. Extracting by manifest.
3826 silly tarball no local data for npm-run-path@https://registry.npmjs.org/npm-run-path/-/npm-run-path-4.0.1.tgz. Extracting by manifest.
3827 silly tarball no local data for is-stream@https://registry.npmjs.org/is-stream/-/is-stream-2.0.1.tgz. Extracting by manifest.
3828 silly tarball no local data for is-docker@https://registry.npmjs.org/is-docker/-/is-docker-2.2.1.tgz. Extracting by manifest.
3829 silly tarball no local data for human-signals@https://registry.npmjs.org/human-signals/-/human-signals-2.1.0.tgz. Extracting by manifest.
3830 silly tarball no local data for open@https://registry.npmjs.org/open/-/open-8.4.2.tgz. Extracting by manifest.
3831 silly tarball no local data for get-stream@https://registry.npmjs.org/get-stream/-/get-stream-6.0.1.tgz. Extracting by manifest.
3832 silly tarball no local data for commander@https://registry.npmjs.org/commander/-/commander-11.1.0.tgz. Extracting by manifest.
3833 silly tarball no local data for execa@https://registry.npmjs.org/execa/-/execa-5.1.1.tgz. Extracting by manifest.
3834 silly tarball no local data for @types/unist@https://registry.npmjs.org/@types/unist/-/unist-2.0.11.tgz. Extracting by manifest.
3835 silly tarball no local data for semver@https://registry.npmjs.org/semver/-/semver-7.8.5.tgz. Extracting by manifest.
3836 silly tarball no local data for postcss@https://registry.npmjs.org/postcss/-/postcss-8.5.23.tgz. Extracting by manifest.
3837 http fetch POST 200 https://registry.npmjs.org/-/npm/v1/security/advisories/bulk 212ms
3838 silly audit report {}
3839 http fetch GET 200 https://registry.npmjs.org/mimic-function/-/mimic-function-5.0.1.tgz 144ms (cache miss)
3840 http fetch GET 200 https://registry.npmjs.org/merge-stream/-/merge-stream-2.0.0.tgz 145ms (cache miss)
3841 http fetch GET 200 https://registry.npmjs.org/media-typer/-/media-typer-1.1.1.tgz 144ms (cache miss)
3842 http fetch GET 200 https://registry.npmjs.org/strip-bom/-/strip-bom-3.0.0.tgz 144ms (cache miss)
3843 http fetch GET 200 https://registry.npmjs.org/escalade/-/escalade-3.2.0.tgz 144ms (cache miss)
3844 http fetch GET 200 https://registry.npmjs.org/extend/-/extend-3.0.2.tgz 144ms (cache miss)
3845 http fetch GET 200 https://registry.npmjs.org/bail/-/bail-2.0.2.tgz 144ms (cache miss)
3846 http fetch GET 200 https://registry.npmjs.org/is-wsl/-/is-wsl-3.1.1.tgz 146ms (cache miss)
3847 http fetch GET 200 https://registry.npmjs.org/balanced-match/-/balanced-match-4.0.4.tgz 145ms (cache miss)
3848 http fetch GET 200 https://registry.npmjs.org/trough/-/trough-2.2.0.tgz 146ms (cache miss)
3849 http fetch GET 200 https://registry.npmjs.org/brace-expansion/-/brace-expansion-5.0.9.tgz 170ms (cache miss)
3850 http fetch GET 200 https://registry.npmjs.org/is-number/-/is-number-7.0.0.tgz 172ms (cache miss)
3851 http fetch GET 200 https://registry.npmjs.org/path-browserify/-/path-browserify-1.0.1.tgz 172ms (cache miss)
3852 http fetch GET 200 https://registry.npmjs.org/code-block-writer/-/code-block-writer-13.0.3.tgz 172ms (cache miss)
3853 http fetch GET 200 https://registry.npmjs.org/isexe/-/isexe-3.1.5.tgz 174ms (cache miss)
3854 http fetch GET 200 https://registry.npmjs.org/is-regexp/-/is-regexp-3.1.0.tgz 173ms (cache miss)
3855 http fetch GET 200 https://registry.npmjs.org/client-only/-/client-only-0.0.1.tgz 182ms (cache miss)
3856 http fetch GET 200 https://registry.npmjs.org/inline-style-parser/-/inline-style-parser-0.2.7.tgz 181ms (cache miss)
3857 http fetch GET 200 https://registry.npmjs.org/ansi-regex/-/ansi-regex-5.0.1.tgz 181ms (cache miss)
3858 http fetch GET 200 https://registry.npmjs.org/get-east-asian-width/-/get-east-asian-width-1.6.0.tgz 181ms (cache miss)
3859 http fetch GET 200 https://registry.npmjs.org/dunder-proto/-/dunder-proto-1.0.1.tgz 182ms (cache miss)
3860 http fetch GET 200 https://registry.npmjs.org/style-to-object/-/style-to-object-1.0.14.tgz 182ms (cache miss)
3861 http fetch GET 200 https://registry.npmjs.org/character-entities-html4/-/character-entities-html4-2.1.0.tgz 186ms (cache miss)
3862 http fetch GET 200 https://registry.npmjs.org/minimist/-/minimist-1.2.8.tgz 187ms (cache miss)
3863 http fetch GET 200 https://registry.npmjs.org/get-own-enumerable-keys/-/get-own-enumerable-keys-1.0.0.tgz 223ms (cache miss)
3864 http fetch GET 200 https://registry.npmjs.org/hasown/-/hasown-2.0.4.tgz 223ms (cache miss)
3865 http fetch GET 200 https://registry.npmjs.org/emoji-regex/-/emoji-regex-10.6.0.tgz 225ms (cache miss)
3866 http fetch GET 200 https://registry.npmjs.org/es-object-atoms/-/es-object-atoms-1.1.2.tgz 224ms (cache miss)
3867 http fetch GET 200 https://registry.npmjs.org/smart-buffer/-/smart-buffer-4.2.0.tgz 226ms (cache miss)
3868 http fetch GET 200 https://registry.npmjs.org/call-bind-apply-helpers/-/call-bind-apply-helpers-1.0.2.tgz 226ms (cache miss)
3869 http fetch GET 200 https://registry.npmjs.org/gopd/-/gopd-1.2.0.tgz 227ms (cache miss)
3870 http fetch GET 200 https://registry.npmjs.org/get-intrinsic/-/get-intrinsic-1.3.0.tgz 229ms (cache miss)
3871 http fetch GET 200 https://registry.npmjs.org/math-intrinsics/-/math-intrinsics-1.1.0.tgz 229ms (cache miss)
3872 http fetch GET 200 https://registry.npmjs.org/call-bound/-/call-bound-1.0.4.tgz 230ms (cache miss)
3873 http fetch GET 200 https://registry.npmjs.org/side-channel-weakmap/-/side-channel-weakmap-1.0.2.tgz 230ms (cache miss)
3874 http fetch GET 200 https://registry.npmjs.org/get-proto/-/get-proto-1.0.1.tgz 245ms (cache miss)
3875 http fetch GET 200 https://registry.npmjs.org/has-symbols/-/has-symbols-1.1.0.tgz 245ms (cache miss)
3876 http fetch GET 200 https://registry.npmjs.org/side-channel-map/-/side-channel-map-1.0.1.tgz 245ms (cache miss)
3877 http fetch GET 200 https://registry.npmjs.org/es-errors/-/es-errors-1.3.0.tgz 251ms (cache miss)
3878 http fetch GET 200 https://registry.npmjs.org/shebang-regex/-/shebang-regex-3.0.0.tgz 254ms (cache miss)
3879 http fetch GET 200 https://registry.npmjs.org/function-bind/-/function-bind-1.1.2.tgz 262ms (cache miss)
3880 http fetch GET 200 https://registry.npmjs.org/queue-microtask/-/queue-microtask-1.2.3.tgz 262ms (cache miss)
3881 http fetch GET 200 https://registry.npmjs.org/is-promise/-/is-promise-4.0.0.tgz 263ms (cache miss)
3882 http fetch GET 200 https://registry.npmjs.org/tiny-invariant/-/tiny-invariant-1.3.3.tgz 272ms (cache miss)
3883 http fetch GET 200 https://registry.npmjs.org/@img/colour/-/colour-1.1.0.tgz 279ms (cache miss)
3884 http fetch GET 200 https://registry.npmjs.org/path-to-regexp/-/path-to-regexp-8.4.2.tgz 287ms (cache miss)
3885 http fetch GET 200 https://registry.npmjs.org/unpipe/-/unpipe-1.0.0.tgz 287ms (cache miss)
3886 http fetch GET 200 https://registry.npmjs.org/side-channel-list/-/side-channel-list-1.0.1.tgz 289ms (cache miss)
3887 http fetch GET 200 https://registry.npmjs.org/forwarded/-/forwarded-0.2.0.tgz 290ms (cache miss)
3888 http fetch GET 200 https://registry.npmjs.org/side-channel/-/side-channel-1.1.1.tgz 296ms (cache miss)
3889 http fetch GET 200 https://registry.npmjs.org/es-define-property/-/es-define-property-1.0.1.tgz 296ms (cache miss)
3890 http fetch GET 200 https://registry.npmjs.org/parse-ms/-/parse-ms-4.0.0.tgz 297ms (cache miss)
3891 http fetch GET 200 https://registry.npmjs.org/sisteransi/-/sisteransi-1.0.5.tgz 297ms (cache miss)
3892 http fetch GET 200 https://registry.npmjs.org/cssesc/-/cssesc-3.0.0.tgz 301ms (cache miss)
3893 http fetch GET 200 https://registry.npmjs.org/minimatch/-/minimatch-10.2.6.tgz 314ms (cache miss)
3894 http fetch GET 200 https://registry.npmjs.org/path-exists/-/path-exists-3.0.0.tgz 328ms (cache miss)
3895 http fetch GET 200 https://registry.npmjs.org/util-deprecate/-/util-deprecate-1.0.2.tgz 333ms (cache miss)
3896 http fetch GET 200 https://registry.npmjs.org/p-limit/-/p-limit-2.3.0.tgz 336ms (cache miss)
3897 http fetch GET 200 https://registry.npmjs.org/p-locate/-/p-locate-3.0.0.tgz 337ms (cache miss)
3898 http fetch GET 200 https://registry.npmjs.org/locate-path/-/locate-path-3.0.0.tgz 338ms (cache miss)
3899 http fetch GET 200 https://registry.npmjs.org/p-try/-/p-try-2.2.0.tgz 341ms (cache miss)
3900 http fetch GET 200 https://registry.npmjs.org/lines-and-columns/-/lines-and-columns-1.2.4.tgz 340ms (cache miss)
3901 http fetch GET 200 https://registry.npmjs.org/error-ex/-/error-ex-1.3.4.tgz 340ms (cache miss)
3902 http fetch GET 200 https://registry.npmjs.org/ipaddr.js/-/ipaddr.js-1.9.1.tgz 343ms (cache miss)
3903 http fetch GET 200 https://registry.npmjs.org/is-arrayish/-/is-arrayish-0.2.1.tgz 343ms (cache miss)
3904 http fetch GET 200 https://registry.npmjs.org/find-up/-/find-up-3.0.0.tgz 344ms (cache miss)
3905 http fetch GET 200 https://registry.npmjs.org/json-parse-even-better-errors/-/json-parse-even-better-errors-2.3.1.tgz 345ms (cache miss)
3906 http fetch GET 200 https://registry.npmjs.org/restore-cursor/-/restore-cursor-5.1.0.tgz 344ms (cache miss)
3907 http fetch GET 200 https://registry.npmjs.org/@emnapi/runtime/-/runtime-1.11.3.tgz 351ms (cache miss)
3908 http fetch GET 200 https://registry.npmjs.org/object-inspect/-/object-inspect-1.13.4.tgz 354ms (cache miss)
3909 http fetch GET 200 https://registry.npmjs.org/stdin-discarder/-/stdin-discarder-0.2.2.tgz 351ms (cache miss)
3910 http fetch GET 200 https://registry.npmjs.org/string-width/-/string-width-7.2.0.tgz 359ms (cache miss)
3911 http fetch GET 200 https://registry.npmjs.org/callsites/-/callsites-3.1.0.tgz 361ms (cache miss)
3912 http fetch GET 200 https://registry.npmjs.org/chalk/-/chalk-5.6.2.tgz 371ms (cache miss)
3913 http fetch GET 200 https://registry.npmjs.org/cli-spinners/-/cli-spinners-2.9.2.tgz 371ms (cache miss)
3914 http fetch GET 200 https://registry.npmjs.org/run-applescript/-/run-applescript-7.1.0.tgz 371ms (cache miss)
3915 http fetch GET 200 https://registry.npmjs.org/is-interactive/-/is-interactive-2.0.0.tgz 372ms (cache miss)
3916 http fetch GET 200 https://registry.npmjs.org/is-docker/-/is-docker-3.0.0.tgz 372ms (cache miss)
3917 http fetch GET 200 https://registry.npmjs.org/log-symbols/-/log-symbols-6.0.0.tgz 376ms (cache miss)
3918 http fetch GET 200 https://registry.npmjs.org/bundle-name/-/bundle-name-4.1.0.tgz 381ms (cache miss)
3919 http fetch GET 200 https://registry.npmjs.org/wsl-utils/-/wsl-utils-1.0.0.tgz 381ms (cache miss)
3920 http fetch GET 200 https://registry.npmjs.org/define-lazy-prop/-/define-lazy-prop-3.0.0.tgz 390ms (cache miss)
3921 http fetch GET 200 https://registry.npmjs.org/cli-cursor/-/cli-cursor-5.0.0.tgz 390ms (cache miss)
3922 http fetch GET 200 https://registry.npmjs.org/default-browser-id/-/default-browser-id-5.0.1.tgz 396ms (cache miss)
3923 http fetch GET 200 https://registry.npmjs.org/is-inside-container/-/is-inside-container-1.0.0.tgz 401ms (cache miss)
3924 http fetch GET 200 https://registry.npmjs.org/default-browser/-/default-browser-5.5.1.tgz 403ms (cache miss)
3925 http fetch GET 200 https://registry.npmjs.org/wrappy/-/wrappy-1.0.2.tgz 410ms (cache miss)
3926 http fetch GET 200 https://registry.npmjs.org/is-in-ssh/-/is-in-ssh-1.0.0.tgz 416ms (cache miss)
3927 http fetch GET 200 https://registry.npmjs.org/unicorn-magic/-/unicorn-magic-0.3.0.tgz 416ms (cache miss)
3928 http fetch GET 200 https://registry.npmjs.org/ee-first/-/ee-first-1.1.1.tgz 416ms (cache miss)
3929 http fetch GET 200 https://registry.npmjs.org/yallist/-/yallist-3.1.1.tgz 417ms (cache miss)
3930 http fetch GET 200 https://registry.npmjs.org/resolve-from/-/resolve-from-4.0.0.tgz 419ms (cache miss)
3931 http fetch GET 200 https://registry.npmjs.org/mime-db/-/mime-db-1.54.0.tgz 423ms (cache miss)
3932 http fetch GET 200 https://registry.npmjs.org/powershell-utils/-/powershell-utils-0.2.1.tgz 423ms (cache miss)
3933 http fetch GET 200 https://registry.npmjs.org/braces/-/braces-3.0.3.tgz 436ms (cache miss)
3934 http fetch GET 200 https://registry.npmjs.org/is-extglob/-/is-extglob-2.1.1.tgz 444ms (cache miss)
3935 http fetch GET 200 https://registry.npmjs.org/fill-range/-/fill-range-7.1.1.tgz 444ms (cache miss)
3936 http fetch GET 200 https://registry.npmjs.org/setprototypeof/-/setprototypeof-1.2.0.tgz 445ms (cache miss)
3937 http fetch GET 200 https://registry.npmjs.org/toidentifier/-/toidentifier-1.0.1.tgz 449ms (cache miss)
3938 http fetch GET 200 https://registry.npmjs.org/safer-buffer/-/safer-buffer-2.1.2.tgz 457ms (cache miss)
3939 http fetch GET 200 https://registry.npmjs.org/parent-module/-/parent-module-1.0.1.tgz 458ms (cache miss)
3940 http fetch GET 200 https://registry.npmjs.org/is-glob/-/is-glob-4.0.3.tgz 458ms (cache miss)
3941 http fetch GET 200 https://registry.npmjs.org/inherits/-/inherits-2.0.4.tgz 459ms (cache miss)
3942 http fetch GET 200 https://registry.npmjs.org/@sec-ant/readable-stream/-/readable-stream-0.4.1.tgz 466ms (cache miss)
3943 http fetch GET 200 https://registry.npmjs.org/is-unicode-supported/-/is-unicode-supported-2.1.0.tgz 467ms (cache miss)
3944 http fetch GET 200 https://registry.npmjs.org/universalify/-/universalify-2.0.1.tgz 470ms (cache miss)
3945 http fetch GET 200 https://registry.npmjs.org/jsonfile/-/jsonfile-6.2.1.tgz 489ms (cache miss)
3946 http fetch GET 200 https://registry.npmjs.org/run-parallel/-/run-parallel-1.2.0.tgz 489ms (cache miss)
3947 http fetch GET 200 https://registry.npmjs.org/to-regex-range/-/to-regex-range-5.0.1.tgz 490ms (cache miss)
3948 http fetch GET 200 https://registry.npmjs.org/reusify/-/reusify-1.1.0.tgz 489ms (cache miss)
3949 http fetch GET 200 https://registry.npmjs.org/fastq/-/fastq-1.20.3.tgz 492ms (cache miss)
3950 http fetch GET 200 https://registry.npmjs.org/glob-parent/-/glob-parent-5.1.2.tgz 493ms (cache miss)
3951 http fetch GET 200 https://registry.npmjs.org/micromatch/-/micromatch-4.0.8.tgz 493ms (cache miss)
3952 http fetch GET 200 https://registry.npmjs.org/merge2/-/merge2-1.4.1.tgz 499ms (cache miss)
3953 http fetch GET 200 https://registry.npmjs.org/@nodelib/fs.walk/-/fs.walk-1.2.8.tgz 507ms (cache miss)
3954 http fetch GET 200 https://registry.npmjs.org/type-is/-/type-is-2.1.0.tgz 507ms (cache miss)
3955 http fetch GET 200 https://registry.npmjs.org/negotiator/-/negotiator-1.1.0.tgz 521ms (cache miss)
3956 http fetch GET 200 https://registry.npmjs.org/@nodelib/fs.stat/-/fs.stat-2.0.5.tgz 522ms (cache miss)
3957 http fetch GET 200 https://registry.npmjs.org/serve-static/-/serve-static-2.2.1.tgz 524ms (cache miss)
3958 http fetch GET 200 https://registry.npmjs.org/parseurl/-/parseurl-1.3.3.tgz 532ms (cache miss)
3959 http fetch GET 200 https://registry.npmjs.org/send/-/send-1.2.1.tgz 533ms (cache miss)
3960 http fetch GET 200 https://registry.npmjs.org/range-parser/-/range-parser-1.3.0.tgz 534ms (cache miss)
3961 http fetch GET 200 https://registry.npmjs.org/@ts-morph/common/-/common-0.27.0.tgz 554ms (cache miss)
3962 http fetch GET 200 https://registry.npmjs.org/router/-/router-2.2.0.tgz 548ms (cache miss)
3963 http fetch GET 200 https://registry.npmjs.org/on-finished/-/on-finished-2.4.1.tgz 551ms (cache miss)
3964 http fetch GET 200 https://registry.npmjs.org/@nodelib/fs.scandir/-/fs.scandir-2.1.5.tgz 553ms (cache miss)
3965 http fetch GET 200 https://registry.npmjs.org/once/-/once-1.4.0.tgz 552ms (cache miss)
3966 http fetch GET 200 https://registry.npmjs.org/merge-descriptors/-/merge-descriptors-2.0.0.tgz 560ms (cache miss)
3967 http fetch GET 200 https://registry.npmjs.org/fresh/-/fresh-2.0.0.tgz 560ms (cache miss)
3968 http fetch GET 200 https://registry.npmjs.org/mime-types/-/mime-types-3.0.2.tgz 561ms (cache miss)
3969 http fetch GET 200 https://registry.npmjs.org/proxy-addr/-/proxy-addr-2.0.7.tgz 561ms (cache miss)
3970 http fetch GET 200 https://registry.npmjs.org/bytes/-/bytes-3.1.2.tgz 563ms (cache miss)
3971 http fetch GET 200 https://registry.npmjs.org/etag/-/etag-1.8.1.tgz 562ms (cache miss)
3972 http fetch GET 200 https://registry.npmjs.org/http-errors/-/http-errors-2.0.1.tgz 565ms (cache miss)
3973 http fetch GET 200 https://registry.npmjs.org/finalhandler/-/finalhandler-2.1.1.tgz 568ms (cache miss)
3974 http fetch GET 200 https://registry.npmjs.org/escape-html/-/escape-html-1.0.3.tgz 572ms (cache miss)
3975 http fetch GET 200 https://registry.npmjs.org/cookie-signature/-/cookie-signature-1.2.2.tgz 573ms (cache miss)
3976 http fetch GET 200 https://registry.npmjs.org/depd/-/depd-2.0.0.tgz 578ms (cache miss)
3977 http fetch GET 200 https://registry.npmjs.org/statuses/-/statuses-2.0.2.tgz 581ms (cache miss)
3978 http fetch GET 200 https://registry.npmjs.org/cookie/-/cookie-0.7.2.tgz 584ms (cache miss)
3979 http fetch GET 200 https://registry.npmjs.org/encodeurl/-/encodeurl-2.0.0.tgz 585ms (cache miss)
3980 http fetch GET 200 https://registry.npmjs.org/ast-types/-/ast-types-0.16.3.tgz 596ms (cache miss)
3981 http fetch GET 200 https://registry.npmjs.org/yoctocolors/-/yoctocolors-2.2.0.tgz 594ms (cache miss)
3982 http fetch GET 200 https://registry.npmjs.org/content-disposition/-/content-disposition-1.1.0.tgz 596ms (cache miss)
3983 http fetch GET 200 https://registry.npmjs.org/strip-final-newline/-/strip-final-newline-4.0.0.tgz 596ms (cache miss)
3984 http fetch GET 200 https://registry.npmjs.org/accepts/-/accepts-2.0.0.tgz 603ms (cache miss)
3985 http fetch GET 200 https://registry.npmjs.org/is-stream/-/is-stream-4.0.1.tgz 660ms (cache miss)
3986 http fetch GET 200 https://registry.npmjs.org/ip-address/-/ip-address-10.7.0.tgz 664ms (cache miss)
3987 http fetch GET 200 https://registry.npmjs.org/pretty-ms/-/pretty-ms-9.3.1.tgz 663ms (cache miss)
3988 http fetch GET 200 https://registry.npmjs.org/npm-run-path/-/npm-run-path-6.0.0.tgz 665ms (cache miss)
3989 http fetch GET 200 https://registry.npmjs.org/figures/-/figures-6.1.0.tgz 674ms (cache miss)
3990 http fetch GET 200 https://registry.npmjs.org/is-plain-obj/-/is-plain-obj-4.1.0.tgz 677ms (cache miss)
3991 http fetch GET 200 https://registry.npmjs.org/iconv-lite/-/iconv-lite-0.7.3.tgz 682ms (cache miss)
3992 http fetch GET 200 https://registry.npmjs.org/ansi-colors/-/ansi-colors-4.1.3.tgz 688ms (cache miss)
3993 http fetch GET 200 https://registry.npmjs.org/is-obj/-/is-obj-2.0.0.tgz 688ms (cache miss)
3994 http fetch GET 200 https://registry.npmjs.org/path-key/-/path-key-3.1.1.tgz 688ms (cache miss)
3995 http fetch GET 200 https://registry.npmjs.org/mimic-fn/-/mimic-fn-3.1.0.tgz 687ms (cache miss)
3996 http fetch GET 200 https://registry.npmjs.org/debounce-fn/-/debounce-fn-4.0.0.tgz 688ms (cache miss)
3997 http fetch GET 200 https://registry.npmjs.org/shebang-command/-/shebang-command-2.0.0.tgz 689ms (cache miss)
3998 http fetch GET 200 https://registry.npmjs.org/object-assign/-/object-assign-4.1.1.tgz 689ms (cache miss)
3999 http fetch GET 200 https://registry.npmjs.org/@sindresorhus/merge-streams/-/merge-streams-4.0.0.tgz 690ms (cache miss)
4000 http fetch GET 200 https://registry.npmjs.org/import-fresh/-/import-fresh-3.3.1.tgz 689ms (cache miss)
4001 http fetch GET 200 https://registry.npmjs.org/dot-prop/-/dot-prop-6.0.1.tgz 689ms (cache miss)
4002 http fetch GET 200 https://registry.npmjs.org/parse-json/-/parse-json-5.2.0.tgz 690ms (cache miss)
4003 http fetch GET 200 https://registry.npmjs.org/vary/-/vary-1.1.2.tgz 689ms (cache miss)
4004 http fetch GET 200 https://registry.npmjs.org/update-browserslist-db/-/update-browserslist-db-1.3.2.tgz 689ms (cache miss)
4005 http fetch GET 200 https://registry.npmjs.org/require-from-string/-/require-from-string-2.0.2.tgz 691ms (cache miss)
4006 http fetch GET 200 https://registry.npmjs.org/get-stream/-/get-stream-9.0.1.tgz 695ms (cache miss)
4007 http fetch GET 200 https://registry.npmjs.org/pkg-up/-/pkg-up-3.1.0.tgz 694ms (cache miss)
4008 http fetch GET 200 https://registry.npmjs.org/node-releases/-/node-releases-2.0.54.tgz 695ms (cache miss)
4009 http fetch GET 200 https://registry.npmjs.org/onetime/-/onetime-5.1.2.tgz 695ms (cache miss)
4010 http fetch GET 200 https://registry.npmjs.org/strip-ansi/-/strip-ansi-6.0.1.tgz 696ms (cache miss)
4011 http fetch GET 200 https://registry.npmjs.org/json-schema-traverse/-/json-schema-traverse-1.0.0.tgz 695ms (cache miss)
4012 http fetch GET 200 https://registry.npmjs.org/raw-body/-/raw-body-3.0.2.tgz 697ms (cache miss)
4013 http fetch GET 200 https://registry.npmjs.org/fast-deep-equal/-/fast-deep-equal-3.1.3.tgz 698ms (cache miss)
4014 http fetch GET 200 https://registry.npmjs.org/body-parser/-/body-parser-2.3.0.tgz 703ms (cache miss)
4015 http fetch GET 200 https://registry.npmjs.org/pkce-challenge/-/pkce-challenge-5.0.1.tgz 701ms (cache miss)
4016 http fetch GET 200 https://registry.npmjs.org/human-signals/-/human-signals-8.0.1.tgz 706ms (cache miss)
4017 http fetch GET 200 https://registry.npmjs.org/cross-spawn/-/cross-spawn-7.0.6.tgz 711ms (cache miss)
4018 http fetch GET 200 https://registry.npmjs.org/cors/-/cors-2.8.6.tgz 718ms (cache miss)
4019 http fetch GET 200 https://registry.npmjs.org/qs/-/qs-6.16.0.tgz 724ms (cache miss)
4020 http fetch GET 200 https://registry.npmjs.org/content-type/-/content-type-1.0.5.tgz 723ms (cache miss)
4021 http fetch GET 200 https://registry.npmjs.org/yocto-spinner/-/yocto-spinner-1.2.2.tgz 724ms (cache miss)
4022 http fetch GET 200 https://registry.npmjs.org/which/-/which-4.0.0.tgz 725ms (cache miss)
4023 http fetch GET 200 https://registry.npmjs.org/express-rate-limit/-/express-rate-limit-8.7.0.tgz 735ms (cache miss)
4024 http fetch GET 200 https://registry.npmjs.org/fdir/-/fdir-6.5.0.tgz 736ms (cache miss)
4025 http fetch GET 200 https://registry.npmjs.org/object-treeify/-/object-treeify-1.1.33.tgz 737ms (cache miss)
4026 http fetch GET 200 https://registry.npmjs.org/json-schema-typed/-/json-schema-typed-8.0.2.tgz 739ms (cache miss)
4027 http fetch GET 200 https://registry.npmjs.org/env-paths/-/env-paths-2.2.1.tgz 737ms (cache miss)
4028 http fetch GET 200 https://registry.npmjs.org/express/-/express-5.2.1.tgz 739ms (cache miss)
4029 http fetch GET 200 https://registry.npmjs.org/electron-to-chromium/-/electron-to-chromium-1.5.420.tgz 746ms (cache miss)
4030 http fetch GET 200 https://registry.npmjs.org/ignore/-/ignore-5.3.2.tgz 751ms (cache miss)
4031 http fetch GET 200 https://registry.npmjs.org/eventsource/-/eventsource-3.0.7.tgz 754ms (cache miss)
4032 http fetch GET 200 https://registry.npmjs.org/ajv-formats/-/ajv-formats-3.0.1.tgz 757ms (cache miss)
4033 http fetch GET 200 https://registry.npmjs.org/picomatch/-/picomatch-4.0.7.tgz 763ms (cache miss)
4034 http fetch GET 200 https://registry.npmjs.org/@dotenvx/primitives/-/primitives-0.8.0.tgz 769ms (cache miss)
4035 http fetch GET 200 https://registry.npmjs.org/@babel/helper-globals/-/helper-globals-7.29.7.tgz 770ms (cache miss)
4036 http fetch GET 200 https://registry.npmjs.org/@babel/helper-optimise-call-expression/-/helper-optimise-call-expression-7.29.7.tgz 773ms (cache miss)
4037 http fetch GET 200 https://registry.npmjs.org/@babel/helper-string-parser/-/helper-string-parser-7.29.7.tgz 775ms (cache miss)
4038 http fetch GET 200 https://registry.npmjs.org/conf/-/conf-10.2.0.tgz 778ms (cache miss)
4039 http fetch GET 200 https://registry.npmjs.org/signal-exit/-/signal-exit-4.1.0.tgz 784ms (cache miss)
4040 http fetch GET 200 https://registry.npmjs.org/@babel/plugin-syntax-jsx/-/plugin-syntax-jsx-7.29.7.tgz 782ms (cache miss)
4041 http fetch GET 200 https://registry.npmjs.org/eventsource-parser/-/eventsource-parser-3.1.1.tgz 785ms (cache miss)
4042 http fetch GET 200 https://registry.npmjs.org/@babel/helper-replace-supers/-/helper-replace-supers-7.29.7.tgz 783ms (cache miss)
4043 http fetch GET 200 https://registry.npmjs.org/@babel/helper-member-expression-to-functions/-/helper-member-expression-to-functions-7.29.7.tgz 783ms (cache miss)
4044 http fetch GET 200 https://registry.npmjs.org/@babel/helper-skip-transparent-expression-wrappers/-/helper-skip-transparent-expression-wrappers-7.29.7.tgz 784ms (cache miss)
4045 http fetch GET 200 https://registry.npmjs.org/lru-cache/-/lru-cache-5.1.1.tgz 785ms (cache miss)
4046 http fetch GET 200 https://registry.npmjs.org/@babel/helper-plugin-utils/-/helper-plugin-utils-7.29.7.tgz 785ms (cache miss)
4047 http fetch GET 200 https://registry.npmjs.org/@babel/plugin-syntax-typescript/-/plugin-syntax-typescript-7.29.7.tgz 791ms (cache miss)
4048 http fetch GET 200 https://registry.npmjs.org/dotenv/-/dotenv-17.4.2.tgz 798ms (cache miss)
4049 http fetch GET 200 https://registry.npmjs.org/@babel/helper-annotate-as-pure/-/helper-annotate-as-pure-7.29.7.tgz 800ms (cache miss)
4050 http fetch GET 200 https://registry.npmjs.org/@babel/plugin-transform-modules-commonjs/-/plugin-transform-modules-commonjs-7.29.7.tgz 804ms (cache miss)
4051 http fetch GET 200 https://registry.npmjs.org/@babel/helper-validator-option/-/helper-validator-option-7.29.7.tgz 819ms (cache miss)
4052 http fetch GET 200 https://registry.npmjs.org/@babel/helper-module-imports/-/helper-module-imports-7.29.7.tgz 819ms (cache miss)
4053 http fetch GET 200 https://registry.npmjs.org/gensync/-/gensync-1.0.0-beta.2.tgz 822ms (cache miss)
4054 http fetch GET 200 https://registry.npmjs.org/semver/-/semver-6.3.1.tgz 823ms (cache miss)
4055 http fetch GET 200 https://registry.npmjs.org/jsesc/-/jsesc-3.1.0.tgz 824ms (cache miss)
4056 http fetch GET 200 https://registry.npmjs.org/convert-source-map/-/convert-source-map-2.0.0.tgz 824ms (cache miss)
4057 http fetch GET 200 https://registry.npmjs.org/@babel/helper-compilation-targets/-/helper-compilation-targets-7.29.7.tgz 832ms (cache miss)
4058 http fetch GET 200 https://registry.npmjs.org/@hono/node-server/-/node-server-2.1.1.tgz 842ms (cache miss)
4059 http fetch GET 200 https://registry.npmjs.org/validate-npm-package-name/-/validate-npm-package-name-7.0.2.tgz 848ms (cache miss)
4060 http fetch GET 200 https://registry.npmjs.org/atomically/-/atomically-1.7.0.tgz 871ms (cache miss)
4061 http fetch GET 200 https://registry.npmjs.org/stringify-object/-/stringify-object-5.0.0.tgz 876ms (cache miss)
4062 http fetch GET 200 https://registry.npmjs.org/@babel/compat-data/-/compat-data-7.29.7.tgz 880ms (cache miss)
4063 http fetch GET 200 https://registry.npmjs.org/ora/-/ora-8.2.0.tgz 896ms (cache miss)
4064 http fetch GET 200 https://registry.npmjs.org/systeminformation/-/systeminformation-5.33.8.tgz 902ms (cache miss)
4065 http fetch GET 200 https://registry.npmjs.org/@babel/helper-create-class-features-plugin/-/helper-create-class-features-plugin-7.29.7.tgz 899ms (cache miss)
4066 http fetch GET 200 https://registry.npmjs.org/kleur/-/kleur-4.1.5.tgz 897ms (cache miss)
4067 http fetch GET 200 https://registry.npmjs.org/deepmerge/-/deepmerge-4.3.1.tgz 902ms (cache miss)
4068 http fetch GET 200 https://registry.npmjs.org/fast-uri/-/fast-uri-3.1.7.tgz 912ms (cache miss)
4069 http fetch GET 200 https://registry.npmjs.org/fuzzysort/-/fuzzysort-3.1.0.tgz 906ms (cache miss)
4070 http fetch GET 200 https://registry.npmjs.org/@babel/template/-/template-7.29.7.tgz 915ms (cache miss)
4071 http fetch GET 200 https://registry.npmjs.org/open/-/open-11.0.2.tgz 915ms (cache miss)
4072 http fetch GET 200 https://registry.npmjs.org/@types/validate-npm-package-name/-/validate-npm-package-name-4.0.2.tgz 919ms (cache miss)
4073 http fetch GET 200 https://registry.npmjs.org/json5/-/json5-2.2.3.tgz 928ms (cache miss)
4074 http fetch GET 200 https://registry.npmjs.org/@babel/helper-module-transforms/-/helper-module-transforms-7.29.7.tgz 936ms (cache miss)
4075 http fetch GET 200 https://registry.npmjs.org/dedent/-/dedent-1.7.2.tgz 943ms (cache miss)
4076 http fetch GET 200 https://registry.npmjs.org/is-extendable/-/is-extendable-0.1.1.tgz 954ms (cache miss)
4077 http fetch GET 200 https://registry.npmjs.org/extend-shallow/-/extend-shallow-2.0.1.tgz 957ms (cache miss)
4078 http fetch GET 200 https://registry.npmjs.org/enquirer/-/enquirer-2.4.1.tgz 977ms (cache miss)
4079 http fetch GET 200 https://registry.npmjs.org/micromark-util-events-to-acorn/-/micromark-util-events-to-acorn-2.0.3.tgz 970ms (cache miss)
4080 http fetch GET 200 https://registry.npmjs.org/trim-lines/-/trim-lines-3.0.1.tgz 971ms (cache miss)
4081 http fetch GET 200 https://registry.npmjs.org/micromark-factory-mdx-expression/-/micromark-factory-mdx-expression-2.0.3.tgz 977ms (cache miss)
4082 http fetch GET 200 https://registry.npmjs.org/micromark-extension-mdxjs-esm/-/micromark-extension-mdxjs-esm-3.0.0.tgz 977ms (cache miss)
4083 http fetch GET 200 https://registry.npmjs.org/micromark-extension-mdx-md/-/micromark-extension-mdx-md-2.0.0.tgz 980ms (cache miss)
4084 http fetch GET 200 https://registry.npmjs.org/@babel/preset-typescript/-/preset-typescript-7.29.7.tgz 983ms (cache miss)
4085 http fetch GET 200 https://registry.npmjs.org/micromark-extension-mdx-expression/-/micromark-extension-mdx-expression-3.0.1.tgz 985ms (cache miss)
4086 http fetch GET 200 https://registry.npmjs.org/browserslist/-/browserslist-4.28.8.tgz 989ms (cache miss)
4087 http fetch GET 200 https://registry.npmjs.org/micromark-extension-gfm-task-list-item/-/micromark-extension-gfm-task-list-item-2.1.0.tgz 1001ms (cache miss)
4088 http fetch GET 200 https://registry.npmjs.org/micromark-extension-mdxjs/-/micromark-extension-mdxjs-3.0.0.tgz 1009ms (cache miss)
4089 http fetch GET 200 https://registry.npmjs.org/@babel/plugin-transform-typescript/-/plugin-transform-typescript-7.29.7.tgz 1013ms (cache miss)
4090 http fetch GET 200 https://registry.npmjs.org/micromark-extension-gfm-tagfilter/-/micromark-extension-gfm-tagfilter-2.0.0.tgz 1011ms (cache miss)
4091 http fetch GET 200 https://registry.npmjs.org/micromark-extension-gfm-strikethrough/-/micromark-extension-gfm-strikethrough-2.1.0.tgz 1017ms (cache miss)
4092 http fetch GET 200 https://registry.npmjs.org/mdast-util-mdx/-/mdast-util-mdx-3.0.0.tgz 1022ms (cache miss)
4093 http fetch GET 200 https://registry.npmjs.org/unist-util-visit-parents/-/unist-util-visit-parents-6.0.2.tgz 1023ms (cache miss)
4094 http fetch GET 200 https://registry.npmjs.org/ts-morph/-/ts-morph-26.0.0.tgz 1029ms (cache miss)
4095 http fetch GET 200 https://registry.npmjs.org/mdast-util-gfm-task-list-item/-/mdast-util-gfm-task-list-item-2.0.0.tgz 1026ms (cache miss)
4096 http fetch GET 200 https://registry.npmjs.org/commander/-/commander-14.0.3.tgz 1032ms (cache miss)
4097 http fetch GET 200 https://registry.npmjs.org/mdast-util-gfm-table/-/mdast-util-gfm-table-2.0.0.tgz 1033ms (cache miss)
4098 http fetch GET 200 https://registry.npmjs.org/mdast-util-gfm-footnote/-/mdast-util-gfm-footnote-2.1.0.tgz 1035ms (cache miss)
4099 http fetch GET 200 https://registry.npmjs.org/escape-string-regexp/-/escape-string-regexp-5.0.0.tgz 1036ms (cache miss)
4100 http fetch GET 200 https://registry.npmjs.org/markdown-table/-/markdown-table-3.0.4.tgz 1044ms (cache miss)
4101 http fetch GET 200 https://registry.npmjs.org/mdast-util-gfm-autolink-literal/-/mdast-util-gfm-autolink-literal-2.0.1.tgz 1050ms (cache miss)
4102 http fetch GET 200 https://registry.npmjs.org/mdast-util-find-and-replace/-/mdast-util-find-and-replace-3.0.2.tgz 1052ms (cache miss)
4103 http fetch GET 200 https://registry.npmjs.org/@ungap/structured-clone/-/structured-clone-1.4.0.tgz 1055ms (cache miss)
4104 http fetch GET 200 https://registry.npmjs.org/mdast-util-gfm-strikethrough/-/mdast-util-gfm-strikethrough-2.0.0.tgz 1054ms (cache miss)
4105 http fetch GET 200 https://registry.npmjs.org/micromark-extension-gfm/-/micromark-extension-gfm-3.0.0.tgz 1057ms (cache miss)
4106 http fetch GET 200 https://registry.npmjs.org/cosmiconfig/-/cosmiconfig-9.0.2.tgz 1064ms (cache miss)
4107 http fetch GET 200 https://registry.npmjs.org/esast-util-from-estree/-/esast-util-from-estree-2.0.0.tgz 1062ms (cache miss)
4108 http fetch GET 200 https://registry.npmjs.org/mdast-util-gfm/-/mdast-util-gfm-3.1.0.tgz 1062ms (cache miss)
4109 http fetch GET 200 https://registry.npmjs.org/estree-util-attach-comments/-/estree-util-attach-comments-3.0.0.tgz 1063ms (cache miss)
4110 http fetch GET 200 https://registry.npmjs.org/remark-stringify/-/remark-stringify-11.0.0.tgz 1070ms (cache miss)
4111 http fetch GET 200 https://registry.npmjs.org/estree-util-visit/-/estree-util-visit-2.0.0.tgz 1070ms (cache miss)
4112 http fetch GET 200 https://registry.npmjs.org/esast-util-from-js/-/esast-util-from-js-2.0.1.tgz 1071ms (cache miss)
4113 http fetch GET 200 https://registry.npmjs.org/estree-util-to-js/-/estree-util-to-js-2.0.0.tgz 1076ms (cache miss)
4114 http fetch GET 200 https://registry.npmjs.org/recma-parse/-/recma-parse-1.0.0.tgz 1080ms (cache miss)
4115 http fetch GET 200 https://registry.npmjs.org/acorn-jsx/-/acorn-jsx-5.3.2.tgz 1088ms (cache miss)
4116 http fetch GET 200 https://registry.npmjs.org/is-alphabetical/-/is-alphabetical-2.0.1.tgz 1091ms (cache miss)
4117 http fetch GET 200 https://registry.npmjs.org/is-hexadecimal/-/is-hexadecimal-2.0.1.tgz 1093ms (cache miss)
4118 http fetch GET 200 https://registry.npmjs.org/nanoid/-/nanoid-3.3.18.tgz 1100ms (cache miss)
4119 http fetch GET 200 https://registry.npmjs.org/micromark-factory-label/-/micromark-factory-label-2.0.1.tgz 1103ms (cache miss)
4120 http fetch GET 200 https://registry.npmjs.org/is-alphanumerical/-/is-alphanumerical-2.0.1.tgz 1107ms (cache miss)
4121 http fetch GET 200 https://registry.npmjs.org/scheduler/-/scheduler-0.27.0.tgz 1107ms (cache miss)
4122 http fetch GET 200 https://registry.npmjs.org/estree-util-build-jsx/-/estree-util-build-jsx-3.0.1.tgz 1107ms (cache miss)
4123 http fetch GET 200 https://registry.npmjs.org/character-entities-legacy/-/character-entities-legacy-3.0.0.tgz 1108ms (cache miss)
4124 http fetch GET 200 https://registry.npmjs.org/is-decimal/-/is-decimal-2.0.1.tgz 1112ms (cache miss)
4125 http fetch GET 200 https://registry.npmjs.org/character-reference-invalid/-/character-reference-invalid-2.0.1.tgz 1114ms (cache miss)
4126 http fetch GET 200 https://registry.npmjs.org/micromark-extension-gfm-autolink-literal/-/micromark-extension-gfm-autolink-literal-2.1.0.tgz 1119ms (cache miss)
4127 http fetch GET 200 https://registry.npmjs.org/micromark-util-html-tag-name/-/micromark-util-html-tag-name-2.0.1.tgz 1118ms (cache miss)
4128 http fetch GET 200 https://registry.npmjs.org/socks/-/socks-2.8.10.tgz 1124ms (cache miss)
4129 http fetch GET 200 https://registry.npmjs.org/micromark-factory-whitespace/-/micromark-factory-whitespace-2.0.1.tgz 1119ms (cache miss)
4130 http fetch GET 200 https://registry.npmjs.org/micromark-extension-gfm-footnote/-/micromark-extension-gfm-footnote-2.1.0.tgz 1123ms (cache miss)
4131 http fetch GET 200 https://registry.npmjs.org/ms/-/ms-2.1.3.tgz 1120ms (cache miss)
4132 http fetch GET 200 https://registry.npmjs.org/micromark-util-subtokenize/-/micromark-util-subtokenize-2.1.0.tgz 1128ms (cache miss)
4133 http fetch GET 200 https://registry.npmjs.org/micromark-factory-title/-/micromark-factory-title-2.0.1.tgz 1129ms (cache miss)
4134 http fetch GET 200 https://registry.npmjs.org/fs-extra/-/fs-extra-11.4.0.tgz 1139ms (cache miss)
4135 http fetch GET 200 https://registry.npmjs.org/micromark-util-sanitize-uri/-/micromark-util-sanitize-uri-2.0.1.tgz 1135ms (cache miss)
4136 http fetch GET 200 https://registry.npmjs.org/micromark-factory-destination/-/micromark-factory-destination-2.0.1.tgz 1138ms (cache miss)
4137 http fetch GET 200 https://registry.npmjs.org/micromark-util-resolve-all/-/micromark-util-resolve-all-2.0.1.tgz 1138ms (cache miss)
4138 http fetch GET 200 https://registry.npmjs.org/micromark-util-character/-/micromark-util-character-2.1.1.tgz 1138ms (cache miss)
4139 http fetch GET 200 https://registry.npmjs.org/@types/ms/-/ms-2.1.0.tgz 1140ms (cache miss)
4140 http fetch GET 200 https://registry.npmjs.org/micromark-util-combine-extensions/-/micromark-util-combine-extensions-2.0.1.tgz 1139ms (cache miss)
4141 http fetch GET 200 https://registry.npmjs.org/micromark-util-chunked/-/micromark-util-chunked-2.0.1.tgz 1141ms (cache miss)
4142 http fetch GET 200 https://registry.npmjs.org/micromark-util-encode/-/micromark-util-encode-2.0.1.tgz 1144ms (cache miss)
4143 http fetch GET 200 https://registry.npmjs.org/yaml/-/yaml-2.9.0.tgz 1179ms (cache miss)
4144 http fetch GET 200 https://registry.npmjs.org/micromark-util-classify-character/-/micromark-util-classify-character-2.0.1.tgz 1152ms (cache miss)
4145 http fetch GET 200 https://registry.npmjs.org/micromark-factory-space/-/micromark-factory-space-2.0.1.tgz 1155ms (cache miss)
4146 http fetch GET 200 https://registry.npmjs.org/debug/-/debug-4.4.3.tgz 1160ms (cache miss)
4147 http fetch GET 200 https://registry.npmjs.org/postcss-selector-parser/-/postcss-selector-parser-7.1.6.tgz 1169ms (cache miss)
4148 http fetch GET 200 https://registry.npmjs.org/ccount/-/ccount-2.0.1.tgz 1171ms (cache miss)
4149 http fetch GET 200 https://registry.npmjs.org/mdast-util-phrasing/-/mdast-util-phrasing-4.1.0.tgz 1175ms (cache miss)
4150 http fetch GET 200 https://registry.npmjs.org/zwitch/-/zwitch-2.0.4.tgz 1177ms (cache miss)
4151 http fetch GET 200 https://registry.npmjs.org/@types/debug/-/debug-4.1.13.tgz 1181ms (cache miss)
4152 http fetch GET 200 https://registry.npmjs.org/astring/-/astring-1.9.0.tgz 1184ms (cache miss)
4153 http fetch GET 200 https://registry.npmjs.org/parse-entities/-/parse-entities-4.0.2.tgz 1183ms (cache miss)
4154 http fetch GET 200 https://registry.npmjs.org/longest-streak/-/longest-streak-3.1.0.tgz 1190ms (cache miss)
4155 http fetch GET 200 https://registry.npmjs.org/micromark-util-normalize-identifier/-/micromark-util-normalize-identifier-2.0.1.tgz 1191ms (cache miss)
4156 http fetch GET 200 https://registry.npmjs.org/character-entities/-/character-entities-2.0.2.tgz 1194ms (cache miss)
4157 http fetch GET 200 https://registry.npmjs.org/micromark-util-types/-/micromark-util-types-2.0.2.tgz 1195ms (cache miss)
4158 http fetch GET 200 https://registry.npmjs.org/unist-util-is/-/unist-util-is-6.0.1.tgz 1196ms (cache miss)
4159 http fetch GET 200 https://registry.npmjs.org/micromark-util-symbol/-/micromark-util-symbol-2.0.1.tgz 1197ms (cache miss)
4160 http fetch GET 200 https://registry.npmjs.org/micromark-util-decode-string/-/micromark-util-decode-string-2.0.1.tgz 1197ms (cache miss)
4161 http fetch GET 200 https://registry.npmjs.org/stringify-entities/-/stringify-entities-4.0.4.tgz 1200ms (cache miss)
4162 http fetch GET 200 https://registry.npmjs.org/mdast-util-to-string/-/mdast-util-to-string-4.0.0.tgz 1201ms (cache miss)
4163 http fetch GET 200 https://registry.npmjs.org/@types/mdast/-/mdast-4.0.4.tgz 1206ms (cache miss)
4164 http fetch GET 200 https://registry.npmjs.org/micromark-util-decode-numeric-character-reference/-/micromark-util-decode-numeric-character-reference-2.0.2.tgz 1210ms (cache miss)
4165 http fetch GET 200 https://registry.npmjs.org/decode-named-character-reference/-/decode-named-character-reference-1.3.0.tgz 1216ms (cache miss)
4166 http fetch GET 200 https://registry.npmjs.org/unist-util-position/-/unist-util-position-5.0.0.tgz 1218ms (cache miss)
4167 http fetch GET 200 https://registry.npmjs.org/@babel/generator/-/generator-7.29.8.tgz 1231ms (cache miss)
4168 http fetch GET 200 https://registry.npmjs.org/mdast-util-mdx-jsx/-/mdast-util-mdx-jsx-3.2.0.tgz 1223ms (cache miss)
4169 http fetch GET 200 https://registry.npmjs.org/mdast-util-mdxjs-esm/-/mdast-util-mdxjs-esm-2.0.1.tgz 1235ms (cache miss)
4170 http fetch GET 200 https://registry.npmjs.org/micromark-extension-mdx-jsx/-/micromark-extension-mdx-jsx-3.0.2.tgz 1243ms (cache miss)
4171 http fetch GET 200 https://registry.npmjs.org/space-separated-tokens/-/space-separated-tokens-2.0.2.tgz 1238ms (cache miss)
4172 http fetch GET 200 https://registry.npmjs.org/mdast-util-mdx-expression/-/mdast-util-mdx-expression-2.0.1.tgz 1240ms (cache miss)
4173 http fetch GET 200 https://registry.npmjs.org/comma-separated-tokens/-/comma-separated-tokens-2.0.3.tgz 1242ms (cache miss)
4174 http fetch GET 200 https://registry.npmjs.org/dequal/-/dequal-2.0.3.tgz 1247ms (cache miss)
4175 http fetch GET 200 https://registry.npmjs.org/micromark-extension-gfm-table/-/micromark-extension-gfm-table-2.1.1.tgz 1255ms (cache miss)
4176 http fetch GET 200 https://registry.npmjs.org/recast/-/recast-0.23.21.tgz 1259ms (cache miss)
4177 http fetch GET 200 https://registry.npmjs.org/vfile-message/-/vfile-message-4.0.3.tgz 1251ms (cache miss)
4178 http fetch GET 200 https://registry.npmjs.org/@babel/parser/-/parser-7.29.8.tgz 1261ms (cache miss)
4179 http fetch GET 200 https://registry.npmjs.org/hast-util-whitespace/-/hast-util-whitespace-3.0.0.tgz 1256ms (cache miss)
4180 http fetch GET 200 https://registry.npmjs.org/remark-parse/-/remark-parse-11.0.0.tgz 1260ms (cache miss)
4181 http fetch GET 200 https://registry.npmjs.org/unist-util-position-from-estree/-/unist-util-position-from-estree-2.0.0.tgz 1260ms (cache miss)
4182 http fetch GET 200 https://registry.npmjs.org/unist-util-stringify-position/-/unist-util-stringify-position-4.0.0.tgz 1261ms (cache miss)
4183 http fetch GET 200 https://registry.npmjs.org/remark-rehype/-/remark-rehype-11.1.2.tgz 1265ms (cache miss)
4184 http fetch GET 200 https://registry.npmjs.org/remark-mdx/-/remark-mdx-3.1.1.tgz 1265ms (cache miss)
4185 http fetch GET 200 https://registry.npmjs.org/@types/unist/-/unist-3.0.3.tgz 1266ms (cache miss)
4186 http fetch GET 200 https://registry.npmjs.org/rehype-recma/-/rehype-recma-1.0.0.tgz 1271ms (cache miss)
4187 http fetch GET 200 https://registry.npmjs.org/recma-jsx/-/recma-jsx-1.0.1.tgz 1272ms (cache miss)
4188 http fetch GET 200 https://registry.npmjs.org/estree-walker/-/estree-walker-3.0.3.tgz 1272ms (cache miss)
4189 http fetch GET 200 https://registry.npmjs.org/markdown-extensions/-/markdown-extensions-2.0.0.tgz 1276ms (cache miss)
4190 http fetch GET 200 https://registry.npmjs.org/@types/mdx/-/mdx-2.0.14.tgz 1307ms (cache miss)
4191 http fetch GET 200 https://registry.npmjs.org/recma-stringify/-/recma-stringify-1.0.0.tgz 1315ms (cache miss)
4192 http fetch GET 200 https://registry.npmjs.org/recma-build-jsx/-/recma-build-jsx-1.0.0.tgz 1319ms (cache miss)
4193 http fetch GET 200 https://registry.npmjs.org/@img/sharp-wasm32/-/sharp-wasm32-0.35.4.tgz 1353ms (cache miss)
4194 http fetch GET 200 https://registry.npmjs.org/estree-util-is-identifier-name/-/estree-util-is-identifier-name-3.0.0.tgz 1325ms (cache miss)
4195 http fetch GET 200 https://registry.npmjs.org/@types/hast/-/hast-3.0.5.tgz 1330ms (cache miss)
4196 http fetch GET 200 https://registry.npmjs.org/@types/estree/-/estree-1.0.9.tgz 1343ms (cache miss)
4197 http fetch GET 200 https://registry.npmjs.org/@types/estree-jsx/-/estree-jsx-1.0.5.tgz 1344ms (cache miss)
4198 http fetch GET 200 https://registry.npmjs.org/devlop/-/devlop-1.1.0.tgz 1351ms (cache miss)
4199 http fetch GET 200 https://registry.npmjs.org/collapse-white-space/-/collapse-white-space-2.1.0.tgz 1351ms (cache miss)
4200 http fetch GET 200 https://registry.npmjs.org/js-tokens/-/js-tokens-4.0.0.tgz 1351ms (cache miss)
4201 http fetch GET 200 https://registry.npmjs.org/picocolors/-/picocolors-1.1.1.tgz 1351ms (cache miss)
4202 http fetch GET 200 https://registry.npmjs.org/unist-util-visit/-/unist-util-visit-5.1.0.tgz 1351ms (cache miss)
4203 http fetch GET 200 https://registry.npmjs.org/vfile-matter/-/vfile-matter-5.0.1.tgz 1352ms (cache miss)
4204 http fetch GET 200 https://registry.npmjs.org/@babel/code-frame/-/code-frame-7.29.7.tgz 1350ms (cache miss)
4205 http fetch GET 200 https://registry.npmjs.org/unist-util-remove/-/unist-util-remove-4.0.0.tgz 1352ms (cache miss)
4206 http fetch GET 200 https://registry.npmjs.org/estree-util-scope/-/estree-util-scope-1.0.1.tgz 1355ms (cache miss)
4207 http fetch GET 200 https://registry.npmjs.org/@next/env/-/env-16.3.3.tgz 1367ms (cache miss)
4208 http fetch GET 200 https://registry.npmjs.org/detect-libc/-/detect-libc-2.1.2.tgz 1369ms (cache miss)
4209 http fetch GET 200 https://registry.npmjs.org/sprintf-js/-/sprintf-js-1.0.3.tgz 1372ms (cache miss)
4210 http fetch GET 200 https://registry.npmjs.org/fast-glob/-/fast-glob-3.3.3.tgz 1387ms (cache miss)
4211 http fetch GET 200 https://registry.npmjs.org/kind-of/-/kind-of-6.0.3.tgz 1380ms (cache miss)
4212 http fetch GET 200 https://registry.npmjs.org/hast-util-to-estree/-/hast-util-to-estree-3.1.3.tgz 1392ms (cache miss)
4213 http fetch GET 200 https://registry.npmjs.org/@babel/traverse/-/traverse-7.29.8.tgz 1401ms (cache miss)
4214 http fetch GET 200 https://registry.npmjs.org/unified/-/unified-11.0.5.tgz 1388ms (cache miss)
4215 http fetch GET 200 https://registry.npmjs.org/hast-util-to-jsx-runtime/-/hast-util-to-jsx-runtime-2.3.6.tgz 1389ms (cache miss)
4216 http fetch GET 200 https://registry.npmjs.org/style-to-js/-/style-to-js-1.1.21.tgz 1395ms (cache miss)
4217 http fetch GET 200 https://registry.npmjs.org/@mdx-js/react/-/react-3.1.1.tgz 1392ms (cache miss)
4218 http fetch GET 200 https://registry.npmjs.org/@babel/helper-validator-identifier/-/helper-validator-identifier-7.29.7.tgz 1395ms (cache miss)
4219 http fetch GET 200 https://registry.npmjs.org/section-matter/-/section-matter-1.0.0.tgz 1393ms (cache miss)
4220 http fetch GET 200 https://registry.npmjs.org/strip-bom-string/-/strip-bom-string-1.0.0.tgz 1392ms (cache miss)
4221 http fetch GET 200 https://registry.npmjs.org/graceful-fs/-/graceful-fs-4.2.11.tgz 1393ms (cache miss)
4222 http fetch GET 200 https://registry.npmjs.org/mdast-util-from-markdown/-/mdast-util-from-markdown-2.0.3.tgz 1401ms (cache miss)
4223 http fetch GET 200 https://registry.npmjs.org/baseline-browser-mapping/-/baseline-browser-mapping-2.11.20.tgz 1413ms (cache miss)
4224 http fetch GET 200 https://registry.npmjs.org/source-map/-/source-map-0.7.6.tgz 1447ms (cache miss)
4225 http fetch GET 200 https://registry.npmjs.org/tslib/-/tslib-2.8.1.tgz 1446ms (cache miss)
4226 http fetch GET 200 https://registry.npmjs.org/esprima/-/esprima-4.0.1.tgz 1448ms (cache miss)
4227 http fetch GET 200 https://registry.npmjs.org/prompts/-/prompts-2.4.2.tgz 1469ms (cache miss)
4228 http fetch GET 200 https://registry.npmjs.org/@jridgewell/resolve-uri/-/resolve-uri-3.1.2.tgz 1452ms (cache miss)
4229 http fetch GET 200 https://registry.npmjs.org/tsconfig-paths/-/tsconfig-paths-4.2.0.tgz 1472ms (cache miss)
4230 http fetch GET 200 https://registry.npmjs.org/acorn/-/acorn-8.18.0.tgz 1483ms (cache miss)
4231 http fetch GET 200 https://registry.npmjs.org/use-sync-external-store/-/use-sync-external-store-1.6.0.tgz 1485ms (cache miss)
4232 http fetch GET 200 https://registry.npmjs.org/jose/-/jose-6.2.10.tgz 1521ms (cache miss)
4233 http fetch GET 200 https://registry.npmjs.org/@alloc/quick-lru/-/quick-lru-5.3.0.tgz 1498ms (cache miss)
4234 http fetch GET 200 https://registry.npmjs.org/@floating-ui/utils/-/utils-0.2.12.tgz 1509ms (cache miss)
4235 http fetch GET 200 https://registry.npmjs.org/tapable/-/tapable-2.3.3.tgz 1526ms (cache miss)
4236 http fetch GET 200 https://registry.npmjs.org/tw-animate-css/-/tw-animate-css-1.4.0.tgz 1530ms (cache miss)
4237 http fetch GET 200 https://registry.npmjs.org/vfile/-/vfile-6.0.3.tgz 1556ms (cache miss)
4238 http fetch GET 200 https://registry.npmjs.org/remark-gfm/-/remark-gfm-4.0.1.tgz 1551ms (cache miss)
4239 http fetch GET 200 https://registry.npmjs.org/source-map-js/-/source-map-js-1.2.1.tgz 1553ms (cache miss)
4240 http fetch GET 200 https://registry.npmjs.org/@floating-ui/react-dom/-/react-dom-2.1.9.tgz 1562ms (cache miss)
4241 http fetch GET 200 https://registry.npmjs.org/magic-string/-/magic-string-0.30.21.tgz 1566ms (cache miss)
4242 http fetch GET 200 https://registry.npmjs.org/@tailwindcss/node/-/node-4.3.3.tgz 1567ms (cache miss)
4243 http fetch GET 200 https://registry.npmjs.org/argparse/-/argparse-1.0.10.tgz 1580ms (cache miss)
4244 http fetch GET 200 https://registry.npmjs.org/csstype/-/csstype-3.2.3.tgz 1580ms (cache miss)
4245 http fetch GET 200 https://registry.npmjs.org/@floating-ui/dom/-/dom-1.8.0.tgz 1578ms (cache miss)
4246 http fetch GET 200 https://registry.npmjs.org/lightningcss/-/lightningcss-1.32.0.tgz 1581ms (cache miss)
4247 http fetch GET 200 https://registry.npmjs.org/class-variance-authority/-/class-variance-authority-0.7.1.tgz 1591ms (cache miss)
4248 http fetch GET 200 https://registry.npmjs.org/gray-matter/-/gray-matter-4.0.3.tgz 1603ms (cache miss)
4249 http fetch GET 200 https://registry.npmjs.org/styled-jsx/-/styled-jsx-5.1.6.tgz 1611ms (cache miss)
4250 http fetch GET 200 https://registry.npmjs.org/clsx/-/clsx-2.1.1.tgz 1617ms (cache miss)
4251 http fetch GET 200 https://registry.npmjs.org/@floating-ui/core/-/core-1.8.0.tgz 1624ms (cache miss)
4252 http fetch GET 200 https://registry.npmjs.org/@tailwindcss/oxide/-/oxide-4.3.3.tgz 1640ms (cache miss)
4253 http fetch GET 200 https://registry.npmjs.org/property-information/-/property-information-7.2.0.tgz 1661ms (cache miss)
4254 http fetch GET 200 https://registry.npmjs.org/@jridgewell/gen-mapping/-/gen-mapping-0.3.13.tgz 1653ms (cache miss)
4255 http fetch GET 200 https://registry.npmjs.org/@tailwindcss/postcss/-/postcss-4.3.3.tgz 1651ms (cache miss)
4256 http fetch GET 200 https://registry.npmjs.org/mdast-util-to-hast/-/mdast-util-to-hast-13.2.1.tgz 1681ms (cache miss)
4257 http fetch GET 200 https://registry.npmjs.org/js-yaml/-/js-yaml-3.15.2.tgz 1676ms (cache miss)
4258 http fetch GET 200 https://registry.npmjs.org/@jridgewell/remapping/-/remapping-2.3.5.tgz 1693ms (cache miss)
4259 http fetch GET 200 https://registry.npmjs.org/onetime/-/onetime-7.0.0.tgz 1693ms (cache miss)
4260 http fetch GET 200 https://registry.npmjs.org/is-unicode-supported/-/is-unicode-supported-1.3.0.tgz 1698ms (cache miss)
4261 http fetch GET 200 https://registry.npmjs.org/ansi-regex/-/ansi-regex-6.3.0.tgz 1704ms (cache miss)
4262 http fetch GET 200 https://registry.npmjs.org/undici-types/-/undici-types-7.18.2.tgz 1709ms (cache miss)
4263 http fetch GET 200 https://registry.npmjs.org/powershell-utils/-/powershell-utils-0.1.0.tgz 1708ms (cache miss)
4264 http fetch GET 200 https://registry.npmjs.org/jiti/-/jiti-2.7.0.tgz 1715ms (cache miss)
4265 http fetch GET 200 https://registry.npmjs.org/reselect/-/reselect-5.3.0.tgz 1730ms (cache miss)
4266 http fetch GET 200 https://registry.npmjs.org/strip-ansi/-/strip-ansi-7.2.0.tgz 1728ms (cache miss)
4267 http fetch GET 200 https://registry.npmjs.org/@types/react/-/react-19.2.18.tgz 1731ms (cache miss)
4268 http fetch GET 200 https://registry.npmjs.org/sharp/-/sharp-0.35.4.tgz 1762ms (cache miss)
4269 http fetch GET 200 https://registry.npmjs.org/@types/react-dom/-/react-dom-19.2.7.tgz 1759ms (cache miss)
4270 http fetch GET 200 https://registry.npmjs.org/@jridgewell/sourcemap-codec/-/sourcemap-codec-1.6.0.tgz 1771ms (cache miss)
4271 http fetch GET 200 https://registry.npmjs.org/next-mdx-remote/-/next-mdx-remote-6.0.0.tgz 1768ms (cache miss)
4272 http fetch GET 200 https://registry.npmjs.org/micromark/-/micromark-4.0.2.tgz 1780ms (cache miss)
4273 http fetch GET 200 https://registry.npmjs.org/content-type/-/content-type-2.1.0.tgz 1772ms (cache miss)
4274 http fetch GET 200 https://registry.npmjs.org/picomatch/-/picomatch-2.3.2.tgz 1774ms (cache miss)
4275 http fetch GET 200 https://registry.npmjs.org/@jridgewell/trace-mapping/-/trace-mapping-0.3.31.tgz 1778ms (cache miss)
4276 http fetch GET 200 https://registry.npmjs.org/content-type/-/content-type-2.1.0.tgz 1777ms (cache miss)
4277 http fetch GET 200 https://registry.npmjs.org/path-key/-/path-key-4.0.0.tgz 1779ms (cache miss)
4278 http fetch GET 200 https://registry.npmjs.org/shadcn/-/shadcn-4.20.1.tgz 1785ms (cache miss)
4279 http fetch GET 200 https://registry.npmjs.org/mimic-fn/-/mimic-fn-2.1.0.tgz 1786ms (cache miss)
4280 http fetch GET 200 https://registry.npmjs.org/content-type/-/content-type-2.1.0.tgz 1789ms (cache miss)
4281 http fetch GET 200 https://registry.npmjs.org/isexe/-/isexe-2.0.0.tgz 1798ms (cache miss)
4282 http fetch GET 200 https://registry.npmjs.org/which/-/which-2.0.2.tgz 1798ms (cache miss)
4283 http fetch GET 200 https://registry.npmjs.org/tailwindcss/-/tailwindcss-4.3.3.tgz 1804ms (cache miss)
4284 http fetch GET 200 https://registry.npmjs.org/tailwind-merge/-/tailwind-merge-3.6.0.tgz 1808ms (cache miss)
4285 http fetch GET 200 https://registry.npmjs.org/is-obj/-/is-obj-3.0.0.tgz 1814ms (cache miss)
4286 http fetch GET 200 https://registry.npmjs.org/zod-to-json-schema/-/zod-to-json-schema-3.25.2.tgz 1839ms (cache miss)
4287 http fetch GET 200 https://registry.npmjs.org/enhanced-resolve/-/enhanced-resolve-5.24.5.tgz 1844ms (cache miss)
4288 http fetch GET 200 https://registry.npmjs.org/ajv-formats/-/ajv-formats-2.1.1.tgz 1858ms (cache miss)
4289 http fetch GET 200 https://registry.npmjs.org/react/-/react-19.2.8.tgz 1861ms (cache miss)
4290 http fetch GET 200 https://registry.npmjs.org/strip-final-newline/-/strip-final-newline-2.0.0.tgz 1868ms (cache miss)
4291 http fetch GET 200 https://registry.npmjs.org/json-schema-typed/-/json-schema-typed-7.0.3.tgz 1876ms (cache miss)
4292 http fetch GET 200 https://registry.npmjs.org/is-wsl/-/is-wsl-2.2.0.tgz 1878ms (cache miss)
4293 http fetch GET 200 https://registry.npmjs.org/kleur/-/kleur-3.0.3.tgz 1880ms (cache miss)
4294 http fetch GET 200 https://registry.npmjs.org/ansi-regex/-/ansi-regex-6.3.0.tgz 1881ms (cache miss)
4295 http fetch GET 200 https://registry.npmjs.org/strip-ansi/-/strip-ansi-7.2.0.tgz 1885ms (cache miss)
4296 http fetch GET 200 https://registry.npmjs.org/signal-exit/-/signal-exit-3.0.7.tgz 1887ms (cache miss)
4297 http fetch GET 200 https://registry.npmjs.org/define-lazy-prop/-/define-lazy-prop-2.0.0.tgz 1887ms (cache miss)
4298 http fetch GET 200 https://registry.npmjs.org/npm-run-path/-/npm-run-path-4.0.1.tgz 1892ms (cache miss)
4299 http fetch GET 200 https://registry.npmjs.org/is-docker/-/is-docker-2.2.1.tgz 1893ms (cache miss)
4300 http fetch GET 200 https://registry.npmjs.org/@mdx-js/mdx/-/mdx-3.1.1.tgz 1906ms (cache miss)
4301 http fetch GET 200 https://registry.npmjs.org/postcss/-/postcss-8.5.28.tgz 1900ms (cache miss)
4302 http fetch GET 200 https://registry.npmjs.org/is-stream/-/is-stream-2.0.1.tgz 1899ms (cache miss)
4303 http fetch GET 200 https://registry.npmjs.org/get-stream/-/get-stream-6.0.1.tgz 1899ms (cache miss)
4304 http fetch GET 200 https://registry.npmjs.org/@img/sharp-win32-x64/-/sharp-win32-x64-0.35.4.tgz 1945ms (cache miss)
4305 http fetch GET 200 https://registry.npmjs.org/argparse/-/argparse-2.0.1.tgz 1918ms (cache miss)
4306 http fetch GET 200 https://registry.npmjs.org/open/-/open-8.4.2.tgz 1918ms (cache miss)
4307 http fetch GET 200 https://registry.npmjs.org/@tailwindcss/oxide-win32-x64-msvc/-/oxide-win32-x64-msvc-4.3.3.tgz 1945ms (cache miss)
4308 http fetch GET 200 https://registry.npmjs.org/@types/unist/-/unist-2.0.11.tgz 1939ms (cache miss)
4309 http fetch GET 200 https://registry.npmjs.org/diff/-/diff-8.0.4.tgz 1965ms (cache miss)
4310 http fetch GET 200 https://registry.npmjs.org/human-signals/-/human-signals-2.1.0.tgz 1943ms (cache miss)
4311 http fetch GET 200 https://registry.npmjs.org/commander/-/commander-11.1.0.tgz 1963ms (cache miss)
4312 http fetch GET 200 https://registry.npmjs.org/execa/-/execa-5.1.1.tgz 1964ms (cache miss)
4313 http fetch GET 200 https://registry.npmjs.org/@babel/core/-/core-7.29.7.tgz 1994ms (cache miss)
4314 http fetch GET 200 https://registry.npmjs.org/execa/-/execa-9.6.1.tgz 2008ms (cache miss)
4315 http fetch GET 200 https://registry.npmjs.org/source-map/-/source-map-0.6.1.tgz 2005ms (cache miss)
4316 http fetch GET 200 https://registry.npmjs.org/semver/-/semver-7.8.5.tgz 2055ms (cache miss)
4317 http fetch GET 200 https://registry.npmjs.org/micromark-core-commonmark/-/micromark-core-commonmark-2.0.3.tgz 2070ms (cache miss)
4318 http fetch GET 200 https://registry.npmjs.org/js-yaml/-/js-yaml-4.3.2.tgz 2089ms (cache miss)
4319 http fetch GET 200 https://registry.npmjs.org/@vercel/analytics/-/analytics-1.6.1.tgz 2092ms (cache miss)
4320 http fetch GET 200 https://registry.npmjs.org/mdast-util-to-markdown/-/mdast-util-to-markdown-2.1.2.tgz 2115ms (cache miss)
4321 http fetch GET 200 https://registry.npmjs.org/@dotenvx/dotenvx/-/dotenvx-1.75.1.tgz 2126ms (cache miss)
4322 http fetch GET 200 https://registry.npmjs.org/semver/-/semver-7.8.5.tgz 2105ms (cache miss)
4323 http fetch GET 200 https://registry.npmjs.org/postcss/-/postcss-8.5.23.tgz 2113ms (cache miss)
4324 http fetch GET 200 https://registry.npmjs.org/@types/node/-/node-24.13.3.tgz 2152ms (cache miss)
4325 http fetch GET 200 https://registry.npmjs.org/lightningcss-win32-x64-msvc/-/lightningcss-win32-x64-msvc-1.32.0.tgz 2177ms (cache miss)
4326 http fetch GET 200 https://registry.npmjs.org/@babel/types/-/types-7.29.8.tgz 2194ms (cache miss)
4327 http fetch GET 200 https://registry.npmjs.org/undici/-/undici-7.29.0.tgz 2249ms (cache miss)
4328 http fetch GET 200 https://registry.npmjs.org/@babel/helpers/-/helpers-7.29.7.tgz 2253ms (cache miss)
4329 http fetch GET 200 https://registry.npmjs.org/react-dom/-/react-dom-19.2.8.tgz 2271ms (cache miss)
4330 http fetch GET 200 https://registry.npmjs.org/@base-ui/utils/-/utils-0.3.2.tgz 2304ms (cache miss)
4331 http fetch GET 200 https://registry.npmjs.org/@babel/runtime/-/runtime-7.29.7.tgz 2358ms (cache miss)
4332 http fetch GET 200 https://registry.npmjs.org/ajv/-/ajv-8.20.0.tgz 2622ms (cache miss)
4333 http fetch GET 200 https://registry.npmjs.org/typescript/-/typescript-5.7.3.tgz 2705ms (cache miss)
4334 http fetch GET 200 https://registry.npmjs.org/@swc/helpers/-/helpers-0.5.23.tgz 2723ms (cache miss)
4335 http fetch GET 200 https://registry.npmjs.org/zod/-/zod-3.25.76.tgz 2841ms (cache miss)
4336 http fetch GET 200 https://registry.npmjs.org/hono/-/hono-4.13.5.tgz 2877ms (cache miss)
4337 http fetch GET 200 https://registry.npmjs.org/@modelcontextprotocol/sdk/-/sdk-1.30.0.tgz 3032ms (cache miss)
4338 http fetch GET 200 https://registry.npmjs.org/caniuse-lite/-/caniuse-lite-1.0.30001810.tgz 3071ms (cache miss)
4339 http fetch GET 200 https://registry.npmjs.org/@next/swc-win32-x64-msvc/-/swc-win32-x64-msvc-16.3.3.tgz 3313ms (cache miss)
4340 http fetch GET 200 https://registry.npmjs.org/@base-ui/react/-/react-1.7.0.tgz 5265ms (cache miss)
4341 http fetch GET 200 https://registry.npmjs.org/lucide-react/-/lucide-react-1.40.0.tgz 5482ms (cache miss)
4342 http fetch GET 200 https://registry.npmjs.org/next/-/next-16.3.3.tgz 12278ms (cache miss)
4343 silly ADD node_modules/mimic-function
4344 silly ADD node_modules/merge-stream
4345 silly ADD node_modules/is-wsl
4346 silly ADD node_modules/isexe
4347 silly ADD node_modules/yaml
4348 silly ADD node_modules/escalade
4349 silly ADD node_modules/trough
4350 silly ADD node_modules/extend
4351 silly ADD node_modules/bail
4352 silly ADD node_modules/media-typer
4353 silly ADD node_modules/strip-bom
4354 silly ADD node_modules/minimist
4355 silly ADD node_modules/balanced-match
4356 silly ADD node_modules/brace-expansion
4357 silly ADD node_modules/path-browserify
4358 silly ADD node_modules/minimatch
4359 silly ADD node_modules/code-block-writer
4360 silly ADD node_modules/@ts-morph/common
4361 silly ADD node_modules/is-number
4362 silly ADD node_modules/client-only
4363 silly ADD node_modules/inline-style-parser
4364 silly ADD node_modules/style-to-object
4365 silly ADD node_modules/ansi-regex
4366 silly ADD node_modules/is-regexp
4367 silly ADD node_modules/get-own-enumerable-keys
4368 silly ADD node_modules/character-entities-html4
4369 silly ADD node_modules/get-east-asian-width
4370 silly ADD node_modules/emoji-regex
4371 silly ADD node_modules/smart-buffer
4372 silly ADD node_modules/dunder-proto
4373 silly ADD node_modules/math-intrinsics
4374 silly ADD node_modules/hasown
4375 silly ADD node_modules/has-symbols
4376 silly ADD node_modules/gopd
4377 silly ADD node_modules/get-proto
4378 silly ADD node_modules/es-object-atoms
4379 silly ADD node_modules/function-bind
4380 silly ADD node_modules/call-bind-apply-helpers
4381 silly ADD node_modules/get-intrinsic
4382 silly ADD node_modules/call-bound
4383 silly ADD node_modules/side-channel-weakmap
4384 silly ADD node_modules/side-channel-map
4385 silly ADD node_modules/side-channel-list
4386 silly ADD node_modules/object-inspect
4387 silly ADD node_modules/es-errors
4388 silly ADD node_modules/shebang-regex
4389 silly ADD node_modules/@emnapi/runtime
4390 silly ADD node_modules/@img/sharp-wasm32
4391 silly ADD node_modules/@img/sharp-win32-x64
4392 silly ADD
4393 silly ADD
4394 silly ADD
4395 silly ADD
4396 silly ADD
4397 silly ADD
4398 silly ADD
4399 silly ADD
4400 silly ADD
4401 silly ADD
4402 silly ADD
4403 silly ADD
4404 silly ADD
4405 silly ADD
4406 silly ADD
4407 silly ADD
4408 silly ADD
4409 silly ADD
4410 silly ADD
4411 silly ADD
4412 silly ADD
4413 silly ADD
4414 silly ADD
4415 silly ADD
4416 silly ADD node_modules/@img/colour
4417 silly ADD node_modules/queue-microtask
4418 silly ADD node_modules/path-to-regexp
4419 silly ADD node_modules/is-promise
4420 silly ADD node_modules/tiny-invariant
4421 silly ADD node_modules/ast-types
4422 silly ADD node_modules/unpipe
4423 silly ADD node_modules/side-channel
4424 silly ADD node_modules/es-define-property
4425 silly ADD node_modules/ipaddr.js
4426 silly ADD node_modules/forwarded
4427 silly ADD node_modules/sisteransi
4428 silly ADD node_modules/parse-ms
4429 silly ADD node_modules/util-deprecate
4430 silly ADD node_modules/cssesc
4431 silly ADD node_modules/p-try
4432 silly ADD node_modules/p-limit
4433 silly ADD node_modules/path-exists
4434 silly ADD node_modules/p-locate
4435 silly ADD node_modules/locate-path
4436 silly ADD node_modules/find-up
4437 silly ADD node_modules/is-arrayish
4438 silly ADD node_modules/lines-and-columns
4439 silly ADD node_modules/json-parse-even-better-errors
4440 silly ADD node_modules/error-ex
4441 silly ADD node_modules/callsites
4442 silly ADD node_modules/restore-cursor
4443 silly ADD node_modules/restore-cursor/node_modules/onetime
4444 silly ADD node_modules/string-width
4445 silly ADD node_modules/string-width/node_modules/ansi-regex
4446 silly ADD node_modules/string-width/node_modules/strip-ansi
4447 silly ADD node_modules/stdin-discarder
4448 silly ADD node_modules/log-symbols
4449 silly ADD node_modules/log-symbols/node_modules/is-unicode-supported
4450 silly ADD node_modules/is-interactive
4451 silly ADD node_modules/cli-spinners
4452 silly ADD node_modules/cli-cursor
4453 silly ADD node_modules/chalk
4454 silly ADD node_modules/is-docker
4455 silly ADD node_modules/run-applescript
4456 silly ADD node_modules/default-browser-id
4457 silly ADD node_modules/bundle-name
4458 silly ADD node_modules/wsl-utils
4459 silly ADD node_modules/wsl-utils/node_modules/powershell-utils
4460 silly ADD node_modules/powershell-utils
4461 silly ADD node_modules/is-inside-container
4462 silly ADD node_modules/is-in-ssh
4463 silly ADD node_modules/define-lazy-prop
4464 silly ADD node_modules/default-browser
4465 silly ADD node_modules/wrappy
4466 silly ADD node_modules/ee-first
4467 silly ADD node_modules/unicorn-magic
4468 silly ADD node_modules/mime-db
4469 silly ADD node_modules/to-regex-range
4470 silly ADD node_modules/fill-range
4471 silly ADD node_modules/braces
4472 silly ADD node_modules/yallist
4473 silly ADD node_modules/is-extglob
4474 silly ADD node_modules/resolve-from
4475 silly ADD node_modules/parent-module
4476 silly ADD node_modules/safer-buffer
4477 silly ADD node_modules/toidentifier
4478 silly ADD node_modules/setprototypeof
4479 silly ADD node_modules/inherits
4480 silly ADD node_modules/is-glob
4481 silly ADD node_modules/@sec-ant/readable-stream
4482 silly ADD node_modules/universalify
4483 silly ADD node_modules/jsonfile
4484 silly ADD node_modules/is-unicode-supported
4485 silly ADD node_modules/reusify
4486 silly ADD node_modules/run-parallel
4487 silly ADD node_modules/fastq
4488 silly ADD node_modules/@nodelib/fs.scandir
4489 silly ADD node_modules/micromatch
4490 silly ADD node_modules/micromatch/node_modules/picomatch
4491 silly ADD node_modules/merge2
4492 silly ADD node_modules/glob-parent
4493 silly ADD node_modules/@nodelib/fs.walk
4494 silly ADD node_modules/@nodelib/fs.stat
4495 silly ADD node_modules/ip-address
4496 silly ADD node_modules/iconv-lite
4497 silly ADD node_modules/bytes
4498 silly ADD node_modules/negotiator
4499 silly ADD node_modules/negotiator/node_modules/content-type
4500 silly ADD node_modules/type-is
4501 silly ADD node_modules/type-is/node_modules/content-type
4502 silly ADD node_modules/statuses
4503 silly ADD node_modules/serve-static
4504 silly ADD node_modules/send
4505 silly ADD node_modules/router
4506 silly ADD node_modules/range-parser
4507 silly ADD node_modules/qs
4508 silly ADD node_modules/proxy-addr
4509 silly ADD node_modules/parseurl
4510 silly ADD node_modules/once
4511 silly ADD node_modules/on-finished
4512 silly ADD node_modules/mime-types
4513 silly ADD node_modules/merge-descriptors
4514 silly ADD node_modules/http-errors
4515 silly ADD node_modules/fresh
4516 silly ADD node_modules/finalhandler
4517 silly ADD node_modules/etag
4518 silly ADD node_modules/escape-html
4519 silly ADD node_modules/encodeurl
4520 silly ADD node_modules/depd
4521 silly ADD node_modules/cookie-signature
4522 silly ADD node_modules/cookie
4523 silly ADD node_modules/content-disposition
4524 silly ADD node_modules/body-parser
4525 silly ADD node_modules/body-parser/node_modules/content-type
4526 silly ADD node_modules/accepts
4527 silly ADD node_modules/yoctocolors
4528 silly ADD node_modules/strip-final-newline
4529 silly ADD node_modules/signal-exit
4530 silly ADD node_modules/pretty-ms
4531 silly ADD node_modules/npm-run-path
4532 silly ADD node_modules/npm-run-path/node_modules/path-key
4533 silly ADD node_modules/is-stream
4534 silly ADD node_modules/is-plain-obj
4535 silly ADD node_modules/human-signals
4536 silly ADD node_modules/get-stream
4537 silly ADD node_modules/figures
4538 silly ADD node_modules/@sindresorhus/merge-streams
4539 silly ADD node_modules/strip-ansi
4540 silly ADD node_modules/ansi-colors
4541 silly ADD node_modules/is-obj
4542 silly ADD node_modules/mimic-fn
4543 silly ADD node_modules/shebang-command
4544 silly ADD node_modules/path-key
4545 silly ADD node_modules/parse-json
4546 silly ADD node_modules/import-fresh
4547 silly ADD node_modules/vary
4548 silly ADD node_modules/object-assign
4549 silly ADD node_modules/pkg-up
4550 silly ADD node_modules/onetime
4551 silly ADD node_modules/onetime/node_modules/mimic-fn
4552 silly ADD node_modules/dot-prop
4553 silly ADD node_modules/debounce-fn
4554 silly ADD node_modules/atomically
4555 silly ADD node_modules/update-browserslist-db
4556 silly ADD node_modules/node-releases
4557 silly ADD node_modules/electron-to-chromium
4558 silly ADD node_modules/require-from-string
4559 silly ADD node_modules/json-schema-traverse
4560 silly ADD node_modules/fast-uri
4561 silly ADD node_modules/fast-deep-equal
4562 silly ADD node_modules/raw-body
4563 silly ADD node_modules/pkce-challenge
4564 silly ADD node_modules/json-schema-typed
4565 silly ADD node_modules/jose
4566 silly ADD node_modules/express-rate-limit
4567 silly ADD node_modules/express
4568 silly ADD node_modules/eventsource-parser
4569 silly ADD node_modules/eventsource
4570 silly ADD node_modules/cross-spawn
4571 silly ADD node_modules/cross-spawn/node_modules/isexe
4572 silly ADD node_modules/cross-spawn/node_modules/which
4573 silly ADD node_modules/cors
4574 silly ADD node_modules/content-type
4575 silly ADD node_modules/ajv-formats
4576 silly ADD node_modules/ajv
4577 silly ADD node_modules/hono
4578 silly ADD node_modules/@hono/node-server
4579 silly ADD node_modules/yocto-spinner
4580 silly ADD node_modules/which
4581 silly ADD node_modules/systeminformation
4582 silly ADD node_modules/picomatch
4583 silly ADD node_modules/object-treeify
4584 silly ADD node_modules/ignore
4585 silly ADD node_modules/fdir
4586 silly ADD node_modules/env-paths
4587 silly ADD node_modules/enquirer
4588 silly ADD node_modules/dotenv
4589 silly ADD node_modules/conf
4590 silly ADD node_modules/conf/node_modules/semver
4591 silly ADD node_modules/conf/node_modules/json-schema-typed
4592 silly ADD node_modules/conf/node_modules/ajv-formats
4593 silly ADD node_modules/@dotenvx/primitives
4594 silly ADD node_modules/@babel/helper-string-parser
4595 silly ADD node_modules/@babel/helper-globals
4596 silly ADD node_modules/@babel/plugin-transform-modules-commonjs
4597 silly ADD node_modules/@babel/plugin-syntax-jsx
4598 silly ADD node_modules/@babel/helper-replace-supers
4599 silly ADD node_modules/@babel/helper-optimise-call-expression
4600 silly ADD node_modules/@babel/helper-member-expression-to-functions
4601 silly ADD node_modules/@babel/plugin-syntax-typescript
4602 silly ADD node_modules/@babel/helper-skip-transparent-expression-wrappers
4603 silly ADD node_modules/@babel/helper-plugin-utils
4604 silly ADD node_modules/@babel/helper-create-class-features-plugin
4605 silly ADD node_modules/@babel/helper-annotate-as-pure
4606 silly ADD node_modules/@babel/helper-module-imports
4607 silly ADD node_modules/lru-cache
4608 silly ADD node_modules/@babel/helper-validator-option
4609 silly ADD node_modules/@babel/compat-data
4610 silly ADD node_modules/jsesc
4611 silly ADD node_modules/semver
4612 silly ADD node_modules/json5
4613 silly ADD node_modules/gensync
4614 silly ADD node_modules/convert-source-map
4615 silly ADD node_modules/@babel/types
4616 silly ADD node_modules/@babel/traverse
4617 silly ADD node_modules/@babel/template
4618 silly ADD node_modules/@babel/helpers
4619 silly ADD node_modules/@babel/helper-module-transforms
4620 silly ADD node_modules/@babel/helper-compilation-targets
4621 silly ADD node_modules/@babel/generator
4622 silly ADD node_modules/zod-to-json-schema
4623 silly ADD node_modules/zod
4624 silly ADD node_modules/validate-npm-package-name
4625 silly ADD node_modules/undici
4626 silly ADD node_modules/tsconfig-paths
4627 silly ADD node_modules/ts-morph
4628 silly ADD node_modules/stringify-object
4629 silly ADD node_modules/stringify-object/node_modules/is-obj
4630 silly ADD node_modules/socks
4631 silly ADD node_modules/recast
4632 silly ADD node_modules/recast/node_modules/source-map
4633 silly ADD node_modules/prompts
4634 silly ADD node_modules/prompts/node_modules/kleur
4635 silly ADD node_modules/postcss-selector-parser
4636 silly ADD node_modules/ora
4637 silly ADD node_modules/ora/node_modules/ansi-regex
4638 silly ADD node_modules/ora/node_modules/strip-ansi
4639 silly ADD node_modules/open
4640 silly ADD node_modules/kleur
4641 silly ADD node_modules/fuzzysort
4642 silly ADD node_modules/fs-extra
4643 silly ADD node_modules/fast-glob
4644 silly ADD node_modules/execa
4645 silly ADD node_modules/diff
4646 silly ADD node_modules/deepmerge
4647 silly ADD node_modules/dedent
4648 silly ADD node_modules/cosmiconfig
4649 silly ADD node_modules/cosmiconfig/node_modules/argparse
4650 silly ADD node_modules/cosmiconfig/node_modules/js-yaml
4651 silly ADD node_modules/commander
4652 silly ADD node_modules/browserslist
4653 silly ADD node_modules/@types/validate-npm-package-name
4654 silly ADD node_modules/@modelcontextprotocol/sdk
4655 silly ADD node_modules/@dotenvx/dotenvx
4656 silly ADD node_modules/@dotenvx/dotenvx/node_modules/is-wsl
4657 silly ADD node_modules/@dotenvx/dotenvx/node_modules/is-docker
4658 silly ADD node_modules/@dotenvx/dotenvx/node_modules/define-lazy-prop
4659 silly ADD node_modules/@dotenvx/dotenvx/node_modules/strip-final-newline
4660 silly ADD node_modules/@dotenvx/dotenvx/node_modules/signal-exit
4661 silly ADD node_modules/@dotenvx/dotenvx/node_modules/npm-run-path
4662 silly ADD node_modules/@dotenvx/dotenvx/node_modules/is-stream
4663 silly ADD node_modules/@dotenvx/dotenvx/node_modules/human-signals
4664 silly ADD node_modules/@dotenvx/dotenvx/node_modules/get-stream
4665 silly ADD node_modules/@dotenvx/dotenvx/node_modules/open
4666 silly ADD node_modules/@dotenvx/dotenvx/node_modules/execa
4667 silly ADD node_modules/@dotenvx/dotenvx/node_modules/commander
4668 silly ADD node_modules/@babel/preset-typescript
4669 silly ADD node_modules/@babel/plugin-transform-typescript
4670 silly ADD node_modules/@babel/parser
4671 silly ADD node_modules/@babel/core
4672 silly ADD node_modules/is-extendable
4673 silly ADD node_modules/extend-shallow
4674 silly ADD node_modules/trim-lines
4675 silly ADD node_modules/@ungap/structured-clone
4676 silly ADD node_modules/mdast-util-to-hast
4677 silly ADD node_modules/micromark-util-events-to-acorn
4678 silly ADD node_modules/micromark-factory-mdx-expression
4679 silly ADD node_modules/micromark-extension-mdxjs-esm
4680 silly ADD node_modules/micromark-extension-mdx-md
4681 silly ADD node_modules/micromark-extension-mdx-jsx
4682 silly ADD node_modules/micromark-extension-mdx-expression
4683 silly ADD node_modules/micromark-extension-mdxjs
4684 silly ADD node_modules/mdast-util-mdx
4685 silly ADD node_modules/micromark-extension-gfm-task-list-item
4686 silly ADD node_modules/micromark-extension-gfm-tagfilter
4687 silly ADD node_modules/micromark-extension-gfm-table
4688 silly ADD node_modules/micromark-extension-gfm-strikethrough
4689 silly ADD node_modules/micromark-extension-gfm-footnote
4690 silly ADD node_modules/micromark-extension-gfm-autolink-literal
4691 silly ADD node_modules/markdown-table
4692 silly ADD node_modules/unist-util-visit-parents
4693 silly ADD node_modules/escape-string-regexp
4694 silly ADD node_modules/mdast-util-find-and-replace
4695 silly ADD node_modules/mdast-util-gfm-task-list-item
4696 silly ADD node_modules/mdast-util-gfm-table
4697 silly ADD node_modules/mdast-util-gfm-strikethrough
4698 silly ADD node_modules/mdast-util-gfm-footnote
4699 silly ADD node_modules/mdast-util-gfm-autolink-literal
4700 silly ADD node_modules/remark-stringify
4701 silly ADD node_modules/micromark-extension-gfm
4702 silly ADD node_modules/mdast-util-gfm
4703 silly ADD node_modules/estree-util-attach-comments
4704 silly ADD node_modules/hast-util-to-estree
4705 silly ADD node_modules/estree-util-visit
4706 silly ADD node_modules/esast-util-from-estree
4707 silly ADD node_modules/esast-util-from-js
4708 silly ADD node_modules/astring
4709 silly ADD node_modules/recma-parse
4710 silly ADD node_modules/estree-util-to-js
4711 silly ADD node_modules/acorn-jsx
4712 silly ADD node_modules/estree-util-build-jsx
4713 silly ADD node_modules/scheduler
4714 silly ADD node_modules/nanoid
4715 silly ADD node_modules/is-alphabetical
4716 silly ADD node_modules/is-hexadecimal
4717 silly ADD node_modules/is-decimal
4718 silly ADD node_modules/is-alphanumerical
4719 silly ADD node_modules/character-reference-invalid
4720 silly ADD node_modules/character-entities-legacy
4721 silly ADD node_modules/micromark-util-html-tag-name
4722 silly ADD node_modules/micromark-factory-whitespace
4723 silly ADD node_modules/micromark-factory-title
4724 silly ADD node_modules/micromark-factory-label
4725 silly ADD node_modules/micromark-factory-destination
4726 silly ADD node_modules/ms
4727 silly ADD node_modules/@types/ms
4728 silly ADD node_modules/micromark-util-subtokenize
4729 silly ADD node_modules/micromark-util-sanitize-uri
4730 silly ADD node_modules/micromark-util-resolve-all
4731 silly ADD node_modules/micromark-util-encode
4732 silly ADD node_modules/micromark-util-combine-extensions
4733 silly ADD node_modules/micromark-util-chunked
4734 silly ADD node_modules/micromark-util-character
4735 silly ADD node_modules/micromark-factory-space
4736 silly ADD node_modules/micromark-core-commonmark
4737 silly ADD node_modules/debug
4738 silly ADD node_modules/@types/debug
4739 silly ADD node_modules/unist-util-is
4740 silly ADD node_modules/zwitch
4741 silly ADD node_modules/micromark-util-classify-character
4742 silly ADD node_modules/mdast-util-phrasing
4743 silly ADD node_modules/longest-streak
4744 silly ADD node_modules/stringify-entities
4745 silly ADD node_modules/parse-entities
4746 silly ADD node_modules/parse-entities/node_modules/@types/unist
4747 silly ADD node_modules/ccount
4748 silly ADD node_modules/character-entities
4749 silly ADD node_modules/micromark-util-types
4750 silly ADD node_modules/micromark-util-symbol
4751 silly ADD node_modules/micromark-util-normalize-identifier
4752 silly ADD node_modules/micromark-util-decode-string
4753 silly ADD node_modules/micromark-util-decode-numeric-character-reference
4754 silly ADD node_modules/micromark
4755 silly ADD node_modules/mdast-util-to-string
4756 silly ADD node_modules/decode-named-character-reference
4757 silly ADD node_modules/mdast-util-to-markdown
4758 silly ADD node_modules/mdast-util-from-markdown
4759 silly ADD node_modules/@types/mdast
4760 silly ADD node_modules/vfile-message
4761 silly ADD node_modules/unist-util-position
4762 silly ADD node_modules/style-to-js
4763 silly ADD node_modules/space-separated-tokens
4764 silly ADD node_modules/property-information
4765 silly ADD node_modules/mdast-util-mdxjs-esm
4766 silly ADD node_modules/mdast-util-mdx-jsx
4767 silly ADD node_modules/mdast-util-mdx-expression
4768 silly ADD node_modules/hast-util-whitespace
4769 silly ADD node_modules/comma-separated-tokens
4770 silly ADD node_modules/dequal
4771 silly ADD node_modules/@types/unist
4772 silly ADD node_modules/unist-util-stringify-position
4773 silly ADD node_modules/unist-util-position-from-estree
4774 silly ADD node_modules/unified
4775 silly ADD node_modules/source-map
4776 silly ADD node_modules/remark-rehype
4777 silly ADD node_modules/remark-parse
4778 silly ADD node_modules/remark-mdx
4779 silly ADD node_modules/rehype-recma
4780 silly ADD node_modules/recma-stringify
4781 silly ADD node_modules/recma-jsx
4782 silly ADD node_modules/recma-build-jsx
4783 silly ADD node_modules/markdown-extensions
4784 silly ADD node_modules/hast-util-to-jsx-runtime
4785 silly ADD node_modules/estree-walker
4786 silly ADD node_modules/estree-util-scope
4787 silly ADD node_modules/estree-util-is-identifier-name
4788 silly ADD node_modules/devlop
4789 silly ADD node_modules/collapse-white-space
4790 silly ADD node_modules/acorn
4791 silly ADD node_modules/@types/mdx
4792 silly ADD node_modules/@types/hast
4793 silly ADD node_modules/@types/estree-jsx
4794 silly ADD node_modules/@types/estree
4795 silly ADD node_modules/picocolors
4796 silly ADD node_modules/js-tokens
4797 silly ADD node_modules/@babel/helper-validator-identifier
4798 silly ADD node_modules/vfile-matter
4799 silly ADD node_modules/vfile
4800 silly ADD node_modules/unist-util-visit
4801 silly ADD node_modules/unist-util-remove
4802 silly ADD node_modules/@mdx-js/react
4803 silly ADD node_modules/@mdx-js/mdx
4804 silly ADD node_modules/@babel/code-frame
4805 silly ADD node_modules/tslib
4806 silly ADD node_modules/styled-jsx
4807 silly ADD node_modules/sharp
4808 silly ADD node_modules/sharp/node_modules/semver
4809 silly ADD node_modules/caniuse-lite
4810 silly ADD node_modules/baseline-browser-mapping
4811 silly ADD node_modules/@swc/helpers
4812 silly ADD node_modules/@next/swc-win32-x64-msvc
4813 silly ADD
4814 silly ADD
4815 silly ADD
4816 silly ADD
4817 silly ADD
4818 silly ADD
4819 silly ADD
4820 silly ADD node_modules/@next/env
4821 silly ADD node_modules/lightningcss-win32-x64-msvc
4822 silly ADD
4823 silly ADD
4824 silly ADD
4825 silly ADD
4826 silly ADD
4827 silly ADD
4828 silly ADD
4829 silly ADD
4830 silly ADD
4831 silly ADD
4832 silly ADD node_modules/detect-libc
4833 silly ADD node_modules/sprintf-js
4834 silly ADD node_modules/esprima
4835 silly ADD node_modules/argparse
4836 silly ADD node_modules/strip-bom-string
4837 silly ADD node_modules/section-matter
4838 silly ADD node_modules/kind-of
4839 silly ADD node_modules/js-yaml
4840 silly ADD node_modules/tapable
4841 silly ADD node_modules/graceful-fs
4842 silly ADD node_modules/csstype
4843 silly ADD node_modules/undici-types
4844 silly ADD node_modules/@tailwindcss/oxide-win32-x64-msvc
4845 silly ADD
4846 silly ADD
4847 silly ADD
4848 silly ADD
4849 silly ADD
4850 silly ADD
4851 silly ADD
4852 silly ADD
4853 silly ADD
4854 silly ADD
4855 silly ADD
4856 silly ADD node_modules/@jridgewell/resolve-uri
4857 silly ADD node_modules/@jridgewell/sourcemap-codec
4858 silly ADD node_modules/@jridgewell/trace-mapping
4859 silly ADD node_modules/@jridgewell/gen-mapping
4860 silly ADD node_modules/source-map-js
4861 silly ADD node_modules/magic-string
4862 silly ADD node_modules/lightningcss
4863 silly ADD node_modules/jiti
4864 silly ADD node_modules/enhanced-resolve
4865 silly ADD node_modules/@jridgewell/remapping
4866 silly ADD node_modules/@tailwindcss/oxide
4867 silly ADD node_modules/@tailwindcss/node
4868 silly ADD node_modules/@alloc/quick-lru
4869 silly ADD node_modules/@floating-ui/core
4870 silly ADD node_modules/@floating-ui/dom
4871 silly ADD node_modules/reselect
4872 silly ADD node_modules/use-sync-external-store
4873 silly ADD node_modules/@floating-ui/utils
4874 silly ADD node_modules/@floating-ui/react-dom
4875 silly ADD node_modules/@base-ui/utils
4876 silly ADD node_modules/@babel/runtime
4877 silly ADD node_modules/typescript
4878 silly ADD node_modules/tw-animate-css
4879 silly ADD node_modules/tailwindcss
4880 silly ADD node_modules/tailwind-merge
4881 silly ADD node_modules/shadcn
4882 silly ADD node_modules/remark-gfm
4883 silly ADD node_modules/postcss
4884 silly ADD node_modules/next-mdx-remote
4885 silly ADD node_modules/next
4886 silly ADD node_modules/next/node_modules/postcss
4887 silly ADD node_modules/lucide-react
4888 silly ADD node_modules/gray-matter
4889 silly ADD node_modules/clsx
4890 silly ADD node_modules/class-variance-authority
4891 silly ADD node_modules/@vercel/analytics
4892 silly ADD node_modules/@types/react-dom
4893 silly ADD node_modules/@types/react
4894 silly ADD node_modules/@types/node
4895 silly ADD node_modules/@tailwindcss/postcss
4896 silly ADD node_modules/react-dom
4897 silly ADD node_modules/react
4898 silly ADD node_modules/@base-ui/react
4899 verbose cwd C:\Users\alfon\Desktop\LF SITE
4900 verbose os Windows_NT 10.0.26200
4901 verbose node v22.12.0
4902 verbose npm  v10.9.0
4903 notice
4903 notice New major version of npm available! 10.9.0 -> 12.0.2
4903 notice Changelog: https://github.com/npm/cli/releases/tag/v12.0.2
4903 notice To update run: npm install -g npm@12.0.2
4903 notice  { force: true, [Symbol(proc-log.meta)]: true }
4904 verbose exit 0
4905 info ok
